{"cameraMode":{"drawMode":0,"name":"Shaded","section":"Shading Mode"},"sceneLighting":true,"audioPlay":false,"sceneViewState":{"m_AlwaysRefresh":false,"showFog":true,"showSkybox":true,"showFlares":true,"showImageEffects":true,"showParticleSystems":true,"showVisualEffectGraphs":true,"m_FxEnabled":true},"in2DMode":false,"pivot":{"x":17.527713775634767,"y":-396.6371154785156,"z":861.8483276367188},"rotation":{"x":-0.24206653237342835,"y":-0.010173004120588303,"z":0.002457729075103998,"w":-0.9702317714691162},"size":630.4412231445313,"orthographic":false}