Using pre-set license
Built from '2022.3/staging' branch; Version is '2022.3.51f1 (9f9d16c45e54) revision 10460438'; Using compiler version '192829333'; Build Type 'Release'
OS: 'Windows 11  (10.0.22631) 64bit Education' Language: 'en' Physical Memory: 7861 MB
BatchMode: 1, IsHumanControllingUs: 0, StartBugReporterOnCrash: 0, Is64bit: 1, IsPro: 1

COMMAND LINE ARGUMENTS:
C:\Program Files\Unity\Hub\Editor\2022.3.51f1\Editor\Unity.exe
-adb2
-batchMode
-noUpm
-name
AssetImportWorker0
-projectPath
C:/Users/sam.hamer/Downloads/MH2Files/motionhanging2/mh2 new movement
-logFile
Logs/AssetImportWorker0.log
-srvPort
64810
Successfully changed project path to: C:/Users/sam.hamer/Downloads/MH2Files/motionhanging2/mh2 new movement
C:/Users/sam.hamer/Downloads/MH2Files/motionhanging2/mh2 new movement
[UnityMemory] Configuration Parameters - Can be set up in boot.config
    "memorysetup-bucket-allocator-granularity=16"
    "memorysetup-bucket-allocator-bucket-count=8"
    "memorysetup-bucket-allocator-block-size=33554432"
    "memorysetup-bucket-allocator-block-count=8"
    "memorysetup-main-allocator-block-size=16777216"
    "memorysetup-thread-allocator-block-size=16777216"
    "memorysetup-gfx-main-allocator-block-size=16777216"
    "memorysetup-gfx-thread-allocator-block-size=16777216"
    "memorysetup-cache-allocator-block-size=4194304"
    "memorysetup-typetree-allocator-block-size=2097152"
    "memorysetup-profiler-bucket-allocator-granularity=16"
    "memorysetup-profiler-bucket-allocator-bucket-count=8"
    "memorysetup-profiler-bucket-allocator-block-size=33554432"
    "memorysetup-profiler-bucket-allocator-block-count=8"
    "memorysetup-profiler-allocator-block-size=16777216"
    "memorysetup-profiler-editor-allocator-block-size=1048576"
    "memorysetup-temp-allocator-size-main=16777216"
    "memorysetup-job-temp-allocator-block-size=2097152"
    "memorysetup-job-temp-allocator-block-size-background=1048576"
    "memorysetup-job-temp-allocator-reduction-small-platforms=262144"
    "memorysetup-allocator-temp-initial-block-size-main=262144"
    "memorysetup-allocator-temp-initial-block-size-worker=262144"
    "memorysetup-temp-allocator-size-background-worker=32768"
    "memorysetup-temp-allocator-size-job-worker=262144"
    "memorysetup-temp-allocator-size-preload-manager=33554432"
    "memorysetup-temp-allocator-size-nav-mesh-worker=65536"
    "memorysetup-temp-allocator-size-audio-worker=65536"
    "memorysetup-temp-allocator-size-cloud-worker=32768"
    "memorysetup-temp-allocator-size-gi-baking-worker=262144"
    "memorysetup-temp-allocator-size-gfx=262144"
Player connection [20192]  Target information:

Player connection [20192]  * "[IP] 10.222.192.246 [Port] 0 [Flags] 2 [Guid] 2114015731 [EditorId] 2114015731 [Version] 1048832 [Id] WindowsEditor(7,Z4CE244CT3B) [Debug] 1 [PackageName] WindowsEditor [ProjectName] Editor" 

Player connection [20192] Host joined multi-casting on [225.0.0.222:54997]...
Player connection [20192] Host joined alternative multi-casting on [225.0.0.222:34997]...
[PhysX] Initialized MultithreadedTaskDispatcher with 12 workers.
Refreshing native plugins compatible for Editor in 9.68 ms, found 3 plugins.
Preloading 0 native plugins for Editor in 0.00 ms.
Initialize engine version: 2022.3.51f1 (9f9d16c45e54)
[Subsystems] Discovering subsystems at path C:/Program Files/Unity/Hub/Editor/2022.3.51f1/Editor/Data/Resources/UnitySubsystems
[Subsystems] Discovering subsystems at path C:/Users/sam.hamer/Downloads/MH2Files/motionhanging2/mh2 new movement/Assets
GfxDevice: creating device client; threaded=0; jobified=0
Direct3D:
    Version:  Direct3D 11.0 [level 11.1]
    Renderer: NVIDIA T400 4GB (ID=0x1ff2)
    Vendor:   NVIDIA
    VRAM:     3956 MB
    Driver:   31.0.15.3141
Initialize mono
Mono path[0] = 'C:/Program Files/Unity/Hub/Editor/2022.3.51f1/Editor/Data/Managed'
Mono path[1] = 'C:/Program Files/Unity/Hub/Editor/2022.3.51f1/Editor/Data/MonoBleedingEdge/lib/mono/unityjit-win32'
Mono config path = 'C:/Program Files/Unity/Hub/Editor/2022.3.51f1/Editor/Data/MonoBleedingEdge/etc'
Using monoOptions --debugger-agent=transport=dt_socket,embedding=1,server=y,suspend=n,address=127.0.0.1:56492
Begin MonoManager ReloadAssembly
Registering precompiled unity dll's ...
Register platform support module: C:/Program Files/Unity/Hub/Editor/2022.3.51f1/Editor/Data/PlaybackEngines/WindowsStandaloneSupport/UnityEditor.WindowsStandalone.Extensions.dll
Registered in 0.003717 seconds.
- Loaded All Assemblies, in  0.298 seconds
Native extension for WindowsStandalone target not found
Mono: successfully reloaded assembly
- Finished resetting the current domain, in  0.231 seconds
Domain Reload Profiling: 528ms
	BeginReloadAssembly (101ms)
		ExecutionOrderSort (0ms)
		DisableScriptedObjects (0ms)
		BackupInstance (0ms)
		ReleaseScriptingObjects (0ms)
		CreateAndSetChildDomain (1ms)
	RebuildCommonClasses (29ms)
	RebuildNativeTypeToScriptingClass (7ms)
	initialDomainReloadingComplete (42ms)
	LoadAllAssembliesAndSetupDomain (118ms)
		LoadAssemblies (100ms)
		RebuildTransferFunctionScriptingTraits (0ms)
		AnalyzeDomain (116ms)
			TypeCache.Refresh (114ms)
				TypeCache.ScanAssembly (101ms)
			ScanForSourceGeneratedMonoScriptInfo (0ms)
			ResolveRequiredComponents (1ms)
	FinalizeReload (232ms)
		ReleaseScriptCaches (0ms)
		RebuildScriptCaches (0ms)
		SetupLoadedEditorAssemblies (191ms)
			LogAssemblyErrors (0ms)
			InitializePlatformSupportModulesInManaged (8ms)
			SetLoadedEditorAssemblies (6ms)
			RefreshPlugins (0ms)
			BeforeProcessingInitializeOnLoad (2ms)
			ProcessInitializeOnLoadAttributes (137ms)
			ProcessInitializeOnLoadMethodAttributes (37ms)
			AfterProcessingInitializeOnLoad (0ms)
			EditorAssembliesLoaded (0ms)
		ExecutionOrderSort2 (0ms)
		AwakeInstancesAfterBackupRestoration (0ms)
========================================================================
Worker process is ready to serve import requests
Caller must complete domain reload
Begin MonoManager ReloadAssembly
Symbol file data-00000160FC6D5BE0 doesn't match image C:\Users\sam.hamer\Downloads\MH2Files\motionhanging2\mh2 new movement\Library\ScriptAssemblies\Unity.EditorCoroutines.Editor.dll
Symbol file LoadedFromMemory is not a mono symbol file
Symbol file data-00000160FB915FF0 doesn't match image C:\Users\sam.hamer\Downloads\MH2Files\motionhanging2\mh2 new movement\Library\ScriptAssemblies\Unity.AI.Navigation.dll
Symbol file LoadedFromMemory is not a mono symbol file
Symbol file data-00000160FB915FF0 doesn't match image C:\Users\sam.hamer\Downloads\MH2Files\motionhanging2\mh2 new movement\Library\ScriptAssemblies\Unity.ProBuilder.Stl.dll
Symbol file LoadedFromMemory is not a mono symbol file
Symbol file data-00000160FAEF1B50 doesn't match image C:\Users\sam.hamer\Downloads\MH2Files\motionhanging2\mh2 new movement\Library\ScriptAssemblies\Unity.ProBuilder.dll
Symbol file LoadedFromMemory is not a mono symbol file
Symbol file data-00000160B72815F0 doesn't match image C:\Users\sam.hamer\Downloads\MH2Files\motionhanging2\mh2 new movement\Library\ScriptAssemblies\Unity.Timeline.Editor.dll
Symbol file LoadedFromMemory is not a mono symbol file
Symbol file data-00000160FB915FF0 doesn't match image C:\Users\sam.hamer\Downloads\MH2Files\motionhanging2\mh2 new movement\Library\ScriptAssemblies\Unity.VisualScripting.Shared.Editor.dll
Symbol file LoadedFromMemory is not a mono symbol file
Symbol file data-00000160FC6579C0 doesn't match image C:\Users\sam.hamer\Downloads\MH2Files\motionhanging2\mh2 new movement\Library\ScriptAssemblies\Unity.VisualStudio.Editor.dll
Symbol file LoadedFromMemory is not a mono symbol file
Symbol file data-00000160B725F560 doesn't match image C:\Users\sam.hamer\Downloads\MH2Files\motionhanging2\mh2 new movement\Library\ScriptAssemblies\UnityEditor.UI.dll
Symbol file LoadedFromMemory is not a mono symbol file
Symbol file data-00000160FC872020 doesn't match image C:\Users\sam.hamer\Downloads\MH2Files\motionhanging2\mh2 new movement\Library\ScriptAssemblies\Unity.VisualScripting.Core.dll
Symbol file LoadedFromMemory is not a mono symbol file
Symbol file data-00000160FBA1C010 doesn't match image C:\Users\sam.hamer\Downloads\MH2Files\motionhanging2\mh2 new movement\Library\ScriptAssemblies\Unity.VisualScripting.Core.Editor.dll
Symbol file LoadedFromMemory is not a mono symbol file
Symbol file data-00000160FAF13560 doesn't match image C:\Users\sam.hamer\Downloads\MH2Files\motionhanging2\mh2 new movement\Library\ScriptAssemblies\Unity.Rider.Editor.dll
Symbol file LoadedFromMemory is not a mono symbol file
Symbol file data-00000160FB915FF0 doesn't match image C:\Users\sam.hamer\Downloads\MH2Files\motionhanging2\mh2 new movement\Library\ScriptAssemblies\Unity.ProBuilder.AddOns.Editor.dll
Symbol file LoadedFromMemory is not a mono symbol file
Symbol file data-00000160FAF13560 doesn't match image C:\Users\sam.hamer\Downloads\MH2Files\motionhanging2\mh2 new movement\Library\ScriptAssemblies\UnityEngine.UI.dll
Symbol file LoadedFromMemory is not a mono symbol file
Symbol file data-00000160B7271D70 doesn't match image C:\Users\sam.hamer\Downloads\MH2Files\motionhanging2\mh2 new movement\Library\ScriptAssemblies\Unity.ProBuilder.Csg.dll
Symbol file LoadedFromMemory is not a mono symbol file
Symbol file data-00000160B72815F0 doesn't match image C:\Users\sam.hamer\Downloads\MH2Files\motionhanging2\mh2 new movement\Library\ScriptAssemblies\Unity.VisualScripting.Flow.dll
Symbol file LoadedFromMemory is not a mono symbol file
Symbol file data-00000160B72815F0 doesn't match image C:\Users\sam.hamer\Downloads\MH2Files\motionhanging2\mh2 new movement\Library\ScriptAssemblies\Unity.VisualScripting.Flow.Editor.dll
Symbol file LoadedFromMemory is not a mono symbol file
Symbol file data-00000160FB258E40 doesn't match image C:\Users\sam.hamer\Downloads\MH2Files\motionhanging2\mh2 new movement\Library\ScriptAssemblies\Unity.Timeline.dll
Symbol file LoadedFromMemory is not a mono symbol file
Symbol file data-00000160FBA6EE20 doesn't match image C:\Users\sam.hamer\Downloads\MH2Files\motionhanging2\mh2 new movement\Library\ScriptAssemblies\Unity.TestTools.CodeCoverage.Editor.OpenCover.Mono.Reflection.dll
Symbol file LoadedFromMemory is not a mono symbol file
Symbol file data-00000160FC36CA40 doesn't match image C:\Users\sam.hamer\Downloads\MH2Files\motionhanging2\mh2 new movement\Library\ScriptAssemblies\Unity.ProBuilder.Editor.dll
Symbol file LoadedFromMemory is not a mono symbol file
Symbol file data-00000160FBA73630 doesn't match image C:\Users\sam.hamer\Downloads\MH2Files\motionhanging2\mh2 new movement\Library\ScriptAssemblies\Unity.VisualScripting.SettingsProvider.Editor.dll
Symbol file LoadedFromMemory is not a mono symbol file
Symbol file data-00000160B72A5400 doesn't match image C:\Users\sam.hamer\Downloads\MH2Files\motionhanging2\mh2 new movement\Library\ScriptAssemblies\Unity.Performance.Profile-Analyzer.Editor.dll
Symbol file LoadedFromMemory is not a mono symbol file
Symbol file data-00000160FB258E40 doesn't match image C:\Users\sam.hamer\Downloads\MH2Files\motionhanging2\mh2 new movement\Library\ScriptAssemblies\Unity.TestTools.CodeCoverage.Editor.dll
Symbol file LoadedFromMemory is not a mono symbol file
Symbol file data-00000160FBA778B0 doesn't match image C:\Users\sam.hamer\Downloads\MH2Files\motionhanging2\mh2 new movement\Library\ScriptAssemblies\Unity.TestTools.CodeCoverage.Editor.OpenCover.Model.dll
Symbol file LoadedFromMemory is not a mono symbol file
Symbol file data-00000160FCB9AE30 doesn't match image C:\Users\sam.hamer\Downloads\MH2Files\motionhanging2\mh2 new movement\Library\ScriptAssemblies\Unity.PlasticSCM.Editor.dll
Symbol file LoadedFromMemory is not a mono symbol file
Symbol file data-00000160FBA778B0 doesn't match image C:\Users\sam.hamer\Downloads\MH2Files\motionhanging2\mh2 new movement\Library\ScriptAssemblies\Unity.AI.Navigation.Updater.dll
Symbol file LoadedFromMemory is not a mono symbol file
Symbol file data-00000160FC3ADE50 doesn't match image C:\Users\sam.hamer\Downloads\MH2Files\motionhanging2\mh2 new movement\Library\ScriptAssemblies\Unity.ProBuilder.Poly2Tri.dll
Symbol file LoadedFromMemory is not a mono symbol file
Symbol file data-00000160FCBB3640 doesn't match image C:\Users\sam.hamer\Downloads\MH2Files\motionhanging2\mh2 new movement\Library\ScriptAssemblies\Unity.VisualScripting.State.Editor.dll
Symbol file LoadedFromMemory is not a mono symbol file
Symbol file data-00000160FC3E7280 doesn't match image C:\Users\sam.hamer\Downloads\MH2Files\motionhanging2\mh2 new movement\Library\ScriptAssemblies\Unity.Settings.Editor.dll
Symbol file LoadedFromMemory is not a mono symbol file
Symbol file data-00000160FCBBDA50 doesn't match image C:\Users\sam.hamer\Downloads\MH2Files\motionhanging2\mh2 new movement\Library\ScriptAssemblies\Unity.ProBuilder.KdTree.dll
Symbol file LoadedFromMemory is not a mono symbol file
Symbol file data-00000160FCBBDA50 doesn't match image C:\Users\sam.hamer\Downloads\MH2Files\motionhanging2\mh2 new movement\Library\ScriptAssemblies\Unity.CollabProxy.Editor.dll
Symbol file LoadedFromMemory is not a mono symbol file
Symbol file data-00000160FB0D5880 doesn't match image C:\Users\sam.hamer\Downloads\MH2Files\motionhanging2\mh2 new movement\Library\ScriptAssemblies\Unity.TextMeshPro.dll
Symbol file LoadedFromMemory is not a mono symbol file
Symbol file data-00000160FCBBDA50 doesn't match image C:\Users\sam.hamer\Downloads\MH2Files\motionhanging2\mh2 new movement\Library\ScriptAssemblies\Unity.TextMeshPro.Editor.dll
Symbol file LoadedFromMemory is not a mono symbol file
Symbol file data-00000160FB0E5890 doesn't match image C:\Users\sam.hamer\Downloads\MH2Files\motionhanging2\mh2 new movement\Library\ScriptAssemblies\Unity.AI.Navigation.Editor.dll
Symbol file LoadedFromMemory is not a mono symbol file
Symbol file data-00000160FB0EEAA0 doesn't match image C:\Users\sam.hamer\Downloads\MH2Files\motionhanging2\mh2 new movement\Library\ScriptAssemblies\Unity.ProBuilder.AssetIdRemapUtility.dll
Symbol file LoadedFromMemory is not a mono symbol file
Symbol file data-00000160B74438C0 doesn't match image C:\Users\sam.hamer\Downloads\MH2Files\motionhanging2\mh2 new movement\Library\ScriptAssemblies\Unity.VisualScripting.State.dll
Symbol file LoadedFromMemory is not a mono symbol file
Symbol file data-00000160B74498D0 doesn't match image C:\Users\sam.hamer\Downloads\MH2Files\motionhanging2\mh2 new movement\Library\ScriptAssemblies\Unity.AI.Navigation.Editor.ConversionSystem.dll
Symbol file LoadedFromMemory is not a mono symbol file
Symbol file data-00000160B74556E0 doesn't match image C:\Users\sam.hamer\Downloads\MH2Files\motionhanging2\mh2 new movement\Library\ScriptAssemblies\Unity.VSCode.Editor.dll
Symbol file LoadedFromMemory is not a mono symbol file
- Loaded All Assemblies, in  0.892 seconds
Native extension for WindowsStandalone target not found
Mono: successfully reloaded assembly
- Finished resetting the current domain, in  0.887 seconds
Domain Reload Profiling: 1862ms
	BeginReloadAssembly (144ms)
		ExecutionOrderSort (0ms)
		DisableScriptedObjects (6ms)
		BackupInstance (0ms)
		ReleaseScriptingObjects (0ms)
		CreateAndSetChildDomain (23ms)
	RebuildCommonClasses (27ms)
	RebuildNativeTypeToScriptingClass (9ms)
	initialDomainReloadingComplete (35ms)
	LoadAllAssembliesAndSetupDomain (760ms)
		LoadAssemblies (460ms)
		RebuildTransferFunctionScriptingTraits (0ms)
		AnalyzeDomain (302ms)
			TypeCache.Refresh (259ms)
				TypeCache.ScanAssembly (200ms)
			ScanForSourceGeneratedMonoScriptInfo (26ms)
			ResolveRequiredComponents (16ms)
	FinalizeReload (887ms)
		ReleaseScriptCaches (0ms)
		RebuildScriptCaches (0ms)
		SetupLoadedEditorAssemblies (624ms)
			LogAssemblyErrors (0ms)
			InitializePlatformSupportModulesInManaged (15ms)
			SetLoadedEditorAssemblies (8ms)
			RefreshPlugins (0ms)
			BeforeProcessingInitializeOnLoad (143ms)
			ProcessInitializeOnLoadAttributes (353ms)
			ProcessInitializeOnLoadMethodAttributes (99ms)
			AfterProcessingInitializeOnLoad (6ms)
			EditorAssembliesLoaded (0ms)
		ExecutionOrderSort2 (0ms)
		AwakeInstancesAfterBackupRestoration (8ms)
Launched and connected shader compiler UnityShaderCompiler.exe after 0.06 seconds
Refreshing native plugins compatible for Editor in 8.53 ms, found 3 plugins.
Preloading 0 native plugins for Editor in 0.00 ms.
Unloading 5393 Unused Serialized files (Serialized files now loaded: 0)
Unloading 29 unused Assets / (0.8 MB). Loaded Objects now: 5872.
Memory consumption went from 215.1 MB to 214.3 MB.
Total: 7.179900 ms (FindLiveObjects: 1.689700 ms CreateObjectMapping: 0.607600 ms MarkObjects: 3.042200 ms  DeleteObjects: 1.839000 ms)

AssetImportParameters requested are different than current active one (requested -> active):
  custom:container-demuxer-ogg: 62fdf1f143b41e24485cea50d1cbac27 -> 
  custom:video-codec-MediaFoundation-h265: 746d11721c4dcdbdad8f713fa42b33f4 -> 
  custom:video-decoder-ogg-theora: a1e56fd34408186e4bbccfd4996cb3dc -> 
  custom:framework-win-MediaFoundation: 216162199b28c13a410421893ffa2e32 -> 
  custom:CustomObjectIndexerAttribute: 72b91833f83ae208fae7752999fa3104 -> 
  custom:container-demuxer-webm: 4f35f7cbe854078d1ac9338744f61a02 -> 
  custom:container-muxer-webm: aa71ff27fc2769a1b78a27578f13a17b -> 
  custom:video-decoder-webm-vp8: 9c59270c3fd7afecdb556c50c9e8de78 -> 
  custom:SearchIndexIgnoredProperties: e643bd26f0fe6173181afceb89e7c659 -> 
  custom:AudioImporter_EditorPlatform: d09bf68614088b80899f8185d706f6e7 -> 
  custom:video-encoder-webm-vp8: eb34c28f22e8b96e1ab97ce403110664 -> 
  custom:audio-decoder-ogg-vorbis: bf7c407c2cedff20999df2af8eb42d56 -> 
  custom:audio-encoder-webm-vorbis: bf7c407c2cedff20999df2af8eb42d56 -> 
========================================================================
Received Import Request.
  Time since last request: 962593.976999 seconds.
  path: Assets/scripts/Player/PlayerControllerScript.cs
  artifactKey: Guid(3ccf5fc4c113d134c82830320b9fe9b8) Importer(815301076,1909f56bfc062723c751e8b465ee728b)
Start importing Assets/scripts/Player/PlayerControllerScript.cs using Guid(3ccf5fc4c113d134c82830320b9fe9b8) Importer(815301076,1909f56bfc062723c751e8b465ee728b) [PhysX] Initialized MultithreadedTaskDispatcher with 12 workers.
 -> (artifact id: '289166cbd268b07028ce19de50e0a40c') in 0.044585 seconds
Number of updated asset objects reloaded before import = 0
Number of asset objects unloaded after import = 0
========================================================================
Received Prepare
Caller must complete domain reload
Begin MonoManager ReloadAssembly
Symbol file data-00000160FD28AC70 doesn't match image C:\Users\sam.hamer\Downloads\MH2Files\motionhanging2\mh2 new movement\Library\ScriptAssemblies\Unity.EditorCoroutines.Editor.dll
Symbol file LoadedFromMemory is not a mono symbol file
Symbol file data-00000160FD28AC70 doesn't match image C:\Users\sam.hamer\Downloads\MH2Files\motionhanging2\mh2 new movement\Library\ScriptAssemblies\Unity.AI.Navigation.dll
Symbol file LoadedFromMemory is not a mono symbol file
Symbol file data-00000160FD28AC70 doesn't match image C:\Users\sam.hamer\Downloads\MH2Files\motionhanging2\mh2 new movement\Library\ScriptAssemblies\Unity.ProBuilder.Stl.dll
Symbol file LoadedFromMemory is not a mono symbol file
Symbol file data-00000160B6F10010 doesn't match image C:\Users\sam.hamer\Downloads\MH2Files\motionhanging2\mh2 new movement\Library\ScriptAssemblies\Unity.ProBuilder.dll
Symbol file LoadedFromMemory is not a mono symbol file
Symbol file data-00000161003DF010 doesn't match image C:\Users\sam.hamer\Downloads\MH2Files\motionhanging2\mh2 new movement\Library\ScriptAssemblies\Unity.Timeline.Editor.dll
Symbol file LoadedFromMemory is not a mono symbol file
Symbol file data-00000160FD28AC70 doesn't match image C:\Users\sam.hamer\Downloads\MH2Files\motionhanging2\mh2 new movement\Library\ScriptAssemblies\Unity.VisualScripting.Shared.Editor.dll
Symbol file LoadedFromMemory is not a mono symbol file
Symbol file data-00000160FB4A92D0 doesn't match image C:\Users\sam.hamer\Downloads\MH2Files\motionhanging2\mh2 new movement\Library\ScriptAssemblies\Unity.VisualStudio.Editor.dll
Symbol file LoadedFromMemory is not a mono symbol file
Symbol file data-00000161016F9010 doesn't match image C:\Users\sam.hamer\Downloads\MH2Files\motionhanging2\mh2 new movement\Library\ScriptAssemblies\UnityEditor.UI.dll
Symbol file LoadedFromMemory is not a mono symbol file
Symbol file data-00000160FE02F040 doesn't match image C:\Users\sam.hamer\Downloads\MH2Files\motionhanging2\mh2 new movement\Library\ScriptAssemblies\Unity.VisualScripting.Core.dll
Symbol file LoadedFromMemory is not a mono symbol file
Symbol file data-00000160FCC75020 doesn't match image C:\Users\sam.hamer\Downloads\MH2Files\motionhanging2\mh2 new movement\Library\ScriptAssemblies\Unity.VisualScripting.Core.Editor.dll
Symbol file LoadedFromMemory is not a mono symbol file
Symbol file data-00000160FB8770D0 doesn't match image C:\Users\sam.hamer\Downloads\MH2Files\motionhanging2\mh2 new movement\Library\ScriptAssemblies\Unity.Rider.Editor.dll
Symbol file LoadedFromMemory is not a mono symbol file
Symbol file data-00000160FD28AC70 doesn't match image C:\Users\sam.hamer\Downloads\MH2Files\motionhanging2\mh2 new movement\Library\ScriptAssemblies\Unity.ProBuilder.AddOns.Editor.dll
Symbol file LoadedFromMemory is not a mono symbol file
Symbol file data-00000160FAEAFDC0 doesn't match image C:\Users\sam.hamer\Downloads\MH2Files\motionhanging2\mh2 new movement\Library\ScriptAssemblies\UnityEngine.UI.dll
Symbol file LoadedFromMemory is not a mono symbol file
Symbol file data-00000160FB6A2A00 doesn't match image C:\Users\sam.hamer\Downloads\MH2Files\motionhanging2\mh2 new movement\Library\ScriptAssemblies\Unity.ProBuilder.Csg.dll
Symbol file LoadedFromMemory is not a mono symbol file
Symbol file data-00000160B6F10010 doesn't match image C:\Users\sam.hamer\Downloads\MH2Files\motionhanging2\mh2 new movement\Library\ScriptAssemblies\Unity.VisualScripting.Flow.dll
Symbol file LoadedFromMemory is not a mono symbol file
Symbol file data-00000160FDC8CA30 doesn't match image C:\Users\sam.hamer\Downloads\MH2Files\motionhanging2\mh2 new movement\Library\ScriptAssemblies\Unity.VisualScripting.Flow.Editor.dll
Symbol file LoadedFromMemory is not a mono symbol file
Symbol file data-00000160FB300010 doesn't match image C:\Users\sam.hamer\Downloads\MH2Files\motionhanging2\mh2 new movement\Library\ScriptAssemblies\Unity.Timeline.dll
Symbol file LoadedFromMemory is not a mono symbol file
Symbol file data-00000160FB8770D0 doesn't match image C:\Users\sam.hamer\Downloads\MH2Files\motionhanging2\mh2 new movement\Library\ScriptAssemblies\Unity.TestTools.CodeCoverage.Editor.OpenCover.Mono.Reflection.dll
Symbol file LoadedFromMemory is not a mono symbol file
Symbol file data-00000160FB8DB010 doesn't match image C:\Users\sam.hamer\Downloads\MH2Files\motionhanging2\mh2 new movement\Library\ScriptAssemblies\Unity.ProBuilder.Editor.dll
Symbol file LoadedFromMemory is not a mono symbol file
Symbol file data-00000160FB87B8E0 doesn't match image C:\Users\sam.hamer\Downloads\MH2Files\motionhanging2\mh2 new movement\Library\ScriptAssemblies\Unity.VisualScripting.SettingsProvider.Editor.dll
Symbol file LoadedFromMemory is not a mono symbol file
Symbol file data-00000160FDC8CA30 doesn't match image C:\Users\sam.hamer\Downloads\MH2Files\motionhanging2\mh2 new movement\Library\ScriptAssemblies\Unity.Performance.Profile-Analyzer.Editor.dll
Symbol file LoadedFromMemory is not a mono symbol file
Symbol file data-00000160FB4A92D0 doesn't match image C:\Users\sam.hamer\Downloads\MH2Files\motionhanging2\mh2 new movement\Library\ScriptAssemblies\Unity.TestTools.CodeCoverage.Editor.dll
Symbol file LoadedFromMemory is not a mono symbol file
Symbol file data-00000160B7488020 doesn't match image C:\Users\sam.hamer\Downloads\MH2Files\motionhanging2\mh2 new movement\Library\ScriptAssemblies\Unity.TestTools.CodeCoverage.Editor.OpenCover.Model.dll
Symbol file LoadedFromMemory is not a mono symbol file
Symbol file data-00000160FCB9AE30 doesn't match image C:\Users\sam.hamer\Downloads\MH2Files\motionhanging2\mh2 new movement\Library\ScriptAssemblies\Unity.PlasticSCM.Editor.dll
Symbol file LoadedFromMemory is not a mono symbol file
Symbol file data-00000160FB87B8E0 doesn't match image C:\Users\sam.hamer\Downloads\MH2Files\motionhanging2\mh2 new movement\Library\ScriptAssemblies\Unity.AI.Navigation.Updater.dll
Symbol file LoadedFromMemory is not a mono symbol file
Symbol file data-00000160FD7B2780 doesn't match image C:\Users\sam.hamer\Downloads\MH2Files\motionhanging2\mh2 new movement\Library\ScriptAssemblies\Unity.ProBuilder.Poly2Tri.dll
Symbol file LoadedFromMemory is not a mono symbol file
Symbol file data-00000160FD7B2780 doesn't match image C:\Users\sam.hamer\Downloads\MH2Files\motionhanging2\mh2 new movement\Library\ScriptAssemblies\Unity.VisualScripting.State.Editor.dll
Symbol file LoadedFromMemory is not a mono symbol file
Symbol file data-0000016101036470 doesn't match image C:\Users\sam.hamer\Downloads\MH2Files\motionhanging2\mh2 new movement\Library\ScriptAssemblies\Unity.Settings.Editor.dll
Symbol file LoadedFromMemory is not a mono symbol file
Symbol file data-0000016101036470 doesn't match image C:\Users\sam.hamer\Downloads\MH2Files\motionhanging2\mh2 new movement\Library\ScriptAssemblies\Unity.ProBuilder.KdTree.dll
Symbol file LoadedFromMemory is not a mono symbol file
Symbol file data-0000016101036470 doesn't match image C:\Users\sam.hamer\Downloads\MH2Files\motionhanging2\mh2 new movement\Library\ScriptAssemblies\Unity.CollabProxy.Editor.dll
Symbol file LoadedFromMemory is not a mono symbol file
Symbol file data-0000015F46833040 doesn't match image C:\Users\sam.hamer\Downloads\MH2Files\motionhanging2\mh2 new movement\Library\ScriptAssemblies\Unity.TextMeshPro.dll
Symbol file LoadedFromMemory is not a mono symbol file
Symbol file data-00000160FB300010 doesn't match image C:\Users\sam.hamer\Downloads\MH2Files\motionhanging2\mh2 new movement\Library\ScriptAssemblies\Unity.TextMeshPro.Editor.dll
Symbol file LoadedFromMemory is not a mono symbol file
Symbol file data-00000160FB7C86A0 doesn't match image C:\Users\sam.hamer\Downloads\MH2Files\motionhanging2\mh2 new movement\Library\ScriptAssemblies\Unity.AI.Navigation.Editor.dll
Symbol file LoadedFromMemory is not a mono symbol file
Symbol file data-0000015F468E6220 doesn't match image C:\Users\sam.hamer\Downloads\MH2Files\motionhanging2\mh2 new movement\Library\ScriptAssemblies\Unity.ProBuilder.AssetIdRemapUtility.dll
Symbol file LoadedFromMemory is not a mono symbol file
Symbol file data-0000015F468E6220 doesn't match image C:\Users\sam.hamer\Downloads\MH2Files\motionhanging2\mh2 new movement\Library\ScriptAssemblies\Unity.VisualScripting.State.dll
Symbol file LoadedFromMemory is not a mono symbol file
Symbol file data-00000160FC8F2030 doesn't match image C:\Users\sam.hamer\Downloads\MH2Files\motionhanging2\mh2 new movement\Library\ScriptAssemblies\Unity.AI.Navigation.Editor.ConversionSystem.dll
Symbol file LoadedFromMemory is not a mono symbol file
Symbol file data-00000160FE534790 doesn't match image C:\Users\sam.hamer\Downloads\MH2Files\motionhanging2\mh2 new movement\Library\ScriptAssemblies\Unity.VSCode.Editor.dll
Symbol file LoadedFromMemory is not a mono symbol file
- Loaded All Assemblies, in  0.622 seconds
Native extension for WindowsStandalone target not found
Mono: successfully reloaded assembly
- Finished resetting the current domain, in  1.791 seconds
Domain Reload Profiling: 2410ms
	BeginReloadAssembly (213ms)
		ExecutionOrderSort (0ms)
		DisableScriptedObjects (5ms)
		BackupInstance (0ms)
		ReleaseScriptingObjects (0ms)
		CreateAndSetChildDomain (64ms)
	RebuildCommonClasses (31ms)
	RebuildNativeTypeToScriptingClass (8ms)
	initialDomainReloadingComplete (40ms)
	LoadAllAssembliesAndSetupDomain (326ms)
		LoadAssemblies (389ms)
		RebuildTransferFunctionScriptingTraits (0ms)
		AnalyzeDomain (44ms)
			TypeCache.Refresh (10ms)
				TypeCache.ScanAssembly (0ms)
			ScanForSourceGeneratedMonoScriptInfo (23ms)
			ResolveRequiredComponents (9ms)
	FinalizeReload (1792ms)
		ReleaseScriptCaches (0ms)
		RebuildScriptCaches (0ms)
		SetupLoadedEditorAssemblies (448ms)
			LogAssemblyErrors (0ms)
			InitializePlatformSupportModulesInManaged (7ms)
			SetLoadedEditorAssemblies (6ms)
			RefreshPlugins (0ms)
			BeforeProcessingInitializeOnLoad (79ms)
			ProcessInitializeOnLoadAttributes (283ms)
			ProcessInitializeOnLoadMethodAttributes (68ms)
			AfterProcessingInitializeOnLoad (5ms)
			EditorAssembliesLoaded (0ms)
		ExecutionOrderSort2 (0ms)
		AwakeInstancesAfterBackupRestoration (6ms)
Refreshing native plugins compatible for Editor in 4.10 ms, found 3 plugins.
Preloading 0 native plugins for Editor in 0.00 ms.
Unloading 5274 Unused Serialized files (Serialized files now loaded: 0)
Unloading 24 unused Assets / (0.7 MB). Loaded Objects now: 5875.
Memory consumption went from 188.3 MB to 187.6 MB.
Total: 4.332700 ms (FindLiveObjects: 0.409800 ms CreateObjectMapping: 0.223900 ms MarkObjects: 3.156200 ms  DeleteObjects: 0.541700 ms)

Prepare: number of updated asset objects reloaded= 0
AssetImportParameters requested are different than current active one (requested -> active):
  custom:container-demuxer-ogg: 62fdf1f143b41e24485cea50d1cbac27 -> 
  custom:video-codec-MediaFoundation-h265: 746d11721c4dcdbdad8f713fa42b33f4 -> 
  custom:video-decoder-ogg-theora: a1e56fd34408186e4bbccfd4996cb3dc -> 
  custom:framework-win-MediaFoundation: 216162199b28c13a410421893ffa2e32 -> 
  custom:CustomObjectIndexerAttribute: 72b91833f83ae208fae7752999fa3104 -> 
  custom:container-demuxer-webm: 4f35f7cbe854078d1ac9338744f61a02 -> 
  custom:container-muxer-webm: aa71ff27fc2769a1b78a27578f13a17b -> 
  custom:video-decoder-webm-vp8: 9c59270c3fd7afecdb556c50c9e8de78 -> 
  custom:SearchIndexIgnoredProperties: e643bd26f0fe6173181afceb89e7c659 -> 
  custom:AudioImporter_EditorPlatform: d09bf68614088b80899f8185d706f6e7 -> 
  custom:video-encoder-webm-vp8: eb34c28f22e8b96e1ab97ce403110664 -> 
  custom:audio-decoder-ogg-vorbis: bf7c407c2cedff20999df2af8eb42d56 -> 
  custom:audio-encoder-webm-vorbis: bf7c407c2cedff20999df2af8eb42d56 -> 
========================================================================
Received Prepare
Caller must complete domain reload
Begin MonoManager ReloadAssembly
Symbol file data-00000160FDCB6790 doesn't match image C:\Users\sam.hamer\Downloads\MH2Files\motionhanging2\mh2 new movement\Library\ScriptAssemblies\Unity.EditorCoroutines.Editor.dll
Symbol file LoadedFromMemory is not a mono symbol file
Symbol file data-00000160FAED2CF0 doesn't match image C:\Users\sam.hamer\Downloads\MH2Files\motionhanging2\mh2 new movement\Library\ScriptAssemblies\Unity.AI.Navigation.dll
Symbol file LoadedFromMemory is not a mono symbol file
Symbol file data-00000160FAED2CF0 doesn't match image C:\Users\sam.hamer\Downloads\MH2Files\motionhanging2\mh2 new movement\Library\ScriptAssemblies\Unity.ProBuilder.Stl.dll
Symbol file LoadedFromMemory is not a mono symbol file
Symbol file data-0000016100583020 doesn't match image C:\Users\sam.hamer\Downloads\MH2Files\motionhanging2\mh2 new movement\Library\ScriptAssemblies\Unity.ProBuilder.dll
Symbol file LoadedFromMemory is not a mono symbol file
Symbol file data-0000016101385050 doesn't match image C:\Users\sam.hamer\Downloads\MH2Files\motionhanging2\mh2 new movement\Library\ScriptAssemblies\Unity.Timeline.Editor.dll
Symbol file LoadedFromMemory is not a mono symbol file
Symbol file data-00000160FAED2CF0 doesn't match image C:\Users\sam.hamer\Downloads\MH2Files\motionhanging2\mh2 new movement\Library\ScriptAssemblies\Unity.VisualScripting.Shared.Editor.dll
Symbol file LoadedFromMemory is not a mono symbol file
Symbol file data-00000160FCC0BC40 doesn't match image C:\Users\sam.hamer\Downloads\MH2Files\motionhanging2\mh2 new movement\Library\ScriptAssemblies\Unity.VisualStudio.Editor.dll
Symbol file LoadedFromMemory is not a mono symbol file
Symbol file data-00000160FC9BA070 doesn't match image C:\Users\sam.hamer\Downloads\MH2Files\motionhanging2\mh2 new movement\Library\ScriptAssemblies\UnityEditor.UI.dll
Symbol file LoadedFromMemory is not a mono symbol file
Symbol file data-0000015F46F01040 doesn't match image C:\Users\sam.hamer\Downloads\MH2Files\motionhanging2\mh2 new movement\Library\ScriptAssemblies\Unity.VisualScripting.Core.dll
Symbol file LoadedFromMemory is not a mono symbol file
Symbol file data-0000015F466DD010 doesn't match image C:\Users\sam.hamer\Downloads\MH2Files\motionhanging2\mh2 new movement\Library\ScriptAssemblies\Unity.VisualScripting.Core.Editor.dll
Symbol file LoadedFromMemory is not a mono symbol file
Symbol file data-00000160FCFF0020 doesn't match image C:\Users\sam.hamer\Downloads\MH2Files\motionhanging2\mh2 new movement\Library\ScriptAssemblies\Unity.Rider.Editor.dll
Symbol file LoadedFromMemory is not a mono symbol file
Symbol file data-00000160FAED2CF0 doesn't match image C:\Users\sam.hamer\Downloads\MH2Files\motionhanging2\mh2 new movement\Library\ScriptAssemblies\Unity.ProBuilder.AddOns.Editor.dll
Symbol file LoadedFromMemory is not a mono symbol file
Symbol file data-0000016100583020 doesn't match image C:\Users\sam.hamer\Downloads\MH2Files\motionhanging2\mh2 new movement\Library\ScriptAssemblies\UnityEngine.UI.dll
Symbol file LoadedFromMemory is not a mono symbol file
Symbol file data-00000160FB48D020 doesn't match image C:\Users\sam.hamer\Downloads\MH2Files\motionhanging2\mh2 new movement\Library\ScriptAssemblies\Unity.ProBuilder.Csg.dll
Symbol file LoadedFromMemory is not a mono symbol file
Symbol file data-0000016100583020 doesn't match image C:\Users\sam.hamer\Downloads\MH2Files\motionhanging2\mh2 new movement\Library\ScriptAssemblies\Unity.VisualScripting.Flow.dll
Symbol file LoadedFromMemory is not a mono symbol file
Symbol file data-0000015F4690F010 doesn't match image C:\Users\sam.hamer\Downloads\MH2Files\motionhanging2\mh2 new movement\Library\ScriptAssemblies\Unity.VisualScripting.Flow.Editor.dll
Symbol file LoadedFromMemory is not a mono symbol file
Symbol file data-0000015F46A05010 doesn't match image C:\Users\sam.hamer\Downloads\MH2Files\motionhanging2\mh2 new movement\Library\ScriptAssemblies\Unity.Timeline.dll
Symbol file LoadedFromMemory is not a mono symbol file
Symbol file data-00000160FB9BD010 doesn't match image C:\Users\sam.hamer\Downloads\MH2Files\motionhanging2\mh2 new movement\Library\ScriptAssemblies\Unity.TestTools.CodeCoverage.Editor.OpenCover.Mono.Reflection.dll
Symbol file LoadedFromMemory is not a mono symbol file
Symbol file data-0000016100AF4910 doesn't match image C:\Users\sam.hamer\Downloads\MH2Files\motionhanging2\mh2 new movement\Library\ScriptAssemblies\Unity.ProBuilder.Editor.dll
Symbol file LoadedFromMemory is not a mono symbol file
Symbol file data-00000160FB8770D0 doesn't match image C:\Users\sam.hamer\Downloads\MH2Files\motionhanging2\mh2 new movement\Library\ScriptAssemblies\Unity.VisualScripting.SettingsProvider.Editor.dll
Symbol file LoadedFromMemory is not a mono symbol file
Symbol file data-0000015F4690F010 doesn't match image C:\Users\sam.hamer\Downloads\MH2Files\motionhanging2\mh2 new movement\Library\ScriptAssemblies\Unity.Performance.Profile-Analyzer.Editor.dll
Symbol file LoadedFromMemory is not a mono symbol file
Symbol file data-00000160FC8F2030 doesn't match image C:\Users\sam.hamer\Downloads\MH2Files\motionhanging2\mh2 new movement\Library\ScriptAssemblies\Unity.TestTools.CodeCoverage.Editor.dll
Symbol file LoadedFromMemory is not a mono symbol file
Symbol file data-00000160B7488020 doesn't match image C:\Users\sam.hamer\Downloads\MH2Files\motionhanging2\mh2 new movement\Library\ScriptAssemblies\Unity.TestTools.CodeCoverage.Editor.OpenCover.Model.dll
Symbol file LoadedFromMemory is not a mono symbol file
Symbol file data-0000016101385050 doesn't match image C:\Users\sam.hamer\Downloads\MH2Files\motionhanging2\mh2 new movement\Library\ScriptAssemblies\Unity.PlasticSCM.Editor.dll
Symbol file LoadedFromMemory is not a mono symbol file
Symbol file data-00000160B7488020 doesn't match image C:\Users\sam.hamer\Downloads\MH2Files\motionhanging2\mh2 new movement\Library\ScriptAssemblies\Unity.AI.Navigation.Updater.dll
Symbol file LoadedFromMemory is not a mono symbol file
Symbol file data-00000160FCFF0020 doesn't match image C:\Users\sam.hamer\Downloads\MH2Files\motionhanging2\mh2 new movement\Library\ScriptAssemblies\Unity.ProBuilder.Poly2Tri.dll
Symbol file LoadedFromMemory is not a mono symbol file
Symbol file data-00000160FC9BA070 doesn't match image C:\Users\sam.hamer\Downloads\MH2Files\motionhanging2\mh2 new movement\Library\ScriptAssemblies\Unity.VisualScripting.State.Editor.dll
Symbol file LoadedFromMemory is not a mono symbol file
Symbol file data-00000160FCFF0020 doesn't match image C:\Users\sam.hamer\Downloads\MH2Files\motionhanging2\mh2 new movement\Library\ScriptAssemblies\Unity.Settings.Editor.dll
Symbol file LoadedFromMemory is not a mono symbol file
Symbol file data-00000160FC9BA070 doesn't match image C:\Users\sam.hamer\Downloads\MH2Files\motionhanging2\mh2 new movement\Library\ScriptAssemblies\Unity.ProBuilder.KdTree.dll
Symbol file LoadedFromMemory is not a mono symbol file
Symbol file data-00000160FC9BA070 doesn't match image C:\Users\sam.hamer\Downloads\MH2Files\motionhanging2\mh2 new movement\Library\ScriptAssemblies\Unity.CollabProxy.Editor.dll
Symbol file LoadedFromMemory is not a mono symbol file
Symbol file data-00000160FB677050 doesn't match image C:\Users\sam.hamer\Downloads\MH2Files\motionhanging2\mh2 new movement\Library\ScriptAssemblies\Unity.TextMeshPro.dll
Symbol file LoadedFromMemory is not a mono symbol file
Symbol file data-0000015F46A05010 doesn't match image C:\Users\sam.hamer\Downloads\MH2Files\motionhanging2\mh2 new movement\Library\ScriptAssemblies\Unity.TextMeshPro.Editor.dll
Symbol file LoadedFromMemory is not a mono symbol file
Symbol file data-0000016101ACB460 doesn't match image C:\Users\sam.hamer\Downloads\MH2Files\motionhanging2\mh2 new movement\Library\ScriptAssemblies\Unity.AI.Navigation.Editor.dll
Symbol file LoadedFromMemory is not a mono symbol file
Symbol file data-00000161016FD290 doesn't match image C:\Users\sam.hamer\Downloads\MH2Files\motionhanging2\mh2 new movement\Library\ScriptAssemblies\Unity.ProBuilder.AssetIdRemapUtility.dll
Symbol file LoadedFromMemory is not a mono symbol file
Symbol file data-00000161016FD290 doesn't match image C:\Users\sam.hamer\Downloads\MH2Files\motionhanging2\mh2 new movement\Library\ScriptAssemblies\Unity.VisualScripting.State.dll
Symbol file LoadedFromMemory is not a mono symbol file
Symbol file data-00000160FC8F2030 doesn't match image C:\Users\sam.hamer\Downloads\MH2Files\motionhanging2\mh2 new movement\Library\ScriptAssemblies\Unity.AI.Navigation.Editor.ConversionSystem.dll
Symbol file LoadedFromMemory is not a mono symbol file
Symbol file data-00000160FAF9E2D0 doesn't match image C:\Users\sam.hamer\Downloads\MH2Files\motionhanging2\mh2 new movement\Library\ScriptAssemblies\Unity.VSCode.Editor.dll
Symbol file LoadedFromMemory is not a mono symbol file
- Loaded All Assemblies, in  0.530 seconds
Native extension for WindowsStandalone target not found
Mono: successfully reloaded assembly
- Finished resetting the current domain, in  1.080 seconds
Domain Reload Profiling: 1608ms
	BeginReloadAssembly (149ms)
		ExecutionOrderSort (0ms)
		DisableScriptedObjects (4ms)
		BackupInstance (0ms)
		ReleaseScriptingObjects (0ms)
		CreateAndSetChildDomain (29ms)
	RebuildCommonClasses (29ms)
	RebuildNativeTypeToScriptingClass (9ms)
	initialDomainReloadingComplete (27ms)
	LoadAllAssembliesAndSetupDomain (314ms)
		LoadAssemblies (381ms)
		RebuildTransferFunctionScriptingTraits (0ms)
		AnalyzeDomain (16ms)
			TypeCache.Refresh (6ms)
				TypeCache.ScanAssembly (0ms)
			ScanForSourceGeneratedMonoScriptInfo (0ms)
			ResolveRequiredComponents (9ms)
	FinalizeReload (1081ms)
		ReleaseScriptCaches (0ms)
		RebuildScriptCaches (0ms)
		SetupLoadedEditorAssemblies (455ms)
			LogAssemblyErrors (0ms)
			InitializePlatformSupportModulesInManaged (7ms)
			SetLoadedEditorAssemblies (6ms)
			RefreshPlugins (0ms)
			BeforeProcessingInitializeOnLoad (80ms)
			ProcessInitializeOnLoadAttributes (292ms)
			ProcessInitializeOnLoadMethodAttributes (65ms)
			AfterProcessingInitializeOnLoad (5ms)
			EditorAssembliesLoaded (0ms)
		ExecutionOrderSort2 (0ms)
		AwakeInstancesAfterBackupRestoration (6ms)
Refreshing native plugins compatible for Editor in 3.71 ms, found 3 plugins.
Preloading 0 native plugins for Editor in 0.00 ms.
Unloading 5275 Unused Serialized files (Serialized files now loaded: 0)
Unloading 24 unused Assets / (0.7 MB). Loaded Objects now: 5878.
Memory consumption went from 188.5 MB to 187.8 MB.
Total: 3.506000 ms (FindLiveObjects: 0.380900 ms CreateObjectMapping: 0.288300 ms MarkObjects: 2.418500 ms  DeleteObjects: 0.417000 ms)

Prepare: number of updated asset objects reloaded= 0
AssetImportParameters requested are different than current active one (requested -> active):
  custom:container-demuxer-ogg: 62fdf1f143b41e24485cea50d1cbac27 -> 
  custom:video-codec-MediaFoundation-h265: 746d11721c4dcdbdad8f713fa42b33f4 -> 
  custom:video-decoder-ogg-theora: a1e56fd34408186e4bbccfd4996cb3dc -> 
  custom:framework-win-MediaFoundation: 216162199b28c13a410421893ffa2e32 -> 
  custom:CustomObjectIndexerAttribute: 72b91833f83ae208fae7752999fa3104 -> 
  custom:container-demuxer-webm: 4f35f7cbe854078d1ac9338744f61a02 -> 
  custom:container-muxer-webm: aa71ff27fc2769a1b78a27578f13a17b -> 
  custom:video-decoder-webm-vp8: 9c59270c3fd7afecdb556c50c9e8de78 -> 
  custom:SearchIndexIgnoredProperties: e643bd26f0fe6173181afceb89e7c659 -> 
  custom:AudioImporter_EditorPlatform: d09bf68614088b80899f8185d706f6e7 -> 
  custom:video-encoder-webm-vp8: eb34c28f22e8b96e1ab97ce403110664 -> 
  custom:audio-decoder-ogg-vorbis: bf7c407c2cedff20999df2af8eb42d56 -> 
  custom:audio-encoder-webm-vorbis: bf7c407c2cedff20999df2af8eb42d56 -> 
========================================================================
Received Prepare
Caller must complete domain reload
Begin MonoManager ReloadAssembly
Symbol file data-00000161033DC4B0 doesn't match image C:\Users\sam.hamer\Downloads\MH2Files\motionhanging2\mh2 new movement\Library\ScriptAssemblies\Unity.EditorCoroutines.Editor.dll
Symbol file LoadedFromMemory is not a mono symbol file
Symbol file data-00000160FDCB6380 doesn't match image C:\Users\sam.hamer\Downloads\MH2Files\motionhanging2\mh2 new movement\Library\ScriptAssemblies\Unity.AI.Navigation.dll
Symbol file LoadedFromMemory is not a mono symbol file
Symbol file data-0000015F47023010 doesn't match image C:\Users\sam.hamer\Downloads\MH2Files\motionhanging2\mh2 new movement\Library\ScriptAssemblies\Unity.ProBuilder.Stl.dll
Symbol file LoadedFromMemory is not a mono symbol file
Symbol file data-00000161473C6010 doesn't match image C:\Users\sam.hamer\Downloads\MH2Files\motionhanging2\mh2 new movement\Library\ScriptAssemblies\Unity.ProBuilder.dll
Symbol file LoadedFromMemory is not a mono symbol file
Symbol file data-0000016102A8A030 doesn't match image C:\Users\sam.hamer\Downloads\MH2Files\motionhanging2\mh2 new movement\Library\ScriptAssemblies\Unity.Timeline.Editor.dll
Symbol file LoadedFromMemory is not a mono symbol file
Symbol file data-00000161033DC4B0 doesn't match image C:\Users\sam.hamer\Downloads\MH2Files\motionhanging2\mh2 new movement\Library\ScriptAssemblies\Unity.VisualScripting.Shared.Editor.dll
Symbol file LoadedFromMemory is not a mono symbol file
Symbol file data-00000160FE556030 doesn't match image C:\Users\sam.hamer\Downloads\MH2Files\motionhanging2\mh2 new movement\Library\ScriptAssemblies\Unity.VisualStudio.Editor.dll
Symbol file LoadedFromMemory is not a mono symbol file
Symbol file data-0000016101DA21E0 doesn't match image C:\Users\sam.hamer\Downloads\MH2Files\motionhanging2\mh2 new movement\Library\ScriptAssemblies\UnityEditor.UI.dll
Symbol file LoadedFromMemory is not a mono symbol file
Symbol file data-00000160FE02F040 doesn't match image C:\Users\sam.hamer\Downloads\MH2Files\motionhanging2\mh2 new movement\Library\ScriptAssemblies\Unity.VisualScripting.Core.dll
Symbol file LoadedFromMemory is not a mono symbol file
Symbol file data-00000160FAE54010 doesn't match image C:\Users\sam.hamer\Downloads\MH2Files\motionhanging2\mh2 new movement\Library\ScriptAssemblies\Unity.VisualScripting.Core.Editor.dll
Symbol file LoadedFromMemory is not a mono symbol file
Symbol file data-0000016101036470 doesn't match image C:\Users\sam.hamer\Downloads\MH2Files\motionhanging2\mh2 new movement\Library\ScriptAssemblies\Unity.Rider.Editor.dll
Symbol file LoadedFromMemory is not a mono symbol file
Symbol file data-000001610234BAC0 doesn't match image C:\Users\sam.hamer\Downloads\MH2Files\motionhanging2\mh2 new movement\Library\ScriptAssemblies\Unity.ProBuilder.AddOns.Editor.dll
Symbol file LoadedFromMemory is not a mono symbol file
Symbol file data-00000160FB931010 doesn't match image C:\Users\sam.hamer\Downloads\MH2Files\motionhanging2\mh2 new movement\Library\ScriptAssemblies\UnityEngine.UI.dll
Symbol file LoadedFromMemory is not a mono symbol file
Symbol file data-000001610039FA50 doesn't match image C:\Users\sam.hamer\Downloads\MH2Files\motionhanging2\mh2 new movement\Library\ScriptAssemblies\Unity.ProBuilder.Csg.dll
Symbol file LoadedFromMemory is not a mono symbol file
Symbol file data-0000016101FA83F0 doesn't match image C:\Users\sam.hamer\Downloads\MH2Files\motionhanging2\mh2 new movement\Library\ScriptAssemblies\Unity.VisualScripting.Flow.dll
Symbol file LoadedFromMemory is not a mono symbol file
Symbol file data-0000015F4667D010 doesn't match image C:\Users\sam.hamer\Downloads\MH2Files\motionhanging2\mh2 new movement\Library\ScriptAssemblies\Unity.VisualScripting.Flow.Editor.dll
Symbol file LoadedFromMemory is not a mono symbol file
Symbol file data-00000160FB965010 doesn't match image C:\Users\sam.hamer\Downloads\MH2Files\motionhanging2\mh2 new movement\Library\ScriptAssemblies\Unity.Timeline.dll
Symbol file LoadedFromMemory is not a mono symbol file
Symbol file data-00000160FCFA7010 doesn't match image C:\Users\sam.hamer\Downloads\MH2Files\motionhanging2\mh2 new movement\Library\ScriptAssemblies\Unity.TestTools.CodeCoverage.Editor.OpenCover.Mono.Reflection.dll
Symbol file LoadedFromMemory is not a mono symbol file
Symbol file data-00000161025C8830 doesn't match image C:\Users\sam.hamer\Downloads\MH2Files\motionhanging2\mh2 new movement\Library\ScriptAssemblies\Unity.ProBuilder.Editor.dll
Symbol file LoadedFromMemory is not a mono symbol file
Symbol file data-0000016102BDC970 doesn't match image C:\Users\sam.hamer\Downloads\MH2Files\motionhanging2\mh2 new movement\Library\ScriptAssemblies\Unity.VisualScripting.SettingsProvider.Editor.dll
Symbol file LoadedFromMemory is not a mono symbol file
Symbol file data-0000015F4667D010 doesn't match image C:\Users\sam.hamer\Downloads\MH2Files\motionhanging2\mh2 new movement\Library\ScriptAssemblies\Unity.Performance.Profile-Analyzer.Editor.dll
Symbol file LoadedFromMemory is not a mono symbol file
Symbol file data-0000016102503440 doesn't match image C:\Users\sam.hamer\Downloads\MH2Files\motionhanging2\mh2 new movement\Library\ScriptAssemblies\Unity.TestTools.CodeCoverage.Editor.dll
Symbol file LoadedFromMemory is not a mono symbol file
Symbol file data-0000016101EB7D20 doesn't match image C:\Users\sam.hamer\Downloads\MH2Files\motionhanging2\mh2 new movement\Library\ScriptAssemblies\Unity.TestTools.CodeCoverage.Editor.OpenCover.Model.dll
Symbol file LoadedFromMemory is not a mono symbol file
Symbol file data-00000160FCB9AE30 doesn't match image C:\Users\sam.hamer\Downloads\MH2Files\motionhanging2\mh2 new movement\Library\ScriptAssemblies\Unity.PlasticSCM.Editor.dll
Symbol file LoadedFromMemory is not a mono symbol file
Symbol file data-0000016103A83260 doesn't match image C:\Users\sam.hamer\Downloads\MH2Files\motionhanging2\mh2 new movement\Library\ScriptAssemblies\Unity.AI.Navigation.Updater.dll
Symbol file LoadedFromMemory is not a mono symbol file
Symbol file data-00000160FB2E36A0 doesn't match image C:\Users\sam.hamer\Downloads\MH2Files\motionhanging2\mh2 new movement\Library\ScriptAssemblies\Unity.ProBuilder.Poly2Tri.dll
Symbol file LoadedFromMemory is not a mono symbol file
Symbol file data-0000016101DA21E0 doesn't match image C:\Users\sam.hamer\Downloads\MH2Files\motionhanging2\mh2 new movement\Library\ScriptAssemblies\Unity.VisualScripting.State.Editor.dll
Symbol file LoadedFromMemory is not a mono symbol file
Symbol file data-00000160FDC5CA40 doesn't match image C:\Users\sam.hamer\Downloads\MH2Files\motionhanging2\mh2 new movement\Library\ScriptAssemblies\Unity.Settings.Editor.dll
Symbol file LoadedFromMemory is not a mono symbol file
Symbol file data-0000016147083FF0 doesn't match image C:\Users\sam.hamer\Downloads\MH2Files\motionhanging2\mh2 new movement\Library\ScriptAssemblies\Unity.ProBuilder.KdTree.dll
Symbol file LoadedFromMemory is not a mono symbol file
Symbol file data-00000160FCFA7010 doesn't match image C:\Users\sam.hamer\Downloads\MH2Files\motionhanging2\mh2 new movement\Library\ScriptAssemblies\Unity.CollabProxy.Editor.dll
Symbol file LoadedFromMemory is not a mono symbol file
Symbol file data-00000161473C6010 doesn't match image C:\Users\sam.hamer\Downloads\MH2Files\motionhanging2\mh2 new movement\Library\ScriptAssemblies\Unity.TextMeshPro.dll
Symbol file LoadedFromMemory is not a mono symbol file
Symbol file data-00000160FB300010 doesn't match image C:\Users\sam.hamer\Downloads\MH2Files\motionhanging2\mh2 new movement\Library\ScriptAssemblies\Unity.TextMeshPro.Editor.dll
Symbol file LoadedFromMemory is not a mono symbol file
Symbol file data-00000160FAE3A010 doesn't match image C:\Users\sam.hamer\Downloads\MH2Files\motionhanging2\mh2 new movement\Library\ScriptAssemblies\Unity.AI.Navigation.Editor.dll
Symbol file LoadedFromMemory is not a mono symbol file
Symbol file data-0000016101EB7D20 doesn't match image C:\Users\sam.hamer\Downloads\MH2Files\motionhanging2\mh2 new movement\Library\ScriptAssemblies\Unity.ProBuilder.AssetIdRemapUtility.dll
Symbol file LoadedFromMemory is not a mono symbol file
Symbol file data-0000016101EB7D20 doesn't match image C:\Users\sam.hamer\Downloads\MH2Files\motionhanging2\mh2 new movement\Library\ScriptAssemblies\Unity.VisualScripting.State.dll
Symbol file LoadedFromMemory is not a mono symbol file
Symbol file data-00000160B71BAE90 doesn't match image C:\Users\sam.hamer\Downloads\MH2Files\motionhanging2\mh2 new movement\Library\ScriptAssemblies\Unity.AI.Navigation.Editor.ConversionSystem.dll
Symbol file LoadedFromMemory is not a mono symbol file
Symbol file data-0000016101EB7D20 doesn't match image C:\Users\sam.hamer\Downloads\MH2Files\motionhanging2\mh2 new movement\Library\ScriptAssemblies\Unity.VSCode.Editor.dll
Symbol file LoadedFromMemory is not a mono symbol file
- Loaded All Assemblies, in  0.458 seconds
Native extension for WindowsStandalone target not found
Mono: successfully reloaded assembly
- Finished resetting the current domain, in  1.034 seconds
Domain Reload Profiling: 1489ms
	BeginReloadAssembly (149ms)
		ExecutionOrderSort (0ms)
		DisableScriptedObjects (3ms)
		BackupInstance (0ms)
		ReleaseScriptingObjects (0ms)
		CreateAndSetChildDomain (30ms)
	RebuildCommonClasses (27ms)
	RebuildNativeTypeToScriptingClass (12ms)
	initialDomainReloadingComplete (22ms)
	LoadAllAssembliesAndSetupDomain (245ms)
		LoadAssemblies (313ms)
		RebuildTransferFunctionScriptingTraits (0ms)
		AnalyzeDomain (17ms)
			TypeCache.Refresh (7ms)
				TypeCache.ScanAssembly (0ms)
			ScanForSourceGeneratedMonoScriptInfo (0ms)
			ResolveRequiredComponents (9ms)
	FinalizeReload (1035ms)
		ReleaseScriptCaches (0ms)
		RebuildScriptCaches (0ms)
		SetupLoadedEditorAssemblies (462ms)
			LogAssemblyErrors (0ms)
			InitializePlatformSupportModulesInManaged (5ms)
			SetLoadedEditorAssemblies (5ms)
			RefreshPlugins (0ms)
			BeforeProcessingInitializeOnLoad (74ms)
			ProcessInitializeOnLoadAttributes (305ms)
			ProcessInitializeOnLoadMethodAttributes (67ms)
			AfterProcessingInitializeOnLoad (5ms)
			EditorAssembliesLoaded (0ms)
		ExecutionOrderSort2 (0ms)
		AwakeInstancesAfterBackupRestoration (8ms)
Refreshing native plugins compatible for Editor in 4.25 ms, found 3 plugins.
Preloading 0 native plugins for Editor in 0.00 ms.
Unloading 5275 Unused Serialized files (Serialized files now loaded: 0)
Unloading 24 unused Assets / (0.7 MB). Loaded Objects now: 5881.
Memory consumption went from 188.5 MB to 187.8 MB.
Total: 3.096100 ms (FindLiveObjects: 0.317200 ms CreateObjectMapping: 0.196400 ms MarkObjects: 2.294500 ms  DeleteObjects: 0.286700 ms)

Prepare: number of updated asset objects reloaded= 0
AssetImportParameters requested are different than current active one (requested -> active):
  custom:container-demuxer-ogg: 62fdf1f143b41e24485cea50d1cbac27 -> 
  custom:video-codec-MediaFoundation-h265: 746d11721c4dcdbdad8f713fa42b33f4 -> 
  custom:video-decoder-ogg-theora: a1e56fd34408186e4bbccfd4996cb3dc -> 
  custom:framework-win-MediaFoundation: 216162199b28c13a410421893ffa2e32 -> 
  custom:CustomObjectIndexerAttribute: 72b91833f83ae208fae7752999fa3104 -> 
  custom:container-demuxer-webm: 4f35f7cbe854078d1ac9338744f61a02 -> 
  custom:container-muxer-webm: aa71ff27fc2769a1b78a27578f13a17b -> 
  custom:video-decoder-webm-vp8: 9c59270c3fd7afecdb556c50c9e8de78 -> 
  custom:SearchIndexIgnoredProperties: e643bd26f0fe6173181afceb89e7c659 -> 
  custom:AudioImporter_EditorPlatform: d09bf68614088b80899f8185d706f6e7 -> 
  custom:video-encoder-webm-vp8: eb34c28f22e8b96e1ab97ce403110664 -> 
  custom:audio-decoder-ogg-vorbis: bf7c407c2cedff20999df2af8eb42d56 -> 
  custom:audio-encoder-webm-vorbis: bf7c407c2cedff20999df2af8eb42d56 -> 
========================================================================
Received Prepare
Caller must complete domain reload
Begin MonoManager ReloadAssembly
Symbol file data-00000161036AD320 doesn't match image C:\Users\sam.hamer\Downloads\MH2Files\motionhanging2\mh2 new movement\Library\ScriptAssemblies\Unity.EditorCoroutines.Editor.dll
Symbol file LoadedFromMemory is not a mono symbol file
Symbol file data-00000160FDCB6380 doesn't match image C:\Users\sam.hamer\Downloads\MH2Files\motionhanging2\mh2 new movement\Library\ScriptAssemblies\Unity.AI.Navigation.dll
Symbol file LoadedFromMemory is not a mono symbol file
Symbol file data-0000016103CB2340 doesn't match image C:\Users\sam.hamer\Downloads\MH2Files\motionhanging2\mh2 new movement\Library\ScriptAssemblies\Unity.ProBuilder.Stl.dll
Symbol file LoadedFromMemory is not a mono symbol file
Symbol file data-00000161473C6010 doesn't match image C:\Users\sam.hamer\Downloads\MH2Files\motionhanging2\mh2 new movement\Library\ScriptAssemblies\Unity.ProBuilder.dll
Symbol file LoadedFromMemory is not a mono symbol file
Symbol file data-0000015F46821020 doesn't match image C:\Users\sam.hamer\Downloads\MH2Files\motionhanging2\mh2 new movement\Library\ScriptAssemblies\Unity.Timeline.Editor.dll
Symbol file LoadedFromMemory is not a mono symbol file
Symbol file data-00000161027CE2D0 doesn't match image C:\Users\sam.hamer\Downloads\MH2Files\motionhanging2\mh2 new movement\Library\ScriptAssemblies\Unity.VisualScripting.Shared.Editor.dll
Symbol file LoadedFromMemory is not a mono symbol file
Symbol file data-000001610275E010 doesn't match image C:\Users\sam.hamer\Downloads\MH2Files\motionhanging2\mh2 new movement\Library\ScriptAssemblies\Unity.VisualStudio.Editor.dll
Symbol file LoadedFromMemory is not a mono symbol file
Symbol file data-00000160FB409010 doesn't match image C:\Users\sam.hamer\Downloads\MH2Files\motionhanging2\mh2 new movement\Library\ScriptAssemblies\UnityEditor.UI.dll
Symbol file LoadedFromMemory is not a mono symbol file
Symbol file data-00000160FE02F040 doesn't match image C:\Users\sam.hamer\Downloads\MH2Files\motionhanging2\mh2 new movement\Library\ScriptAssemblies\Unity.VisualScripting.Core.dll
Symbol file LoadedFromMemory is not a mono symbol file
Symbol file data-0000016100CA4010 doesn't match image C:\Users\sam.hamer\Downloads\MH2Files\motionhanging2\mh2 new movement\Library\ScriptAssemblies\Unity.VisualScripting.Core.Editor.dll
Symbol file LoadedFromMemory is not a mono symbol file
Symbol file data-0000016101036470 doesn't match image C:\Users\sam.hamer\Downloads\MH2Files\motionhanging2\mh2 new movement\Library\ScriptAssemblies\Unity.Rider.Editor.dll
Symbol file LoadedFromMemory is not a mono symbol file
Symbol file data-000001610234BAC0 doesn't match image C:\Users\sam.hamer\Downloads\MH2Files\motionhanging2\mh2 new movement\Library\ScriptAssemblies\Unity.ProBuilder.AddOns.Editor.dll
Symbol file LoadedFromMemory is not a mono symbol file
Symbol file data-00000160B6F10010 doesn't match image C:\Users\sam.hamer\Downloads\MH2Files\motionhanging2\mh2 new movement\Library\ScriptAssemblies\UnityEngine.UI.dll
Symbol file LoadedFromMemory is not a mono symbol file
Symbol file data-000001610039FA50 doesn't match image C:\Users\sam.hamer\Downloads\MH2Files\motionhanging2\mh2 new movement\Library\ScriptAssemblies\Unity.ProBuilder.Csg.dll
Symbol file LoadedFromMemory is not a mono symbol file
Symbol file data-00000160FCF14010 doesn't match image C:\Users\sam.hamer\Downloads\MH2Files\motionhanging2\mh2 new movement\Library\ScriptAssemblies\Unity.VisualScripting.Flow.dll
Symbol file LoadedFromMemory is not a mono symbol file
Symbol file data-0000015F4667D010 doesn't match image C:\Users\sam.hamer\Downloads\MH2Files\motionhanging2\mh2 new movement\Library\ScriptAssemblies\Unity.VisualScripting.Flow.Editor.dll
Symbol file LoadedFromMemory is not a mono symbol file
Symbol file data-00000161023D4020 doesn't match image C:\Users\sam.hamer\Downloads\MH2Files\motionhanging2\mh2 new movement\Library\ScriptAssemblies\Unity.Timeline.dll
Symbol file LoadedFromMemory is not a mono symbol file
Symbol file data-0000016103CB2340 doesn't match image C:\Users\sam.hamer\Downloads\MH2Files\motionhanging2\mh2 new movement\Library\ScriptAssemblies\Unity.TestTools.CodeCoverage.Editor.OpenCover.Mono.Reflection.dll
Symbol file LoadedFromMemory is not a mono symbol file
Symbol file data-00000161025C8830 doesn't match image C:\Users\sam.hamer\Downloads\MH2Files\motionhanging2\mh2 new movement\Library\ScriptAssemblies\Unity.ProBuilder.Editor.dll
Symbol file LoadedFromMemory is not a mono symbol file
Symbol file data-0000016101B0E850 doesn't match image C:\Users\sam.hamer\Downloads\MH2Files\motionhanging2\mh2 new movement\Library\ScriptAssemblies\Unity.VisualScripting.SettingsProvider.Editor.dll
Symbol file LoadedFromMemory is not a mono symbol file
Symbol file data-0000015F4667D010 doesn't match image C:\Users\sam.hamer\Downloads\MH2Files\motionhanging2\mh2 new movement\Library\ScriptAssemblies\Unity.Performance.Profile-Analyzer.Editor.dll
Symbol file LoadedFromMemory is not a mono symbol file
Symbol file data-000001614549D010 doesn't match image C:\Users\sam.hamer\Downloads\MH2Files\motionhanging2\mh2 new movement\Library\ScriptAssemblies\Unity.TestTools.CodeCoverage.Editor.dll
Symbol file LoadedFromMemory is not a mono symbol file
Symbol file data-00000160FB2B2AF0 doesn't match image C:\Users\sam.hamer\Downloads\MH2Files\motionhanging2\mh2 new movement\Library\ScriptAssemblies\Unity.TestTools.CodeCoverage.Editor.OpenCover.Model.dll
Symbol file LoadedFromMemory is not a mono symbol file
Symbol file data-00000161003DF010 doesn't match image C:\Users\sam.hamer\Downloads\MH2Files\motionhanging2\mh2 new movement\Library\ScriptAssemblies\Unity.PlasticSCM.Editor.dll
Symbol file LoadedFromMemory is not a mono symbol file
Symbol file data-0000016103CB2340 doesn't match image C:\Users\sam.hamer\Downloads\MH2Files\motionhanging2\mh2 new movement\Library\ScriptAssemblies\Unity.AI.Navigation.Updater.dll
Symbol file LoadedFromMemory is not a mono symbol file
Symbol file data-00000160FB48D020 doesn't match image C:\Users\sam.hamer\Downloads\MH2Files\motionhanging2\mh2 new movement\Library\ScriptAssemblies\Unity.ProBuilder.Poly2Tri.dll
Symbol file LoadedFromMemory is not a mono symbol file
Symbol file data-00000160FB409010 doesn't match image C:\Users\sam.hamer\Downloads\MH2Files\motionhanging2\mh2 new movement\Library\ScriptAssemblies\Unity.VisualScripting.State.Editor.dll
Symbol file LoadedFromMemory is not a mono symbol file
Symbol file data-0000015F4622E010 doesn't match image C:\Users\sam.hamer\Downloads\MH2Files\motionhanging2\mh2 new movement\Library\ScriptAssemblies\Unity.Settings.Editor.dll
Symbol file LoadedFromMemory is not a mono symbol file
Symbol file data-00000160FB2B2AF0 doesn't match image C:\Users\sam.hamer\Downloads\MH2Files\motionhanging2\mh2 new movement\Library\ScriptAssemblies\Unity.ProBuilder.KdTree.dll
Symbol file LoadedFromMemory is not a mono symbol file
Symbol file data-00000161013D3020 doesn't match image C:\Users\sam.hamer\Downloads\MH2Files\motionhanging2\mh2 new movement\Library\ScriptAssemblies\Unity.CollabProxy.Editor.dll
Symbol file LoadedFromMemory is not a mono symbol file
Symbol file data-00000161473C6010 doesn't match image C:\Users\sam.hamer\Downloads\MH2Files\motionhanging2\mh2 new movement\Library\ScriptAssemblies\Unity.TextMeshPro.dll
Symbol file LoadedFromMemory is not a mono symbol file
Symbol file data-00000161023D4020 doesn't match image C:\Users\sam.hamer\Downloads\MH2Files\motionhanging2\mh2 new movement\Library\ScriptAssemblies\Unity.TextMeshPro.Editor.dll
Symbol file LoadedFromMemory is not a mono symbol file
Symbol file data-00000161036BA4E0 doesn't match image C:\Users\sam.hamer\Downloads\MH2Files\motionhanging2\mh2 new movement\Library\ScriptAssemblies\Unity.AI.Navigation.Editor.dll
Symbol file LoadedFromMemory is not a mono symbol file
Symbol file data-00000160FB2B2AF0 doesn't match image C:\Users\sam.hamer\Downloads\MH2Files\motionhanging2\mh2 new movement\Library\ScriptAssemblies\Unity.ProBuilder.AssetIdRemapUtility.dll
Symbol file LoadedFromMemory is not a mono symbol file
Symbol file data-00000160FB2B2AF0 doesn't match image C:\Users\sam.hamer\Downloads\MH2Files\motionhanging2\mh2 new movement\Library\ScriptAssemblies\Unity.VisualScripting.State.dll
Symbol file LoadedFromMemory is not a mono symbol file
Symbol file data-0000016101EF5540 doesn't match image C:\Users\sam.hamer\Downloads\MH2Files\motionhanging2\mh2 new movement\Library\ScriptAssemblies\Unity.AI.Navigation.Editor.ConversionSystem.dll
Symbol file LoadedFromMemory is not a mono symbol file
Symbol file data-0000015F4622E010 doesn't match image C:\Users\sam.hamer\Downloads\MH2Files\motionhanging2\mh2 new movement\Library\ScriptAssemblies\Unity.VSCode.Editor.dll
Symbol file LoadedFromMemory is not a mono symbol file
- Loaded All Assemblies, in  0.476 seconds
Native extension for WindowsStandalone target not found
Mono: successfully reloaded assembly
- Finished resetting the current domain, in  0.975 seconds
Domain Reload Profiling: 1449ms
	BeginReloadAssembly (140ms)
		ExecutionOrderSort (0ms)
		DisableScriptedObjects (3ms)
		BackupInstance (0ms)
		ReleaseScriptingObjects (0ms)
		CreateAndSetChildDomain (31ms)
	RebuildCommonClasses (26ms)
	RebuildNativeTypeToScriptingClass (13ms)
	initialDomainReloadingComplete (27ms)
	LoadAllAssembliesAndSetupDomain (268ms)
		LoadAssemblies (304ms)
		RebuildTransferFunctionScriptingTraits (0ms)
		AnalyzeDomain (40ms)
			TypeCache.Refresh (12ms)
				TypeCache.ScanAssembly (0ms)
			ScanForSourceGeneratedMonoScriptInfo (17ms)
			ResolveRequiredComponents (9ms)
	FinalizeReload (976ms)
		ReleaseScriptCaches (0ms)
		RebuildScriptCaches (0ms)
		SetupLoadedEditorAssemblies (398ms)
			LogAssemblyErrors (0ms)
			InitializePlatformSupportModulesInManaged (6ms)
			SetLoadedEditorAssemblies (4ms)
			RefreshPlugins (0ms)
			BeforeProcessingInitializeOnLoad (66ms)
			ProcessInitializeOnLoadAttributes (264ms)
			ProcessInitializeOnLoadMethodAttributes (54ms)
			AfterProcessingInitializeOnLoad (4ms)
			EditorAssembliesLoaded (0ms)
		ExecutionOrderSort2 (0ms)
		AwakeInstancesAfterBackupRestoration (7ms)
Refreshing native plugins compatible for Editor in 3.25 ms, found 3 plugins.
Preloading 0 native plugins for Editor in 0.00 ms.
Unloading 5275 Unused Serialized files (Serialized files now loaded: 0)
Unloading 24 unused Assets / (0.7 MB). Loaded Objects now: 5884.
Memory consumption went from 188.7 MB to 187.9 MB.
Total: 4.003500 ms (FindLiveObjects: 0.327300 ms CreateObjectMapping: 0.181000 ms MarkObjects: 3.179700 ms  DeleteObjects: 0.314400 ms)

Prepare: number of updated asset objects reloaded= 0
AssetImportParameters requested are different than current active one (requested -> active):
  custom:container-demuxer-ogg: 62fdf1f143b41e24485cea50d1cbac27 -> 
  custom:video-codec-MediaFoundation-h265: 746d11721c4dcdbdad8f713fa42b33f4 -> 
  custom:video-decoder-ogg-theora: a1e56fd34408186e4bbccfd4996cb3dc -> 
  custom:framework-win-MediaFoundation: 216162199b28c13a410421893ffa2e32 -> 
  custom:CustomObjectIndexerAttribute: 72b91833f83ae208fae7752999fa3104 -> 
  custom:container-demuxer-webm: 4f35f7cbe854078d1ac9338744f61a02 -> 
  custom:container-muxer-webm: aa71ff27fc2769a1b78a27578f13a17b -> 
  custom:video-decoder-webm-vp8: 9c59270c3fd7afecdb556c50c9e8de78 -> 
  custom:SearchIndexIgnoredProperties: e643bd26f0fe6173181afceb89e7c659 -> 
  custom:AudioImporter_EditorPlatform: d09bf68614088b80899f8185d706f6e7 -> 
  custom:video-encoder-webm-vp8: eb34c28f22e8b96e1ab97ce403110664 -> 
  custom:audio-decoder-ogg-vorbis: bf7c407c2cedff20999df2af8eb42d56 -> 
  custom:audio-encoder-webm-vorbis: bf7c407c2cedff20999df2af8eb42d56 -> 
========================================================================
Received Prepare
Caller must complete domain reload
Begin MonoManager ReloadAssembly
Symbol file data-0000016103A83260 doesn't match image C:\Users\sam.hamer\Downloads\MH2Files\motionhanging2\mh2 new movement\Library\ScriptAssemblies\Unity.EditorCoroutines.Editor.dll
Symbol file LoadedFromMemory is not a mono symbol file
Symbol file data-00000161463BCD40 doesn't match image C:\Users\sam.hamer\Downloads\MH2Files\motionhanging2\mh2 new movement\Library\ScriptAssemblies\Unity.AI.Navigation.dll
Symbol file LoadedFromMemory is not a mono symbol file
Symbol file data-0000016103CB7DA0 doesn't match image C:\Users\sam.hamer\Downloads\MH2Files\motionhanging2\mh2 new movement\Library\ScriptAssemblies\Unity.ProBuilder.Stl.dll
Symbol file LoadedFromMemory is not a mono symbol file
Symbol file data-0000016100583020 doesn't match image C:\Users\sam.hamer\Downloads\MH2Files\motionhanging2\mh2 new movement\Library\ScriptAssemblies\Unity.ProBuilder.dll
Symbol file LoadedFromMemory is not a mono symbol file
Symbol file data-0000016102BECE80 doesn't match image C:\Users\sam.hamer\Downloads\MH2Files\motionhanging2\mh2 new movement\Library\ScriptAssemblies\Unity.Timeline.Editor.dll
Symbol file LoadedFromMemory is not a mono symbol file
Symbol file data-0000016103A83260 doesn't match image C:\Users\sam.hamer\Downloads\MH2Files\motionhanging2\mh2 new movement\Library\ScriptAssemblies\Unity.VisualScripting.Shared.Editor.dll
Symbol file LoadedFromMemory is not a mono symbol file
Symbol file data-0000015F46B0F060 doesn't match image C:\Users\sam.hamer\Downloads\MH2Files\motionhanging2\mh2 new movement\Library\ScriptAssemblies\Unity.VisualStudio.Editor.dll
Symbol file LoadedFromMemory is not a mono symbol file
Symbol file data-0000016101EB3C30 doesn't match image C:\Users\sam.hamer\Downloads\MH2Files\motionhanging2\mh2 new movement\Library\ScriptAssemblies\UnityEditor.UI.dll
Symbol file LoadedFromMemory is not a mono symbol file
Symbol file data-0000016145105E40 doesn't match image C:\Users\sam.hamer\Downloads\MH2Files\motionhanging2\mh2 new movement\Library\ScriptAssemblies\Unity.VisualScripting.Core.dll
Symbol file LoadedFromMemory is not a mono symbol file
Symbol file data-00000160FAE54010 doesn't match image C:\Users\sam.hamer\Downloads\MH2Files\motionhanging2\mh2 new movement\Library\ScriptAssemblies\Unity.VisualScripting.Core.Editor.dll
Symbol file LoadedFromMemory is not a mono symbol file
Symbol file data-00000161466C06D0 doesn't match image C:\Users\sam.hamer\Downloads\MH2Files\motionhanging2\mh2 new movement\Library\ScriptAssemblies\Unity.Rider.Editor.dll
Symbol file LoadedFromMemory is not a mono symbol file
Symbol file data-0000016146FC3020 doesn't match image C:\Users\sam.hamer\Downloads\MH2Files\motionhanging2\mh2 new movement\Library\ScriptAssemblies\Unity.ProBuilder.AddOns.Editor.dll
Symbol file LoadedFromMemory is not a mono symbol file
Symbol file data-00000160FB931010 doesn't match image C:\Users\sam.hamer\Downloads\MH2Files\motionhanging2\mh2 new movement\Library\ScriptAssemblies\UnityEngine.UI.dll
Symbol file LoadedFromMemory is not a mono symbol file
Symbol file data-00000161466B27B0 doesn't match image C:\Users\sam.hamer\Downloads\MH2Files\motionhanging2\mh2 new movement\Library\ScriptAssemblies\Unity.ProBuilder.Csg.dll
Symbol file LoadedFromMemory is not a mono symbol file
Symbol file data-0000016100583020 doesn't match image C:\Users\sam.hamer\Downloads\MH2Files\motionhanging2\mh2 new movement\Library\ScriptAssemblies\Unity.VisualScripting.Flow.dll
Symbol file LoadedFromMemory is not a mono symbol file
Symbol file data-00000161018C4020 doesn't match image C:\Users\sam.hamer\Downloads\MH2Files\motionhanging2\mh2 new movement\Library\ScriptAssemblies\Unity.VisualScripting.Flow.Editor.dll
Symbol file LoadedFromMemory is not a mono symbol file
Symbol file data-0000015F468B7020 doesn't match image C:\Users\sam.hamer\Downloads\MH2Files\motionhanging2\mh2 new movement\Library\ScriptAssemblies\Unity.Timeline.dll
Symbol file LoadedFromMemory is not a mono symbol file
Symbol file data-0000016144D06320 doesn't match image C:\Users\sam.hamer\Downloads\MH2Files\motionhanging2\mh2 new movement\Library\ScriptAssemblies\Unity.TestTools.CodeCoverage.Editor.OpenCover.Mono.Reflection.dll
Symbol file LoadedFromMemory is not a mono symbol file
Symbol file data-00000161025C8830 doesn't match image C:\Users\sam.hamer\Downloads\MH2Files\motionhanging2\mh2 new movement\Library\ScriptAssemblies\Unity.ProBuilder.Editor.dll
Symbol file LoadedFromMemory is not a mono symbol file
Symbol file data-00000160FB0B8A30 doesn't match image C:\Users\sam.hamer\Downloads\MH2Files\motionhanging2\mh2 new movement\Library\ScriptAssemblies\Unity.VisualScripting.SettingsProvider.Editor.dll
Symbol file LoadedFromMemory is not a mono symbol file
Symbol file data-00000161018C4020 doesn't match image C:\Users\sam.hamer\Downloads\MH2Files\motionhanging2\mh2 new movement\Library\ScriptAssemblies\Unity.Performance.Profile-Analyzer.Editor.dll
Symbol file LoadedFromMemory is not a mono symbol file
Symbol file data-0000015F467F7020 doesn't match image C:\Users\sam.hamer\Downloads\MH2Files\motionhanging2\mh2 new movement\Library\ScriptAssemblies\Unity.TestTools.CodeCoverage.Editor.dll
Symbol file LoadedFromMemory is not a mono symbol file
Symbol file data-00000161028B5030 doesn't match image C:\Users\sam.hamer\Downloads\MH2Files\motionhanging2\mh2 new movement\Library\ScriptAssemblies\Unity.TestTools.CodeCoverage.Editor.OpenCover.Model.dll
Symbol file LoadedFromMemory is not a mono symbol file
Symbol file data-00000160B72815F0 doesn't match image C:\Users\sam.hamer\Downloads\MH2Files\motionhanging2\mh2 new movement\Library\ScriptAssemblies\Unity.PlasticSCM.Editor.dll
Symbol file LoadedFromMemory is not a mono symbol file
Symbol file data-0000016102498FD0 doesn't match image C:\Users\sam.hamer\Downloads\MH2Files\motionhanging2\mh2 new movement\Library\ScriptAssemblies\Unity.AI.Navigation.Updater.dll
Symbol file LoadedFromMemory is not a mono symbol file
Symbol file data-00000160FD28AC70 doesn't match image C:\Users\sam.hamer\Downloads\MH2Files\motionhanging2\mh2 new movement\Library\ScriptAssemblies\Unity.ProBuilder.Poly2Tri.dll
Symbol file LoadedFromMemory is not a mono symbol file
Symbol file data-00000161463D86C0 doesn't match image C:\Users\sam.hamer\Downloads\MH2Files\motionhanging2\mh2 new movement\Library\ScriptAssemblies\Unity.VisualScripting.State.Editor.dll
Symbol file LoadedFromMemory is not a mono symbol file
Symbol file data-00000161454A5020 doesn't match image C:\Users\sam.hamer\Downloads\MH2Files\motionhanging2\mh2 new movement\Library\ScriptAssemblies\Unity.Settings.Editor.dll
Symbol file LoadedFromMemory is not a mono symbol file
Symbol file data-00000161028B5030 doesn't match image C:\Users\sam.hamer\Downloads\MH2Files\motionhanging2\mh2 new movement\Library\ScriptAssemblies\Unity.ProBuilder.KdTree.dll
Symbol file LoadedFromMemory is not a mono symbol file
Symbol file data-00000161463E6540 doesn't match image C:\Users\sam.hamer\Downloads\MH2Files\motionhanging2\mh2 new movement\Library\ScriptAssemblies\Unity.CollabProxy.Editor.dll
Symbol file LoadedFromMemory is not a mono symbol file
Symbol file data-0000016100583020 doesn't match image C:\Users\sam.hamer\Downloads\MH2Files\motionhanging2\mh2 new movement\Library\ScriptAssemblies\Unity.TextMeshPro.dll
Symbol file LoadedFromMemory is not a mono symbol file
Symbol file data-00000160FB38C830 doesn't match image C:\Users\sam.hamer\Downloads\MH2Files\motionhanging2\mh2 new movement\Library\ScriptAssemblies\Unity.TextMeshPro.Editor.dll
Symbol file LoadedFromMemory is not a mono symbol file
Symbol file data-00000161036BA4E0 doesn't match image C:\Users\sam.hamer\Downloads\MH2Files\motionhanging2\mh2 new movement\Library\ScriptAssemblies\Unity.AI.Navigation.Editor.dll
Symbol file LoadedFromMemory is not a mono symbol file
Symbol file data-00000161028B5030 doesn't match image C:\Users\sam.hamer\Downloads\MH2Files\motionhanging2\mh2 new movement\Library\ScriptAssemblies\Unity.ProBuilder.AssetIdRemapUtility.dll
Symbol file LoadedFromMemory is not a mono symbol file
Symbol file data-00000161028B5030 doesn't match image C:\Users\sam.hamer\Downloads\MH2Files\motionhanging2\mh2 new movement\Library\ScriptAssemblies\Unity.VisualScripting.State.dll
Symbol file LoadedFromMemory is not a mono symbol file
Symbol file data-00000160FE592090 doesn't match image C:\Users\sam.hamer\Downloads\MH2Files\motionhanging2\mh2 new movement\Library\ScriptAssemblies\Unity.AI.Navigation.Editor.ConversionSystem.dll
Symbol file LoadedFromMemory is not a mono symbol file
Symbol file data-00000161028B5030 doesn't match image C:\Users\sam.hamer\Downloads\MH2Files\motionhanging2\mh2 new movement\Library\ScriptAssemblies\Unity.VSCode.Editor.dll
Symbol file LoadedFromMemory is not a mono symbol file
- Loaded All Assemblies, in  0.450 seconds
Native extension for WindowsStandalone target not found
Mono: successfully reloaded assembly
- Finished resetting the current domain, in  0.978 seconds
Domain Reload Profiling: 1426ms
	BeginReloadAssembly (144ms)
		ExecutionOrderSort (0ms)
		DisableScriptedObjects (8ms)
		BackupInstance (0ms)
		ReleaseScriptingObjects (0ms)
		CreateAndSetChildDomain (32ms)
	RebuildCommonClasses (27ms)
	RebuildNativeTypeToScriptingClass (10ms)
	initialDomainReloadingComplete (23ms)
	LoadAllAssembliesAndSetupDomain (244ms)
		LoadAssemblies (294ms)
		RebuildTransferFunctionScriptingTraits (0ms)
		AnalyzeDomain (22ms)
			TypeCache.Refresh (10ms)
				TypeCache.ScanAssembly (0ms)
			ScanForSourceGeneratedMonoScriptInfo (0ms)
			ResolveRequiredComponents (11ms)
	FinalizeReload (979ms)
		ReleaseScriptCaches (0ms)
		RebuildScriptCaches (0ms)
		SetupLoadedEditorAssemblies (444ms)
			LogAssemblyErrors (0ms)
			InitializePlatformSupportModulesInManaged (5ms)
			SetLoadedEditorAssemblies (4ms)
			RefreshPlugins (0ms)
			BeforeProcessingInitializeOnLoad (71ms)
			ProcessInitializeOnLoadAttributes (301ms)
			ProcessInitializeOnLoadMethodAttributes (59ms)
			AfterProcessingInitializeOnLoad (4ms)
			EditorAssembliesLoaded (0ms)
		ExecutionOrderSort2 (0ms)
		AwakeInstancesAfterBackupRestoration (6ms)
Refreshing native plugins compatible for Editor in 3.47 ms, found 3 plugins.
Preloading 0 native plugins for Editor in 0.00 ms.
Unloading 5275 Unused Serialized files (Serialized files now loaded: 0)
Unloading 24 unused Assets / (0.8 MB). Loaded Objects now: 5887.
Memory consumption went from 188.7 MB to 187.9 MB.
Total: 6.454200 ms (FindLiveObjects: 0.738300 ms CreateObjectMapping: 0.742700 ms MarkObjects: 4.200800 ms  DeleteObjects: 0.770000 ms)

Prepare: number of updated asset objects reloaded= 0
AssetImportParameters requested are different than current active one (requested -> active):
  custom:container-demuxer-ogg: 62fdf1f143b41e24485cea50d1cbac27 -> 
  custom:video-codec-MediaFoundation-h265: 746d11721c4dcdbdad8f713fa42b33f4 -> 
  custom:video-decoder-ogg-theora: a1e56fd34408186e4bbccfd4996cb3dc -> 
  custom:framework-win-MediaFoundation: 216162199b28c13a410421893ffa2e32 -> 
  custom:CustomObjectIndexerAttribute: 72b91833f83ae208fae7752999fa3104 -> 
  custom:container-demuxer-webm: 4f35f7cbe854078d1ac9338744f61a02 -> 
  custom:container-muxer-webm: aa71ff27fc2769a1b78a27578f13a17b -> 
  custom:video-decoder-webm-vp8: 9c59270c3fd7afecdb556c50c9e8de78 -> 
  custom:SearchIndexIgnoredProperties: e643bd26f0fe6173181afceb89e7c659 -> 
  custom:AudioImporter_EditorPlatform: d09bf68614088b80899f8185d706f6e7 -> 
  custom:video-encoder-webm-vp8: eb34c28f22e8b96e1ab97ce403110664 -> 
  custom:audio-decoder-ogg-vorbis: bf7c407c2cedff20999df2af8eb42d56 -> 
  custom:audio-encoder-webm-vorbis: bf7c407c2cedff20999df2af8eb42d56 -> 
========================================================================
Received Prepare
Caller must complete domain reload
Begin MonoManager ReloadAssembly
Symbol file data-00000160FCEBA010 doesn't match image C:\Users\sam.hamer\Downloads\MH2Files\motionhanging2\mh2 new movement\Library\ScriptAssemblies\Unity.EditorCoroutines.Editor.dll
Symbol file LoadedFromMemory is not a mono symbol file
Symbol file data-00000161463BCD40 doesn't match image C:\Users\sam.hamer\Downloads\MH2Files\motionhanging2\mh2 new movement\Library\ScriptAssemblies\Unity.AI.Navigation.dll
Symbol file LoadedFromMemory is not a mono symbol file
Symbol file data-0000016103CB7DA0 doesn't match image C:\Users\sam.hamer\Downloads\MH2Files\motionhanging2\mh2 new movement\Library\ScriptAssemblies\Unity.ProBuilder.Stl.dll
Symbol file LoadedFromMemory is not a mono symbol file
Symbol file data-00000160FB3157E0 doesn't match image C:\Users\sam.hamer\Downloads\MH2Files\motionhanging2\mh2 new movement\Library\ScriptAssemblies\Unity.ProBuilder.dll
Symbol file LoadedFromMemory is not a mono symbol file
Symbol file data-0000016145B1B020 doesn't match image C:\Users\sam.hamer\Downloads\MH2Files\motionhanging2\mh2 new movement\Library\ScriptAssemblies\Unity.Timeline.Editor.dll
Symbol file LoadedFromMemory is not a mono symbol file
Symbol file data-00000160FCEBA010 doesn't match image C:\Users\sam.hamer\Downloads\MH2Files\motionhanging2\mh2 new movement\Library\ScriptAssemblies\Unity.VisualScripting.Shared.Editor.dll
Symbol file LoadedFromMemory is not a mono symbol file
Symbol file data-00000161017BC020 doesn't match image C:\Users\sam.hamer\Downloads\MH2Files\motionhanging2\mh2 new movement\Library\ScriptAssemblies\Unity.VisualStudio.Editor.dll
Symbol file LoadedFromMemory is not a mono symbol file
Symbol file data-0000016101036470 doesn't match image C:\Users\sam.hamer\Downloads\MH2Files\motionhanging2\mh2 new movement\Library\ScriptAssemblies\UnityEditor.UI.dll
Symbol file LoadedFromMemory is not a mono symbol file
Symbol file data-0000016145105E40 doesn't match image C:\Users\sam.hamer\Downloads\MH2Files\motionhanging2\mh2 new movement\Library\ScriptAssemblies\Unity.VisualScripting.Core.dll
Symbol file LoadedFromMemory is not a mono symbol file
Symbol file data-0000016100CA4010 doesn't match image C:\Users\sam.hamer\Downloads\MH2Files\motionhanging2\mh2 new movement\Library\ScriptAssemblies\Unity.VisualScripting.Core.Editor.dll
Symbol file LoadedFromMemory is not a mono symbol file
Symbol file data-00000161466C06D0 doesn't match image C:\Users\sam.hamer\Downloads\MH2Files\motionhanging2\mh2 new movement\Library\ScriptAssemblies\Unity.Rider.Editor.dll
Symbol file LoadedFromMemory is not a mono symbol file
Symbol file data-0000016146FC3020 doesn't match image C:\Users\sam.hamer\Downloads\MH2Files\motionhanging2\mh2 new movement\Library\ScriptAssemblies\Unity.ProBuilder.AddOns.Editor.dll
Symbol file LoadedFromMemory is not a mono symbol file
Symbol file data-0000015F46F13010 doesn't match image C:\Users\sam.hamer\Downloads\MH2Files\motionhanging2\mh2 new movement\Library\ScriptAssemblies\UnityEngine.UI.dll
Symbol file LoadedFromMemory is not a mono symbol file
Symbol file data-0000016101D07D50 doesn't match image C:\Users\sam.hamer\Downloads\MH2Files\motionhanging2\mh2 new movement\Library\ScriptAssemblies\Unity.ProBuilder.Csg.dll
Symbol file LoadedFromMemory is not a mono symbol file
Symbol file data-00000160FB3157E0 doesn't match image C:\Users\sam.hamer\Downloads\MH2Files\motionhanging2\mh2 new movement\Library\ScriptAssemblies\Unity.VisualScripting.Flow.dll
Symbol file LoadedFromMemory is not a mono symbol file
Symbol file data-0000016103ED65C0 doesn't match image C:\Users\sam.hamer\Downloads\MH2Files\motionhanging2\mh2 new movement\Library\ScriptAssemblies\Unity.VisualScripting.Flow.Editor.dll
Symbol file LoadedFromMemory is not a mono symbol file
Symbol file data-0000016146FC7DA0 doesn't match image C:\Users\sam.hamer\Downloads\MH2Files\motionhanging2\mh2 new movement\Library\ScriptAssemblies\Unity.Timeline.dll
Symbol file LoadedFromMemory is not a mono symbol file
Symbol file data-0000016144D06320 doesn't match image C:\Users\sam.hamer\Downloads\MH2Files\motionhanging2\mh2 new movement\Library\ScriptAssemblies\Unity.TestTools.CodeCoverage.Editor.OpenCover.Mono.Reflection.dll
Symbol file LoadedFromMemory is not a mono symbol file
Symbol file data-00000161025C8830 doesn't match image C:\Users\sam.hamer\Downloads\MH2Files\motionhanging2\mh2 new movement\Library\ScriptAssemblies\Unity.ProBuilder.Editor.dll
Symbol file LoadedFromMemory is not a mono symbol file
Symbol file data-0000016100D4D010 doesn't match image C:\Users\sam.hamer\Downloads\MH2Files\motionhanging2\mh2 new movement\Library\ScriptAssemblies\Unity.VisualScripting.SettingsProvider.Editor.dll
Symbol file LoadedFromMemory is not a mono symbol file
Symbol file data-0000016103ED65C0 doesn't match image C:\Users\sam.hamer\Downloads\MH2Files\motionhanging2\mh2 new movement\Library\ScriptAssemblies\Unity.Performance.Profile-Analyzer.Editor.dll
Symbol file LoadedFromMemory is not a mono symbol file
Symbol file data-0000015F467F7020 doesn't match image C:\Users\sam.hamer\Downloads\MH2Files\motionhanging2\mh2 new movement\Library\ScriptAssemblies\Unity.TestTools.CodeCoverage.Editor.dll
Symbol file LoadedFromMemory is not a mono symbol file
Symbol file data-00000160FE325010 doesn't match image C:\Users\sam.hamer\Downloads\MH2Files\motionhanging2\mh2 new movement\Library\ScriptAssemblies\Unity.TestTools.CodeCoverage.Editor.OpenCover.Model.dll
Symbol file LoadedFromMemory is not a mono symbol file
Symbol file data-00000160B72815F0 doesn't match image C:\Users\sam.hamer\Downloads\MH2Files\motionhanging2\mh2 new movement\Library\ScriptAssemblies\Unity.PlasticSCM.Editor.dll
Symbol file LoadedFromMemory is not a mono symbol file
Symbol file data-0000016144D06320 doesn't match image C:\Users\sam.hamer\Downloads\MH2Files\motionhanging2\mh2 new movement\Library\ScriptAssemblies\Unity.AI.Navigation.Updater.dll
Symbol file LoadedFromMemory is not a mono symbol file
Symbol file data-00000160FAC129D0 doesn't match image C:\Users\sam.hamer\Downloads\MH2Files\motionhanging2\mh2 new movement\Library\ScriptAssemblies\Unity.ProBuilder.Poly2Tri.dll
Symbol file LoadedFromMemory is not a mono symbol file
Symbol file data-0000016101036470 doesn't match image C:\Users\sam.hamer\Downloads\MH2Files\motionhanging2\mh2 new movement\Library\ScriptAssemblies\Unity.VisualScripting.State.Editor.dll
Symbol file LoadedFromMemory is not a mono symbol file
Symbol file data-00000161454A5020 doesn't match image C:\Users\sam.hamer\Downloads\MH2Files\motionhanging2\mh2 new movement\Library\ScriptAssemblies\Unity.Settings.Editor.dll
Symbol file LoadedFromMemory is not a mono symbol file
Symbol file data-00000160FE325010 doesn't match image C:\Users\sam.hamer\Downloads\MH2Files\motionhanging2\mh2 new movement\Library\ScriptAssemblies\Unity.ProBuilder.KdTree.dll
Symbol file LoadedFromMemory is not a mono symbol file
Symbol file data-0000016144D06320 doesn't match image C:\Users\sam.hamer\Downloads\MH2Files\motionhanging2\mh2 new movement\Library\ScriptAssemblies\Unity.CollabProxy.Editor.dll
Symbol file LoadedFromMemory is not a mono symbol file
Symbol file data-00000160FB3157E0 doesn't match image C:\Users\sam.hamer\Downloads\MH2Files\motionhanging2\mh2 new movement\Library\ScriptAssemblies\Unity.TextMeshPro.dll
Symbol file LoadedFromMemory is not a mono symbol file
Symbol file data-0000016146FC7DA0 doesn't match image C:\Users\sam.hamer\Downloads\MH2Files\motionhanging2\mh2 new movement\Library\ScriptAssemblies\Unity.TextMeshPro.Editor.dll
Symbol file LoadedFromMemory is not a mono symbol file
Symbol file data-00000161036BA4E0 doesn't match image C:\Users\sam.hamer\Downloads\MH2Files\motionhanging2\mh2 new movement\Library\ScriptAssemblies\Unity.AI.Navigation.Editor.dll
Symbol file LoadedFromMemory is not a mono symbol file
Symbol file data-00000160FE325010 doesn't match image C:\Users\sam.hamer\Downloads\MH2Files\motionhanging2\mh2 new movement\Library\ScriptAssemblies\Unity.ProBuilder.AssetIdRemapUtility.dll
Symbol file LoadedFromMemory is not a mono symbol file
Symbol file data-00000160FE325010 doesn't match image C:\Users\sam.hamer\Downloads\MH2Files\motionhanging2\mh2 new movement\Library\ScriptAssemblies\Unity.VisualScripting.State.dll
Symbol file LoadedFromMemory is not a mono symbol file
Symbol file data-0000016102CC5020 doesn't match image C:\Users\sam.hamer\Downloads\MH2Files\motionhanging2\mh2 new movement\Library\ScriptAssemblies\Unity.AI.Navigation.Editor.ConversionSystem.dll
Symbol file LoadedFromMemory is not a mono symbol file
Symbol file data-00000160FE325010 doesn't match image C:\Users\sam.hamer\Downloads\MH2Files\motionhanging2\mh2 new movement\Library\ScriptAssemblies\Unity.VSCode.Editor.dll
Symbol file LoadedFromMemory is not a mono symbol file
- Loaded All Assemblies, in  0.808 seconds
Native extension for WindowsStandalone target not found
Mono: successfully reloaded assembly
- Finished resetting the current domain, in  1.437 seconds
Domain Reload Profiling: 2246ms
	BeginReloadAssembly (181ms)
		ExecutionOrderSort (0ms)
		DisableScriptedObjects (4ms)
		BackupInstance (0ms)
		ReleaseScriptingObjects (0ms)
		CreateAndSetChildDomain (38ms)
	RebuildCommonClasses (29ms)
	RebuildNativeTypeToScriptingClass (9ms)
	initialDomainReloadingComplete (27ms)
	LoadAllAssembliesAndSetupDomain (563ms)
		LoadAssemblies (592ms)
		RebuildTransferFunctionScriptingTraits (0ms)
		AnalyzeDomain (64ms)
			TypeCache.Refresh (20ms)
				TypeCache.ScanAssembly (1ms)
			ScanForSourceGeneratedMonoScriptInfo (28ms)
			ResolveRequiredComponents (14ms)
	FinalizeReload (1437ms)
		ReleaseScriptCaches (0ms)
		RebuildScriptCaches (0ms)
		SetupLoadedEditorAssemblies (412ms)
			LogAssemblyErrors (0ms)
			InitializePlatformSupportModulesInManaged (5ms)
			SetLoadedEditorAssemblies (5ms)
			RefreshPlugins (0ms)
			BeforeProcessingInitializeOnLoad (71ms)
			ProcessInitializeOnLoadAttributes (271ms)
			ProcessInitializeOnLoadMethodAttributes (54ms)
			AfterProcessingInitializeOnLoad (6ms)
			EditorAssembliesLoaded (0ms)
		ExecutionOrderSort2 (0ms)
		AwakeInstancesAfterBackupRestoration (6ms)
Refreshing native plugins compatible for Editor in 2.85 ms, found 3 plugins.
Preloading 0 native plugins for Editor in 0.00 ms.
Unloading 5275 Unused Serialized files (Serialized files now loaded: 0)
Unloading 24 unused Assets / (0.7 MB). Loaded Objects now: 5890.
Memory consumption went from 188.7 MB to 187.9 MB.
Total: 4.648300 ms (FindLiveObjects: 0.465500 ms CreateObjectMapping: 0.357600 ms MarkObjects: 3.054400 ms  DeleteObjects: 0.769300 ms)

Prepare: number of updated asset objects reloaded= 0
AssetImportParameters requested are different than current active one (requested -> active):
  custom:container-demuxer-ogg: 62fdf1f143b41e24485cea50d1cbac27 -> 
  custom:video-codec-MediaFoundation-h265: 746d11721c4dcdbdad8f713fa42b33f4 -> 
  custom:video-decoder-ogg-theora: a1e56fd34408186e4bbccfd4996cb3dc -> 
  custom:framework-win-MediaFoundation: 216162199b28c13a410421893ffa2e32 -> 
  custom:CustomObjectIndexerAttribute: 72b91833f83ae208fae7752999fa3104 -> 
  custom:container-demuxer-webm: 4f35f7cbe854078d1ac9338744f61a02 -> 
  custom:container-muxer-webm: aa71ff27fc2769a1b78a27578f13a17b -> 
  custom:video-decoder-webm-vp8: 9c59270c3fd7afecdb556c50c9e8de78 -> 
  custom:SearchIndexIgnoredProperties: e643bd26f0fe6173181afceb89e7c659 -> 
  custom:AudioImporter_EditorPlatform: d09bf68614088b80899f8185d706f6e7 -> 
  custom:video-encoder-webm-vp8: eb34c28f22e8b96e1ab97ce403110664 -> 
  custom:audio-decoder-ogg-vorbis: bf7c407c2cedff20999df2af8eb42d56 -> 
  custom:audio-encoder-webm-vorbis: bf7c407c2cedff20999df2af8eb42d56 -> 
========================================================================
Received Prepare
Caller must complete domain reload
Begin MonoManager ReloadAssembly
Symbol file data-00000161036AD320 doesn't match image C:\Users\sam.hamer\Downloads\MH2Files\motionhanging2\mh2 new movement\Library\ScriptAssemblies\Unity.EditorCoroutines.Editor.dll
Symbol file LoadedFromMemory is not a mono symbol file
Symbol file data-00000161463BCD40 doesn't match image C:\Users\sam.hamer\Downloads\MH2Files\motionhanging2\mh2 new movement\Library\ScriptAssemblies\Unity.AI.Navigation.dll
Symbol file LoadedFromMemory is not a mono symbol file
Symbol file data-00000161466AD030 doesn't match image C:\Users\sam.hamer\Downloads\MH2Files\motionhanging2\mh2 new movement\Library\ScriptAssemblies\Unity.ProBuilder.Stl.dll
Symbol file LoadedFromMemory is not a mono symbol file
Symbol file data-00000160FB2BBBE0 doesn't match image C:\Users\sam.hamer\Downloads\MH2Files\motionhanging2\mh2 new movement\Library\ScriptAssemblies\Unity.ProBuilder.dll
Symbol file LoadedFromMemory is not a mono symbol file
Symbol file data-00000161039AD060 doesn't match image C:\Users\sam.hamer\Downloads\MH2Files\motionhanging2\mh2 new movement\Library\ScriptAssemblies\Unity.Timeline.Editor.dll
Symbol file LoadedFromMemory is not a mono symbol file
Symbol file data-0000016102A81020 doesn't match image C:\Users\sam.hamer\Downloads\MH2Files\motionhanging2\mh2 new movement\Library\ScriptAssemblies\Unity.VisualScripting.Shared.Editor.dll
Symbol file LoadedFromMemory is not a mono symbol file
Symbol file data-000001614662D020 doesn't match image C:\Users\sam.hamer\Downloads\MH2Files\motionhanging2\mh2 new movement\Library\ScriptAssemblies\Unity.VisualStudio.Editor.dll
Symbol file LoadedFromMemory is not a mono symbol file
Symbol file data-00000161016F9010 doesn't match image C:\Users\sam.hamer\Downloads\MH2Files\motionhanging2\mh2 new movement\Library\ScriptAssemblies\UnityEditor.UI.dll
Symbol file LoadedFromMemory is not a mono symbol file
Symbol file data-0000016100335050 doesn't match image C:\Users\sam.hamer\Downloads\MH2Files\motionhanging2\mh2 new movement\Library\ScriptAssemblies\Unity.VisualScripting.Core.dll
Symbol file LoadedFromMemory is not a mono symbol file
Symbol file data-0000016102CDE190 doesn't match image C:\Users\sam.hamer\Downloads\MH2Files\motionhanging2\mh2 new movement\Library\ScriptAssemblies\Unity.VisualScripting.Core.Editor.dll
Symbol file LoadedFromMemory is not a mono symbol file
Symbol file data-0000016101EA7470 doesn't match image C:\Users\sam.hamer\Downloads\MH2Files\motionhanging2\mh2 new movement\Library\ScriptAssemblies\Unity.Rider.Editor.dll
Symbol file LoadedFromMemory is not a mono symbol file
Symbol file data-00000161013D3020 doesn't match image C:\Users\sam.hamer\Downloads\MH2Files\motionhanging2\mh2 new movement\Library\ScriptAssemblies\Unity.ProBuilder.AddOns.Editor.dll
Symbol file LoadedFromMemory is not a mono symbol file
Symbol file data-00000160FB931010 doesn't match image C:\Users\sam.hamer\Downloads\MH2Files\motionhanging2\mh2 new movement\Library\ScriptAssemblies\UnityEngine.UI.dll
Symbol file LoadedFromMemory is not a mono symbol file
Symbol file data-00000161466B27B0 doesn't match image C:\Users\sam.hamer\Downloads\MH2Files\motionhanging2\mh2 new movement\Library\ScriptAssemblies\Unity.ProBuilder.Csg.dll
Symbol file LoadedFromMemory is not a mono symbol file
Symbol file data-00000160FB2BBBE0 doesn't match image C:\Users\sam.hamer\Downloads\MH2Files\motionhanging2\mh2 new movement\Library\ScriptAssemblies\Unity.VisualScripting.Flow.dll
Symbol file LoadedFromMemory is not a mono symbol file
Symbol file data-0000015F4667D010 doesn't match image C:\Users\sam.hamer\Downloads\MH2Files\motionhanging2\mh2 new movement\Library\ScriptAssemblies\Unity.VisualScripting.Flow.Editor.dll
Symbol file LoadedFromMemory is not a mono symbol file
Symbol file data-0000016103217E60 doesn't match image C:\Users\sam.hamer\Downloads\MH2Files\motionhanging2\mh2 new movement\Library\ScriptAssemblies\Unity.Timeline.dll
Symbol file LoadedFromMemory is not a mono symbol file
Symbol file data-00000160FCFA7010 doesn't match image C:\Users\sam.hamer\Downloads\MH2Files\motionhanging2\mh2 new movement\Library\ScriptAssemblies\Unity.TestTools.CodeCoverage.Editor.OpenCover.Mono.Reflection.dll
Symbol file LoadedFromMemory is not a mono symbol file
Symbol file data-00000160FC5A8010 doesn't match image C:\Users\sam.hamer\Downloads\MH2Files\motionhanging2\mh2 new movement\Library\ScriptAssemblies\Unity.ProBuilder.Editor.dll
Symbol file LoadedFromMemory is not a mono symbol file
Symbol file data-00000160FB7CDEA0 doesn't match image C:\Users\sam.hamer\Downloads\MH2Files\motionhanging2\mh2 new movement\Library\ScriptAssemblies\Unity.VisualScripting.SettingsProvider.Editor.dll
Symbol file LoadedFromMemory is not a mono symbol file
Symbol file data-0000015F4667D010 doesn't match image C:\Users\sam.hamer\Downloads\MH2Files\motionhanging2\mh2 new movement\Library\ScriptAssemblies\Unity.Performance.Profile-Analyzer.Editor.dll
Symbol file LoadedFromMemory is not a mono symbol file
Symbol file data-00000161025031D0 doesn't match image C:\Users\sam.hamer\Downloads\MH2Files\motionhanging2\mh2 new movement\Library\ScriptAssemblies\Unity.TestTools.CodeCoverage.Editor.dll
Symbol file LoadedFromMemory is not a mono symbol file
Symbol file data-00000161027CC2C0 doesn't match image C:\Users\sam.hamer\Downloads\MH2Files\motionhanging2\mh2 new movement\Library\ScriptAssemblies\Unity.TestTools.CodeCoverage.Editor.OpenCover.Model.dll
Symbol file LoadedFromMemory is not a mono symbol file
Symbol file data-00000160B72815F0 doesn't match image C:\Users\sam.hamer\Downloads\MH2Files\motionhanging2\mh2 new movement\Library\ScriptAssemblies\Unity.PlasticSCM.Editor.dll
Symbol file LoadedFromMemory is not a mono symbol file
Symbol file data-0000016102A81020 doesn't match image C:\Users\sam.hamer\Downloads\MH2Files\motionhanging2\mh2 new movement\Library\ScriptAssemblies\Unity.AI.Navigation.Updater.dll
Symbol file LoadedFromMemory is not a mono symbol file
Symbol file data-00000160FB7C4420 doesn't match image C:\Users\sam.hamer\Downloads\MH2Files\motionhanging2\mh2 new movement\Library\ScriptAssemblies\Unity.ProBuilder.Poly2Tri.dll
Symbol file LoadedFromMemory is not a mono symbol file
Symbol file data-00000161016F9010 doesn't match image C:\Users\sam.hamer\Downloads\MH2Files\motionhanging2\mh2 new movement\Library\ScriptAssemblies\Unity.VisualScripting.State.Editor.dll
Symbol file LoadedFromMemory is not a mono symbol file
Symbol file data-0000016101B0E850 doesn't match image C:\Users\sam.hamer\Downloads\MH2Files\motionhanging2\mh2 new movement\Library\ScriptAssemblies\Unity.Settings.Editor.dll
Symbol file LoadedFromMemory is not a mono symbol file
Symbol file data-0000015F469878A0 doesn't match image C:\Users\sam.hamer\Downloads\MH2Files\motionhanging2\mh2 new movement\Library\ScriptAssemblies\Unity.ProBuilder.KdTree.dll
Symbol file LoadedFromMemory is not a mono symbol file
Symbol file data-0000016102A81020 doesn't match image C:\Users\sam.hamer\Downloads\MH2Files\motionhanging2\mh2 new movement\Library\ScriptAssemblies\Unity.CollabProxy.Editor.dll
Symbol file LoadedFromMemory is not a mono symbol file
Symbol file data-00000160FB2BBBE0 doesn't match image C:\Users\sam.hamer\Downloads\MH2Files\motionhanging2\mh2 new movement\Library\ScriptAssemblies\Unity.TextMeshPro.dll
Symbol file LoadedFromMemory is not a mono symbol file
Symbol file data-0000016101CEA0A0 doesn't match image C:\Users\sam.hamer\Downloads\MH2Files\motionhanging2\mh2 new movement\Library\ScriptAssemblies\Unity.TextMeshPro.Editor.dll
Symbol file LoadedFromMemory is not a mono symbol file
Symbol file data-0000016102B2C250 doesn't match image C:\Users\sam.hamer\Downloads\MH2Files\motionhanging2\mh2 new movement\Library\ScriptAssemblies\Unity.AI.Navigation.Editor.dll
Symbol file LoadedFromMemory is not a mono symbol file
Symbol file data-00000161027CC2C0 doesn't match image C:\Users\sam.hamer\Downloads\MH2Files\motionhanging2\mh2 new movement\Library\ScriptAssemblies\Unity.ProBuilder.AssetIdRemapUtility.dll
Symbol file LoadedFromMemory is not a mono symbol file
Symbol file data-00000161027CC2C0 doesn't match image C:\Users\sam.hamer\Downloads\MH2Files\motionhanging2\mh2 new movement\Library\ScriptAssemblies\Unity.VisualScripting.State.dll
Symbol file LoadedFromMemory is not a mono symbol file
Symbol file data-00000161466B27B0 doesn't match image C:\Users\sam.hamer\Downloads\MH2Files\motionhanging2\mh2 new movement\Library\ScriptAssemblies\Unity.AI.Navigation.Editor.ConversionSystem.dll
Symbol file LoadedFromMemory is not a mono symbol file
Symbol file data-00000161027CC2C0 doesn't match image C:\Users\sam.hamer\Downloads\MH2Files\motionhanging2\mh2 new movement\Library\ScriptAssemblies\Unity.VSCode.Editor.dll
Symbol file LoadedFromMemory is not a mono symbol file
- Loaded All Assemblies, in  0.474 seconds
Native extension for WindowsStandalone target not found
Mono: successfully reloaded assembly
- Finished resetting the current domain, in  0.981 seconds
Domain Reload Profiling: 1453ms
	BeginReloadAssembly (148ms)
		ExecutionOrderSort (0ms)
		DisableScriptedObjects (3ms)
		BackupInstance (0ms)
		ReleaseScriptingObjects (0ms)
		CreateAndSetChildDomain (37ms)
	RebuildCommonClasses (32ms)
	RebuildNativeTypeToScriptingClass (9ms)
	initialDomainReloadingComplete (25ms)
	LoadAllAssembliesAndSetupDomain (257ms)
		LoadAssemblies (312ms)
		RebuildTransferFunctionScriptingTraits (0ms)
		AnalyzeDomain (21ms)
			TypeCache.Refresh (7ms)
				TypeCache.ScanAssembly (0ms)
			ScanForSourceGeneratedMonoScriptInfo (0ms)
			ResolveRequiredComponents (12ms)
	FinalizeReload (982ms)
		ReleaseScriptCaches (0ms)
		RebuildScriptCaches (0ms)
		SetupLoadedEditorAssemblies (431ms)
			LogAssemblyErrors (0ms)
			InitializePlatformSupportModulesInManaged (4ms)
			SetLoadedEditorAssemblies (4ms)
			RefreshPlugins (0ms)
			BeforeProcessingInitializeOnLoad (66ms)
			ProcessInitializeOnLoadAttributes (293ms)
			ProcessInitializeOnLoadMethodAttributes (60ms)
			AfterProcessingInitializeOnLoad (4ms)
			EditorAssembliesLoaded (0ms)
		ExecutionOrderSort2 (0ms)
		AwakeInstancesAfterBackupRestoration (6ms)
Refreshing native plugins compatible for Editor in 4.76 ms, found 3 plugins.
Preloading 0 native plugins for Editor in 0.00 ms.
Unloading 5275 Unused Serialized files (Serialized files now loaded: 0)
Unloading 24 unused Assets / (0.7 MB). Loaded Objects now: 5893.
Memory consumption went from 188.7 MB to 187.9 MB.
Total: 4.513200 ms (FindLiveObjects: 0.703000 ms CreateObjectMapping: 0.372400 ms MarkObjects: 2.865200 ms  DeleteObjects: 0.571000 ms)

Prepare: number of updated asset objects reloaded= 0
AssetImportParameters requested are different than current active one (requested -> active):
  custom:container-demuxer-ogg: 62fdf1f143b41e24485cea50d1cbac27 -> 
  custom:video-codec-MediaFoundation-h265: 746d11721c4dcdbdad8f713fa42b33f4 -> 
  custom:video-decoder-ogg-theora: a1e56fd34408186e4bbccfd4996cb3dc -> 
  custom:framework-win-MediaFoundation: 216162199b28c13a410421893ffa2e32 -> 
  custom:CustomObjectIndexerAttribute: 72b91833f83ae208fae7752999fa3104 -> 
  custom:container-demuxer-webm: 4f35f7cbe854078d1ac9338744f61a02 -> 
  custom:container-muxer-webm: aa71ff27fc2769a1b78a27578f13a17b -> 
  custom:video-decoder-webm-vp8: 9c59270c3fd7afecdb556c50c9e8de78 -> 
  custom:SearchIndexIgnoredProperties: e643bd26f0fe6173181afceb89e7c659 -> 
  custom:AudioImporter_EditorPlatform: d09bf68614088b80899f8185d706f6e7 -> 
  custom:video-encoder-webm-vp8: eb34c28f22e8b96e1ab97ce403110664 -> 
  custom:audio-decoder-ogg-vorbis: bf7c407c2cedff20999df2af8eb42d56 -> 
  custom:audio-encoder-webm-vorbis: bf7c407c2cedff20999df2af8eb42d56 -> 
========================================================================
Received Prepare
Caller must complete domain reload
Begin MonoManager ReloadAssembly
Symbol file data-00000161036AD320 doesn't match image C:\Users\sam.hamer\Downloads\MH2Files\motionhanging2\mh2 new movement\Library\ScriptAssemblies\Unity.EditorCoroutines.Editor.dll
Symbol file LoadedFromMemory is not a mono symbol file
Symbol file data-00000161463BCD40 doesn't match image C:\Users\sam.hamer\Downloads\MH2Files\motionhanging2\mh2 new movement\Library\ScriptAssemblies\Unity.AI.Navigation.dll
Symbol file LoadedFromMemory is not a mono symbol file
Symbol file data-00000161466AD030 doesn't match image C:\Users\sam.hamer\Downloads\MH2Files\motionhanging2\mh2 new movement\Library\ScriptAssemblies\Unity.ProBuilder.Stl.dll
Symbol file LoadedFromMemory is not a mono symbol file
Symbol file data-0000016146E86010 doesn't match image C:\Users\sam.hamer\Downloads\MH2Files\motionhanging2\mh2 new movement\Library\ScriptAssemblies\Unity.ProBuilder.dll
Symbol file LoadedFromMemory is not a mono symbol file
Symbol file data-000001614545B420 doesn't match image C:\Users\sam.hamer\Downloads\MH2Files\motionhanging2\mh2 new movement\Library\ScriptAssemblies\Unity.Timeline.Editor.dll
Symbol file LoadedFromMemory is not a mono symbol file
Symbol file data-00000160FCFA7010 doesn't match image C:\Users\sam.hamer\Downloads\MH2Files\motionhanging2\mh2 new movement\Library\ScriptAssemblies\Unity.VisualScripting.Shared.Editor.dll
Symbol file LoadedFromMemory is not a mono symbol file
Symbol file data-00000160FAAC0090 doesn't match image C:\Users\sam.hamer\Downloads\MH2Files\motionhanging2\mh2 new movement\Library\ScriptAssemblies\Unity.VisualStudio.Editor.dll
Symbol file LoadedFromMemory is not a mono symbol file
Symbol file data-00000161016F9010 doesn't match image C:\Users\sam.hamer\Downloads\MH2Files\motionhanging2\mh2 new movement\Library\ScriptAssemblies\UnityEditor.UI.dll
Symbol file LoadedFromMemory is not a mono symbol file
Symbol file data-0000016100335050 doesn't match image C:\Users\sam.hamer\Downloads\MH2Files\motionhanging2\mh2 new movement\Library\ScriptAssemblies\Unity.VisualScripting.Core.dll
Symbol file LoadedFromMemory is not a mono symbol file
Symbol file data-0000016100CA4010 doesn't match image C:\Users\sam.hamer\Downloads\MH2Files\motionhanging2\mh2 new movement\Library\ScriptAssemblies\Unity.VisualScripting.Core.Editor.dll
Symbol file LoadedFromMemory is not a mono symbol file
Symbol file data-0000016101EA7470 doesn't match image C:\Users\sam.hamer\Downloads\MH2Files\motionhanging2\mh2 new movement\Library\ScriptAssemblies\Unity.Rider.Editor.dll
Symbol file LoadedFromMemory is not a mono symbol file
Symbol file data-00000161036AD320 doesn't match image C:\Users\sam.hamer\Downloads\MH2Files\motionhanging2\mh2 new movement\Library\ScriptAssemblies\Unity.ProBuilder.AddOns.Editor.dll
Symbol file LoadedFromMemory is not a mono symbol file
Symbol file data-00000160FB931010 doesn't match image C:\Users\sam.hamer\Downloads\MH2Files\motionhanging2\mh2 new movement\Library\ScriptAssemblies\UnityEngine.UI.dll
Symbol file LoadedFromMemory is not a mono symbol file
Symbol file data-00000160FCC05820 doesn't match image C:\Users\sam.hamer\Downloads\MH2Files\motionhanging2\mh2 new movement\Library\ScriptAssemblies\Unity.ProBuilder.Csg.dll
Symbol file LoadedFromMemory is not a mono symbol file
Symbol file data-0000016146E86010 doesn't match image C:\Users\sam.hamer\Downloads\MH2Files\motionhanging2\mh2 new movement\Library\ScriptAssemblies\Unity.VisualScripting.Flow.dll
Symbol file LoadedFromMemory is not a mono symbol file
Symbol file data-0000015F4690F010 doesn't match image C:\Users\sam.hamer\Downloads\MH2Files\motionhanging2\mh2 new movement\Library\ScriptAssemblies\Unity.VisualScripting.Flow.Editor.dll
Symbol file LoadedFromMemory is not a mono symbol file
Symbol file data-0000016101CEA0A0 doesn't match image C:\Users\sam.hamer\Downloads\MH2Files\motionhanging2\mh2 new movement\Library\ScriptAssemblies\Unity.Timeline.dll
Symbol file LoadedFromMemory is not a mono symbol file
Symbol file data-00000160FB7CDEA0 doesn't match image C:\Users\sam.hamer\Downloads\MH2Files\motionhanging2\mh2 new movement\Library\ScriptAssemblies\Unity.TestTools.CodeCoverage.Editor.OpenCover.Mono.Reflection.dll
Symbol file LoadedFromMemory is not a mono symbol file
Symbol file data-00000160FC5A8010 doesn't match image C:\Users\sam.hamer\Downloads\MH2Files\motionhanging2\mh2 new movement\Library\ScriptAssemblies\Unity.ProBuilder.Editor.dll
Symbol file LoadedFromMemory is not a mono symbol file
Symbol file data-0000016102CC5020 doesn't match image C:\Users\sam.hamer\Downloads\MH2Files\motionhanging2\mh2 new movement\Library\ScriptAssemblies\Unity.VisualScripting.SettingsProvider.Editor.dll
Symbol file LoadedFromMemory is not a mono symbol file
Symbol file data-0000015F4690F010 doesn't match image C:\Users\sam.hamer\Downloads\MH2Files\motionhanging2\mh2 new movement\Library\ScriptAssemblies\Unity.Performance.Profile-Analyzer.Editor.dll
Symbol file LoadedFromMemory is not a mono symbol file
Symbol file data-00000161025031D0 doesn't match image C:\Users\sam.hamer\Downloads\MH2Files\motionhanging2\mh2 new movement\Library\ScriptAssemblies\Unity.TestTools.CodeCoverage.Editor.dll
Symbol file LoadedFromMemory is not a mono symbol file
Symbol file data-0000016102D30020 doesn't match image C:\Users\sam.hamer\Downloads\MH2Files\motionhanging2\mh2 new movement\Library\ScriptAssemblies\Unity.TestTools.CodeCoverage.Editor.OpenCover.Model.dll
Symbol file LoadedFromMemory is not a mono symbol file
Symbol file data-00000160B72815F0 doesn't match image C:\Users\sam.hamer\Downloads\MH2Files\motionhanging2\mh2 new movement\Library\ScriptAssemblies\Unity.PlasticSCM.Editor.dll
Symbol file LoadedFromMemory is not a mono symbol file
Symbol file data-00000161453FF0D0 doesn't match image C:\Users\sam.hamer\Downloads\MH2Files\motionhanging2\mh2 new movement\Library\ScriptAssemblies\Unity.AI.Navigation.Updater.dll
Symbol file LoadedFromMemory is not a mono symbol file
Symbol file data-00000160FB7C4420 doesn't match image C:\Users\sam.hamer\Downloads\MH2Files\motionhanging2\mh2 new movement\Library\ScriptAssemblies\Unity.ProBuilder.Poly2Tri.dll
Symbol file LoadedFromMemory is not a mono symbol file
Symbol file data-00000161016F9010 doesn't match image C:\Users\sam.hamer\Downloads\MH2Files\motionhanging2\mh2 new movement\Library\ScriptAssemblies\Unity.VisualScripting.State.Editor.dll
Symbol file LoadedFromMemory is not a mono symbol file
Symbol file data-0000016101B0E850 doesn't match image C:\Users\sam.hamer\Downloads\MH2Files\motionhanging2\mh2 new movement\Library\ScriptAssemblies\Unity.Settings.Editor.dll
Symbol file LoadedFromMemory is not a mono symbol file
Symbol file data-0000015F469878A0 doesn't match image C:\Users\sam.hamer\Downloads\MH2Files\motionhanging2\mh2 new movement\Library\ScriptAssemblies\Unity.ProBuilder.KdTree.dll
Symbol file LoadedFromMemory is not a mono symbol file
Symbol file data-00000160FCC05820 doesn't match image C:\Users\sam.hamer\Downloads\MH2Files\motionhanging2\mh2 new movement\Library\ScriptAssemblies\Unity.CollabProxy.Editor.dll
Symbol file LoadedFromMemory is not a mono symbol file
Symbol file data-0000016146E86010 doesn't match image C:\Users\sam.hamer\Downloads\MH2Files\motionhanging2\mh2 new movement\Library\ScriptAssemblies\Unity.TextMeshPro.dll
Symbol file LoadedFromMemory is not a mono symbol file
Symbol file data-0000016101CEA0A0 doesn't match image C:\Users\sam.hamer\Downloads\MH2Files\motionhanging2\mh2 new movement\Library\ScriptAssemblies\Unity.TextMeshPro.Editor.dll
Symbol file LoadedFromMemory is not a mono symbol file
Symbol file data-0000016102B2C250 doesn't match image C:\Users\sam.hamer\Downloads\MH2Files\motionhanging2\mh2 new movement\Library\ScriptAssemblies\Unity.AI.Navigation.Editor.dll
Symbol file LoadedFromMemory is not a mono symbol file
Symbol file data-0000016102D30020 doesn't match image C:\Users\sam.hamer\Downloads\MH2Files\motionhanging2\mh2 new movement\Library\ScriptAssemblies\Unity.ProBuilder.AssetIdRemapUtility.dll
Symbol file LoadedFromMemory is not a mono symbol file
Symbol file data-0000016102D30020 doesn't match image C:\Users\sam.hamer\Downloads\MH2Files\motionhanging2\mh2 new movement\Library\ScriptAssemblies\Unity.VisualScripting.State.dll
Symbol file LoadedFromMemory is not a mono symbol file
Symbol file data-0000015F469878A0 doesn't match image C:\Users\sam.hamer\Downloads\MH2Files\motionhanging2\mh2 new movement\Library\ScriptAssemblies\Unity.AI.Navigation.Editor.ConversionSystem.dll
Symbol file LoadedFromMemory is not a mono symbol file
Symbol file data-0000016102D30020 doesn't match image C:\Users\sam.hamer\Downloads\MH2Files\motionhanging2\mh2 new movement\Library\ScriptAssemblies\Unity.VSCode.Editor.dll
Symbol file LoadedFromMemory is not a mono symbol file
- Loaded All Assemblies, in  0.441 seconds
Native extension for WindowsStandalone target not found
Mono: successfully reloaded assembly
- Finished resetting the current domain, in  1.022 seconds
Domain Reload Profiling: 1461ms
	BeginReloadAssembly (143ms)
		ExecutionOrderSort (0ms)
		DisableScriptedObjects (4ms)
		BackupInstance (0ms)
		ReleaseScriptingObjects (0ms)
		CreateAndSetChildDomain (33ms)
	RebuildCommonClasses (24ms)
	RebuildNativeTypeToScriptingClass (8ms)
	initialDomainReloadingComplete (30ms)
	LoadAllAssembliesAndSetupDomain (234ms)
		LoadAssemblies (283ms)
		RebuildTransferFunctionScriptingTraits (0ms)
		AnalyzeDomain (23ms)
			TypeCache.Refresh (9ms)
				TypeCache.ScanAssembly (0ms)
			ScanForSourceGeneratedMonoScriptInfo (0ms)
			ResolveRequiredComponents (13ms)
	FinalizeReload (1023ms)
		ReleaseScriptCaches (0ms)
		RebuildScriptCaches (0ms)
		SetupLoadedEditorAssemblies (446ms)
			LogAssemblyErrors (0ms)
			InitializePlatformSupportModulesInManaged (5ms)
			SetLoadedEditorAssemblies (4ms)
			RefreshPlugins (0ms)
			BeforeProcessingInitializeOnLoad (73ms)
			ProcessInitializeOnLoadAttributes (298ms)
			ProcessInitializeOnLoadMethodAttributes (62ms)
			AfterProcessingInitializeOnLoad (5ms)
			EditorAssembliesLoaded (0ms)
		ExecutionOrderSort2 (0ms)
		AwakeInstancesAfterBackupRestoration (13ms)
Refreshing native plugins compatible for Editor in 5.96 ms, found 3 plugins.
Preloading 0 native plugins for Editor in 0.00 ms.
Unloading 5275 Unused Serialized files (Serialized files now loaded: 0)
Unloading 24 unused Assets / (0.7 MB). Loaded Objects now: 5896.
Memory consumption went from 188.7 MB to 188.0 MB.
Total: 3.687900 ms (FindLiveObjects: 0.441800 ms CreateObjectMapping: 0.380900 ms MarkObjects: 2.539800 ms  DeleteObjects: 0.324100 ms)

Prepare: number of updated asset objects reloaded= 0
AssetImportParameters requested are different than current active one (requested -> active):
  custom:container-demuxer-ogg: 62fdf1f143b41e24485cea50d1cbac27 -> 
  custom:video-codec-MediaFoundation-h265: 746d11721c4dcdbdad8f713fa42b33f4 -> 
  custom:video-decoder-ogg-theora: a1e56fd34408186e4bbccfd4996cb3dc -> 
  custom:framework-win-MediaFoundation: 216162199b28c13a410421893ffa2e32 -> 
  custom:CustomObjectIndexerAttribute: 72b91833f83ae208fae7752999fa3104 -> 
  custom:container-demuxer-webm: 4f35f7cbe854078d1ac9338744f61a02 -> 
  custom:container-muxer-webm: aa71ff27fc2769a1b78a27578f13a17b -> 
  custom:video-decoder-webm-vp8: 9c59270c3fd7afecdb556c50c9e8de78 -> 
  custom:SearchIndexIgnoredProperties: e643bd26f0fe6173181afceb89e7c659 -> 
  custom:AudioImporter_EditorPlatform: d09bf68614088b80899f8185d706f6e7 -> 
  custom:video-encoder-webm-vp8: eb34c28f22e8b96e1ab97ce403110664 -> 
  custom:audio-decoder-ogg-vorbis: bf7c407c2cedff20999df2af8eb42d56 -> 
  custom:audio-encoder-webm-vorbis: bf7c407c2cedff20999df2af8eb42d56 -> 
========================================================================
Received Prepare
Caller must complete domain reload
Begin MonoManager ReloadAssembly
Symbol file data-00000161036AD320 doesn't match image C:\Users\sam.hamer\Downloads\MH2Files\motionhanging2\mh2 new movement\Library\ScriptAssemblies\Unity.EditorCoroutines.Editor.dll
Symbol file LoadedFromMemory is not a mono symbol file
Symbol file data-00000160B71BAE90 doesn't match image C:\Users\sam.hamer\Downloads\MH2Files\motionhanging2\mh2 new movement\Library\ScriptAssemblies\Unity.AI.Navigation.dll
Symbol file LoadedFromMemory is not a mono symbol file
Symbol file data-0000016103CB2340 doesn't match image C:\Users\sam.hamer\Downloads\MH2Files\motionhanging2\mh2 new movement\Library\ScriptAssemblies\Unity.ProBuilder.Stl.dll
Symbol file LoadedFromMemory is not a mono symbol file
Symbol file data-00000160FB3157E0 doesn't match image C:\Users\sam.hamer\Downloads\MH2Files\motionhanging2\mh2 new movement\Library\ScriptAssemblies\Unity.ProBuilder.dll
Symbol file LoadedFromMemory is not a mono symbol file
Symbol file data-00000161003DF010 doesn't match image C:\Users\sam.hamer\Downloads\MH2Files\motionhanging2\mh2 new movement\Library\ScriptAssemblies\Unity.Timeline.Editor.dll
Symbol file LoadedFromMemory is not a mono symbol file
Symbol file data-0000016145A98020 doesn't match image C:\Users\sam.hamer\Downloads\MH2Files\motionhanging2\mh2 new movement\Library\ScriptAssemblies\Unity.VisualScripting.Shared.Editor.dll
Symbol file LoadedFromMemory is not a mono symbol file
Symbol file data-0000016144FE4020 doesn't match image C:\Users\sam.hamer\Downloads\MH2Files\motionhanging2\mh2 new movement\Library\ScriptAssemblies\Unity.VisualStudio.Editor.dll
Symbol file LoadedFromMemory is not a mono symbol file
Symbol file data-0000015F47023010 doesn't match image C:\Users\sam.hamer\Downloads\MH2Files\motionhanging2\mh2 new movement\Library\ScriptAssemblies\UnityEditor.UI.dll
Symbol file LoadedFromMemory is not a mono symbol file
Symbol file data-0000016103FFFF70 doesn't match image C:\Users\sam.hamer\Downloads\MH2Files\motionhanging2\mh2 new movement\Library\ScriptAssemblies\Unity.VisualScripting.Core.dll
Symbol file LoadedFromMemory is not a mono symbol file
Symbol file data-00000160FAE54010 doesn't match image C:\Users\sam.hamer\Downloads\MH2Files\motionhanging2\mh2 new movement\Library\ScriptAssemblies\Unity.VisualScripting.Core.Editor.dll
Symbol file LoadedFromMemory is not a mono symbol file
Symbol file data-00000161026FB8D0 doesn't match image C:\Users\sam.hamer\Downloads\MH2Files\motionhanging2\mh2 new movement\Library\ScriptAssemblies\Unity.Rider.Editor.dll
Symbol file LoadedFromMemory is not a mono symbol file
Symbol file data-0000016103C029C0 doesn't match image C:\Users\sam.hamer\Downloads\MH2Files\motionhanging2\mh2 new movement\Library\ScriptAssemblies\Unity.ProBuilder.AddOns.Editor.dll
Symbol file LoadedFromMemory is not a mono symbol file
Symbol file data-0000015F46B91040 doesn't match image C:\Users\sam.hamer\Downloads\MH2Files\motionhanging2\mh2 new movement\Library\ScriptAssemblies\UnityEngine.UI.dll
Symbol file LoadedFromMemory is not a mono symbol file
Symbol file data-0000016146220010 doesn't match image C:\Users\sam.hamer\Downloads\MH2Files\motionhanging2\mh2 new movement\Library\ScriptAssemblies\Unity.ProBuilder.Csg.dll
Symbol file LoadedFromMemory is not a mono symbol file
Symbol file data-00000160FB3157E0 doesn't match image C:\Users\sam.hamer\Downloads\MH2Files\motionhanging2\mh2 new movement\Library\ScriptAssemblies\Unity.VisualScripting.Flow.dll
Symbol file LoadedFromMemory is not a mono symbol file
Symbol file data-00000160B6F10010 doesn't match image C:\Users\sam.hamer\Downloads\MH2Files\motionhanging2\mh2 new movement\Library\ScriptAssemblies\Unity.VisualScripting.Flow.Editor.dll
Symbol file LoadedFromMemory is not a mono symbol file
Symbol file data-0000016145B8C7E0 doesn't match image C:\Users\sam.hamer\Downloads\MH2Files\motionhanging2\mh2 new movement\Library\ScriptAssemblies\Unity.Timeline.dll
Symbol file LoadedFromMemory is not a mono symbol file
Symbol file data-0000016103CB2340 doesn't match image C:\Users\sam.hamer\Downloads\MH2Files\motionhanging2\mh2 new movement\Library\ScriptAssemblies\Unity.TestTools.CodeCoverage.Editor.OpenCover.Mono.Reflection.dll
Symbol file LoadedFromMemory is not a mono symbol file
Symbol file data-00000160FC5A8010 doesn't match image C:\Users\sam.hamer\Downloads\MH2Files\motionhanging2\mh2 new movement\Library\ScriptAssemblies\Unity.ProBuilder.Editor.dll
Symbol file LoadedFromMemory is not a mono symbol file
Symbol file data-00000161466AD030 doesn't match image C:\Users\sam.hamer\Downloads\MH2Files\motionhanging2\mh2 new movement\Library\ScriptAssemblies\Unity.VisualScripting.SettingsProvider.Editor.dll
Symbol file LoadedFromMemory is not a mono symbol file
Symbol file data-00000160B6F10010 doesn't match image C:\Users\sam.hamer\Downloads\MH2Files\motionhanging2\mh2 new movement\Library\ScriptAssemblies\Unity.Performance.Profile-Analyzer.Editor.dll
Symbol file LoadedFromMemory is not a mono symbol file
Symbol file data-00000161028AD020 doesn't match image C:\Users\sam.hamer\Downloads\MH2Files\motionhanging2\mh2 new movement\Library\ScriptAssemblies\Unity.TestTools.CodeCoverage.Editor.dll
Symbol file LoadedFromMemory is not a mono symbol file
Symbol file data-00000160FE179030 doesn't match image C:\Users\sam.hamer\Downloads\MH2Files\motionhanging2\mh2 new movement\Library\ScriptAssemblies\Unity.TestTools.CodeCoverage.Editor.OpenCover.Model.dll
Symbol file LoadedFromMemory is not a mono symbol file
Symbol file data-0000016102F9A030 doesn't match image C:\Users\sam.hamer\Downloads\MH2Files\motionhanging2\mh2 new movement\Library\ScriptAssemblies\Unity.PlasticSCM.Editor.dll
Symbol file LoadedFromMemory is not a mono symbol file
Symbol file data-0000016100D4D010 doesn't match image C:\Users\sam.hamer\Downloads\MH2Files\motionhanging2\mh2 new movement\Library\ScriptAssemblies\Unity.AI.Navigation.Updater.dll
Symbol file LoadedFromMemory is not a mono symbol file
Symbol file data-0000015F46FD8A20 doesn't match image C:\Users\sam.hamer\Downloads\MH2Files\motionhanging2\mh2 new movement\Library\ScriptAssemblies\Unity.ProBuilder.Poly2Tri.dll
Symbol file LoadedFromMemory is not a mono symbol file
Symbol file data-00000161016F9010 doesn't match image C:\Users\sam.hamer\Downloads\MH2Files\motionhanging2\mh2 new movement\Library\ScriptAssemblies\Unity.VisualScripting.State.Editor.dll
Symbol file LoadedFromMemory is not a mono symbol file
Symbol file data-0000016100E3BF70 doesn't match image C:\Users\sam.hamer\Downloads\MH2Files\motionhanging2\mh2 new movement\Library\ScriptAssemblies\Unity.Settings.Editor.dll
Symbol file LoadedFromMemory is not a mono symbol file
Symbol file data-0000016102CCCF30 doesn't match image C:\Users\sam.hamer\Downloads\MH2Files\motionhanging2\mh2 new movement\Library\ScriptAssemblies\Unity.ProBuilder.KdTree.dll
Symbol file LoadedFromMemory is not a mono symbol file
Symbol file data-00000161460CE9B0 doesn't match image C:\Users\sam.hamer\Downloads\MH2Files\motionhanging2\mh2 new movement\Library\ScriptAssemblies\Unity.CollabProxy.Editor.dll
Symbol file LoadedFromMemory is not a mono symbol file
Symbol file data-00000160FB3157E0 doesn't match image C:\Users\sam.hamer\Downloads\MH2Files\motionhanging2\mh2 new movement\Library\ScriptAssemblies\Unity.TextMeshPro.dll
Symbol file LoadedFromMemory is not a mono symbol file
Symbol file data-0000016101CEA0A0 doesn't match image C:\Users\sam.hamer\Downloads\MH2Files\motionhanging2\mh2 new movement\Library\ScriptAssemblies\Unity.TextMeshPro.Editor.dll
Symbol file LoadedFromMemory is not a mono symbol file
Symbol file data-0000016146FB5030 doesn't match image C:\Users\sam.hamer\Downloads\MH2Files\motionhanging2\mh2 new movement\Library\ScriptAssemblies\Unity.AI.Navigation.Editor.dll
Symbol file LoadedFromMemory is not a mono symbol file
Symbol file data-00000160FE179030 doesn't match image C:\Users\sam.hamer\Downloads\MH2Files\motionhanging2\mh2 new movement\Library\ScriptAssemblies\Unity.ProBuilder.AssetIdRemapUtility.dll
Symbol file LoadedFromMemory is not a mono symbol file
Symbol file data-00000161027CC2C0 doesn't match image C:\Users\sam.hamer\Downloads\MH2Files\motionhanging2\mh2 new movement\Library\ScriptAssemblies\Unity.VisualScripting.State.dll
Symbol file LoadedFromMemory is not a mono symbol file
Symbol file data-0000016146220010 doesn't match image C:\Users\sam.hamer\Downloads\MH2Files\motionhanging2\mh2 new movement\Library\ScriptAssemblies\Unity.AI.Navigation.Editor.ConversionSystem.dll
Symbol file LoadedFromMemory is not a mono symbol file
Symbol file data-00000160FE179030 doesn't match image C:\Users\sam.hamer\Downloads\MH2Files\motionhanging2\mh2 new movement\Library\ScriptAssemblies\Unity.VSCode.Editor.dll
Symbol file LoadedFromMemory is not a mono symbol file
- Loaded All Assemblies, in  0.509 seconds
Native extension for WindowsStandalone target not found
Mono: successfully reloaded assembly
- Finished resetting the current domain, in  1.488 seconds
Domain Reload Profiling: 1995ms
	BeginReloadAssembly (141ms)
		ExecutionOrderSort (0ms)
		DisableScriptedObjects (3ms)
		BackupInstance (0ms)
		ReleaseScriptingObjects (0ms)
		CreateAndSetChildDomain (33ms)
	RebuildCommonClasses (35ms)
	RebuildNativeTypeToScriptingClass (9ms)
	initialDomainReloadingComplete (23ms)
	LoadAllAssembliesAndSetupDomain (299ms)
		LoadAssemblies (317ms)
		RebuildTransferFunctionScriptingTraits (0ms)
		AnalyzeDomain (52ms)
			TypeCache.Refresh (16ms)
				TypeCache.ScanAssembly (1ms)
			ScanForSourceGeneratedMonoScriptInfo (25ms)
			ResolveRequiredComponents (9ms)
	FinalizeReload (1488ms)
		ReleaseScriptCaches (0ms)
		RebuildScriptCaches (0ms)
		SetupLoadedEditorAssemblies (392ms)
			LogAssemblyErrors (0ms)
			InitializePlatformSupportModulesInManaged (4ms)
			SetLoadedEditorAssemblies (4ms)
			RefreshPlugins (0ms)
			BeforeProcessingInitializeOnLoad (65ms)
			ProcessInitializeOnLoadAttributes (258ms)
			ProcessInitializeOnLoadMethodAttributes (55ms)
			AfterProcessingInitializeOnLoad (4ms)
			EditorAssembliesLoaded (0ms)
		ExecutionOrderSort2 (0ms)
		AwakeInstancesAfterBackupRestoration (6ms)
Refreshing native plugins compatible for Editor in 2.73 ms, found 3 plugins.
Preloading 0 native plugins for Editor in 0.00 ms.
Unloading 5275 Unused Serialized files (Serialized files now loaded: 0)
Unloading 24 unused Assets / (0.7 MB). Loaded Objects now: 5899.
Memory consumption went from 188.7 MB to 188.0 MB.
Total: 4.584000 ms (FindLiveObjects: 0.482800 ms CreateObjectMapping: 0.359900 ms MarkObjects: 3.266900 ms  DeleteObjects: 0.473100 ms)

Prepare: number of updated asset objects reloaded= 0
AssetImportParameters requested are different than current active one (requested -> active):
  custom:container-demuxer-ogg: 62fdf1f143b41e24485cea50d1cbac27 -> 
  custom:video-codec-MediaFoundation-h265: 746d11721c4dcdbdad8f713fa42b33f4 -> 
  custom:video-decoder-ogg-theora: a1e56fd34408186e4bbccfd4996cb3dc -> 
  custom:framework-win-MediaFoundation: 216162199b28c13a410421893ffa2e32 -> 
  custom:CustomObjectIndexerAttribute: 72b91833f83ae208fae7752999fa3104 -> 
  custom:container-demuxer-webm: 4f35f7cbe854078d1ac9338744f61a02 -> 
  custom:container-muxer-webm: aa71ff27fc2769a1b78a27578f13a17b -> 
  custom:video-decoder-webm-vp8: 9c59270c3fd7afecdb556c50c9e8de78 -> 
  custom:SearchIndexIgnoredProperties: e643bd26f0fe6173181afceb89e7c659 -> 
  custom:AudioImporter_EditorPlatform: d09bf68614088b80899f8185d706f6e7 -> 
  custom:video-encoder-webm-vp8: eb34c28f22e8b96e1ab97ce403110664 -> 
  custom:audio-decoder-ogg-vorbis: bf7c407c2cedff20999df2af8eb42d56 -> 
  custom:audio-encoder-webm-vorbis: bf7c407c2cedff20999df2af8eb42d56 -> 
========================================================================
Received Prepare
Caller must complete domain reload
Begin MonoManager ReloadAssembly
Symbol file data-00000161036AD320 doesn't match image C:\Users\sam.hamer\Downloads\MH2Files\motionhanging2\mh2 new movement\Library\ScriptAssemblies\Unity.EditorCoroutines.Editor.dll
Symbol file LoadedFromMemory is not a mono symbol file
Symbol file data-00000160B71BAE90 doesn't match image C:\Users\sam.hamer\Downloads\MH2Files\motionhanging2\mh2 new movement\Library\ScriptAssemblies\Unity.AI.Navigation.dll
Symbol file LoadedFromMemory is not a mono symbol file
Symbol file data-0000016103CB7DA0 doesn't match image C:\Users\sam.hamer\Downloads\MH2Files\motionhanging2\mh2 new movement\Library\ScriptAssemblies\Unity.ProBuilder.Stl.dll
Symbol file LoadedFromMemory is not a mono symbol file
Symbol file data-00000160FB3157E0 doesn't match image C:\Users\sam.hamer\Downloads\MH2Files\motionhanging2\mh2 new movement\Library\ScriptAssemblies\Unity.ProBuilder.dll
Symbol file LoadedFromMemory is not a mono symbol file
Symbol file data-0000016101F87010 doesn't match image C:\Users\sam.hamer\Downloads\MH2Files\motionhanging2\mh2 new movement\Library\ScriptAssemblies\Unity.Timeline.Editor.dll
Symbol file LoadedFromMemory is not a mono symbol file
Symbol file data-00000160FCEBA010 doesn't match image C:\Users\sam.hamer\Downloads\MH2Files\motionhanging2\mh2 new movement\Library\ScriptAssemblies\Unity.VisualScripting.Shared.Editor.dll
Symbol file LoadedFromMemory is not a mono symbol file
Symbol file data-0000016103A5F050 doesn't match image C:\Users\sam.hamer\Downloads\MH2Files\motionhanging2\mh2 new movement\Library\ScriptAssemblies\Unity.VisualStudio.Editor.dll
Symbol file LoadedFromMemory is not a mono symbol file
Symbol file data-00000161016F9010 doesn't match image C:\Users\sam.hamer\Downloads\MH2Files\motionhanging2\mh2 new movement\Library\ScriptAssemblies\UnityEditor.UI.dll
Symbol file LoadedFromMemory is not a mono symbol file
Symbol file data-0000016103FFFF70 doesn't match image C:\Users\sam.hamer\Downloads\MH2Files\motionhanging2\mh2 new movement\Library\ScriptAssemblies\Unity.VisualScripting.Core.dll
Symbol file LoadedFromMemory is not a mono symbol file
Symbol file data-0000016100CA4010 doesn't match image C:\Users\sam.hamer\Downloads\MH2Files\motionhanging2\mh2 new movement\Library\ScriptAssemblies\Unity.VisualScripting.Core.Editor.dll
Symbol file LoadedFromMemory is not a mono symbol file
Symbol file data-00000161026FB8D0 doesn't match image C:\Users\sam.hamer\Downloads\MH2Files\motionhanging2\mh2 new movement\Library\ScriptAssemblies\Unity.Rider.Editor.dll
Symbol file LoadedFromMemory is not a mono symbol file
Symbol file data-0000016103C029C0 doesn't match image C:\Users\sam.hamer\Downloads\MH2Files\motionhanging2\mh2 new movement\Library\ScriptAssemblies\Unity.ProBuilder.AddOns.Editor.dll
Symbol file LoadedFromMemory is not a mono symbol file
Symbol file data-00000160FB931010 doesn't match image C:\Users\sam.hamer\Downloads\MH2Files\motionhanging2\mh2 new movement\Library\ScriptAssemblies\UnityEngine.UI.dll
Symbol file LoadedFromMemory is not a mono symbol file
Symbol file data-00000160FCC05820 doesn't match image C:\Users\sam.hamer\Downloads\MH2Files\motionhanging2\mh2 new movement\Library\ScriptAssemblies\Unity.ProBuilder.Csg.dll
Symbol file LoadedFromMemory is not a mono symbol file
Symbol file data-00000160FB3157E0 doesn't match image C:\Users\sam.hamer\Downloads\MH2Files\motionhanging2\mh2 new movement\Library\ScriptAssemblies\Unity.VisualScripting.Flow.dll
Symbol file LoadedFromMemory is not a mono symbol file
Symbol file data-0000016145415440 doesn't match image C:\Users\sam.hamer\Downloads\MH2Files\motionhanging2\mh2 new movement\Library\ScriptAssemblies\Unity.VisualScripting.Flow.Editor.dll
Symbol file LoadedFromMemory is not a mono symbol file
Symbol file data-0000016101CEA0A0 doesn't match image C:\Users\sam.hamer\Downloads\MH2Files\motionhanging2\mh2 new movement\Library\ScriptAssemblies\Unity.Timeline.dll
Symbol file LoadedFromMemory is not a mono symbol file
Symbol file data-0000016103CB7DA0 doesn't match image C:\Users\sam.hamer\Downloads\MH2Files\motionhanging2\mh2 new movement\Library\ScriptAssemblies\Unity.TestTools.CodeCoverage.Editor.OpenCover.Mono.Reflection.dll
Symbol file LoadedFromMemory is not a mono symbol file
Symbol file data-00000160FC5A8010 doesn't match image C:\Users\sam.hamer\Downloads\MH2Files\motionhanging2\mh2 new movement\Library\ScriptAssemblies\Unity.ProBuilder.Editor.dll
Symbol file LoadedFromMemory is not a mono symbol file
Symbol file data-00000160FB661020 doesn't match image C:\Users\sam.hamer\Downloads\MH2Files\motionhanging2\mh2 new movement\Library\ScriptAssemblies\Unity.VisualScripting.SettingsProvider.Editor.dll
Symbol file LoadedFromMemory is not a mono symbol file
Symbol file data-0000016145415440 doesn't match image C:\Users\sam.hamer\Downloads\MH2Files\motionhanging2\mh2 new movement\Library\ScriptAssemblies\Unity.Performance.Profile-Analyzer.Editor.dll
Symbol file LoadedFromMemory is not a mono symbol file
Symbol file data-0000015F467F7020 doesn't match image C:\Users\sam.hamer\Downloads\MH2Files\motionhanging2\mh2 new movement\Library\ScriptAssemblies\Unity.TestTools.CodeCoverage.Editor.dll
Symbol file LoadedFromMemory is not a mono symbol file
Symbol file data-00000160FB39C840 doesn't match image C:\Users\sam.hamer\Downloads\MH2Files\motionhanging2\mh2 new movement\Library\ScriptAssemblies\Unity.TestTools.CodeCoverage.Editor.OpenCover.Model.dll
Symbol file LoadedFromMemory is not a mono symbol file
Symbol file data-00000160B72815F0 doesn't match image C:\Users\sam.hamer\Downloads\MH2Files\motionhanging2\mh2 new movement\Library\ScriptAssemblies\Unity.PlasticSCM.Editor.dll
Symbol file LoadedFromMemory is not a mono symbol file
Symbol file data-00000160FCEBA010 doesn't match image C:\Users\sam.hamer\Downloads\MH2Files\motionhanging2\mh2 new movement\Library\ScriptAssemblies\Unity.AI.Navigation.Updater.dll
Symbol file LoadedFromMemory is not a mono symbol file
Symbol file data-000001610309A060 doesn't match image C:\Users\sam.hamer\Downloads\MH2Files\motionhanging2\mh2 new movement\Library\ScriptAssemblies\Unity.ProBuilder.Poly2Tri.dll
Symbol file LoadedFromMemory is not a mono symbol file
Symbol file data-00000161016F9010 doesn't match image C:\Users\sam.hamer\Downloads\MH2Files\motionhanging2\mh2 new movement\Library\ScriptAssemblies\Unity.VisualScripting.State.Editor.dll
Symbol file LoadedFromMemory is not a mono symbol file
Symbol file data-00000160FDCB6380 doesn't match image C:\Users\sam.hamer\Downloads\MH2Files\motionhanging2\mh2 new movement\Library\ScriptAssemblies\Unity.Settings.Editor.dll
Symbol file LoadedFromMemory is not a mono symbol file
Symbol file data-0000016103243E00 doesn't match image C:\Users\sam.hamer\Downloads\MH2Files\motionhanging2\mh2 new movement\Library\ScriptAssemblies\Unity.ProBuilder.KdTree.dll
Symbol file LoadedFromMemory is not a mono symbol file
Symbol file data-00000161460CE9B0 doesn't match image C:\Users\sam.hamer\Downloads\MH2Files\motionhanging2\mh2 new movement\Library\ScriptAssemblies\Unity.CollabProxy.Editor.dll
Symbol file LoadedFromMemory is not a mono symbol file
Symbol file data-00000160FB3157E0 doesn't match image C:\Users\sam.hamer\Downloads\MH2Files\motionhanging2\mh2 new movement\Library\ScriptAssemblies\Unity.TextMeshPro.dll
Symbol file LoadedFromMemory is not a mono symbol file
Symbol file data-0000016101CEA0A0 doesn't match image C:\Users\sam.hamer\Downloads\MH2Files\motionhanging2\mh2 new movement\Library\ScriptAssemblies\Unity.TextMeshPro.Editor.dll
Symbol file LoadedFromMemory is not a mono symbol file
Symbol file data-0000016146FB5030 doesn't match image C:\Users\sam.hamer\Downloads\MH2Files\motionhanging2\mh2 new movement\Library\ScriptAssemblies\Unity.AI.Navigation.Editor.dll
Symbol file LoadedFromMemory is not a mono symbol file
Symbol file data-00000160FB39C840 doesn't match image C:\Users\sam.hamer\Downloads\MH2Files\motionhanging2\mh2 new movement\Library\ScriptAssemblies\Unity.ProBuilder.AssetIdRemapUtility.dll
Symbol file LoadedFromMemory is not a mono symbol file
Symbol file data-00000160FAEA6040 doesn't match image C:\Users\sam.hamer\Downloads\MH2Files\motionhanging2\mh2 new movement\Library\ScriptAssemblies\Unity.VisualScripting.State.dll
Symbol file LoadedFromMemory is not a mono symbol file
Symbol file data-0000016103243E00 doesn't match image C:\Users\sam.hamer\Downloads\MH2Files\motionhanging2\mh2 new movement\Library\ScriptAssemblies\Unity.AI.Navigation.Editor.ConversionSystem.dll
Symbol file LoadedFromMemory is not a mono symbol file
Symbol file data-00000160FAEA6040 doesn't match image C:\Users\sam.hamer\Downloads\MH2Files\motionhanging2\mh2 new movement\Library\ScriptAssemblies\Unity.VSCode.Editor.dll
Symbol file LoadedFromMemory is not a mono symbol file
- Loaded All Assemblies, in  0.447 seconds
Native extension for WindowsStandalone target not found
Mono: successfully reloaded assembly
- Finished resetting the current domain, in  1.021 seconds
Domain Reload Profiling: 1466ms
	BeginReloadAssembly (145ms)
		ExecutionOrderSort (0ms)
		DisableScriptedObjects (3ms)
		BackupInstance (0ms)
		ReleaseScriptingObjects (0ms)
		CreateAndSetChildDomain (42ms)
	RebuildCommonClasses (25ms)
	RebuildNativeTypeToScriptingClass (9ms)
	initialDomainReloadingComplete (23ms)
	LoadAllAssembliesAndSetupDomain (242ms)
		LoadAssemblies (294ms)
		RebuildTransferFunctionScriptingTraits (0ms)
		AnalyzeDomain (18ms)
			TypeCache.Refresh (6ms)
				TypeCache.ScanAssembly (0ms)
			ScanForSourceGeneratedMonoScriptInfo (0ms)
			ResolveRequiredComponents (10ms)
	FinalizeReload (1022ms)
		ReleaseScriptCaches (0ms)
		RebuildScriptCaches (0ms)
		SetupLoadedEditorAssemblies (461ms)
			LogAssemblyErrors (0ms)
			InitializePlatformSupportModulesInManaged (5ms)
			SetLoadedEditorAssemblies (5ms)
			RefreshPlugins (0ms)
			BeforeProcessingInitializeOnLoad (74ms)
			ProcessInitializeOnLoadAttributes (306ms)
			ProcessInitializeOnLoadMethodAttributes (66ms)
			AfterProcessingInitializeOnLoad (4ms)
			EditorAssembliesLoaded (0ms)
		ExecutionOrderSort2 (0ms)
		AwakeInstancesAfterBackupRestoration (5ms)
Refreshing native plugins compatible for Editor in 3.77 ms, found 3 plugins.
Preloading 0 native plugins for Editor in 0.00 ms.
Unloading 5275 Unused Serialized files (Serialized files now loaded: 0)
Unloading 24 unused Assets / (0.7 MB). Loaded Objects now: 5902.
Memory consumption went from 188.7 MB to 188.0 MB.
Total: 4.989400 ms (FindLiveObjects: 0.416200 ms CreateObjectMapping: 0.249500 ms MarkObjects: 3.593600 ms  DeleteObjects: 0.728600 ms)

Prepare: number of updated asset objects reloaded= 0
AssetImportParameters requested are different than current active one (requested -> active):
  custom:container-demuxer-ogg: 62fdf1f143b41e24485cea50d1cbac27 -> 
  custom:video-codec-MediaFoundation-h265: 746d11721c4dcdbdad8f713fa42b33f4 -> 
  custom:video-decoder-ogg-theora: a1e56fd34408186e4bbccfd4996cb3dc -> 
  custom:framework-win-MediaFoundation: 216162199b28c13a410421893ffa2e32 -> 
  custom:CustomObjectIndexerAttribute: 72b91833f83ae208fae7752999fa3104 -> 
  custom:container-demuxer-webm: 4f35f7cbe854078d1ac9338744f61a02 -> 
  custom:container-muxer-webm: aa71ff27fc2769a1b78a27578f13a17b -> 
  custom:video-decoder-webm-vp8: 9c59270c3fd7afecdb556c50c9e8de78 -> 
  custom:SearchIndexIgnoredProperties: e643bd26f0fe6173181afceb89e7c659 -> 
  custom:AudioImporter_EditorPlatform: d09bf68614088b80899f8185d706f6e7 -> 
  custom:video-encoder-webm-vp8: eb34c28f22e8b96e1ab97ce403110664 -> 
  custom:audio-decoder-ogg-vorbis: bf7c407c2cedff20999df2af8eb42d56 -> 
  custom:audio-encoder-webm-vorbis: bf7c407c2cedff20999df2af8eb42d56 -> 
========================================================================
Received Prepare
Caller must complete domain reload
Begin MonoManager ReloadAssembly
Symbol file data-00000161003A1E60 doesn't match image C:\Users\sam.hamer\Downloads\MH2Files\motionhanging2\mh2 new movement\Library\ScriptAssemblies\Unity.EditorCoroutines.Editor.dll
Symbol file LoadedFromMemory is not a mono symbol file
Symbol file data-00000160B71BAE90 doesn't match image C:\Users\sam.hamer\Downloads\MH2Files\motionhanging2\mh2 new movement\Library\ScriptAssemblies\Unity.AI.Navigation.dll
Symbol file LoadedFromMemory is not a mono symbol file
Symbol file data-0000016102D401B0 doesn't match image C:\Users\sam.hamer\Downloads\MH2Files\motionhanging2\mh2 new movement\Library\ScriptAssemblies\Unity.ProBuilder.Stl.dll
Symbol file LoadedFromMemory is not a mono symbol file
Symbol file data-00000160FB3157E0 doesn't match image C:\Users\sam.hamer\Downloads\MH2Files\motionhanging2\mh2 new movement\Library\ScriptAssemblies\Unity.ProBuilder.dll
Symbol file LoadedFromMemory is not a mono symbol file
Symbol file data-000001610276E320 doesn't match image C:\Users\sam.hamer\Downloads\MH2Files\motionhanging2\mh2 new movement\Library\ScriptAssemblies\Unity.Timeline.Editor.dll
Symbol file LoadedFromMemory is not a mono symbol file
Symbol file data-00000160FC7D1030 doesn't match image C:\Users\sam.hamer\Downloads\MH2Files\motionhanging2\mh2 new movement\Library\ScriptAssemblies\Unity.VisualScripting.Shared.Editor.dll
Symbol file LoadedFromMemory is not a mono symbol file
Symbol file data-00000161467D3020 doesn't match image C:\Users\sam.hamer\Downloads\MH2Files\motionhanging2\mh2 new movement\Library\ScriptAssemblies\Unity.VisualStudio.Editor.dll
Symbol file LoadedFromMemory is not a mono symbol file
Symbol file data-0000016146FD2EE0 doesn't match image C:\Users\sam.hamer\Downloads\MH2Files\motionhanging2\mh2 new movement\Library\ScriptAssemblies\UnityEditor.UI.dll
Symbol file LoadedFromMemory is not a mono symbol file
Symbol file data-0000016145BA0080 doesn't match image C:\Users\sam.hamer\Downloads\MH2Files\motionhanging2\mh2 new movement\Library\ScriptAssemblies\Unity.VisualScripting.Core.dll
Symbol file LoadedFromMemory is not a mono symbol file
Symbol file data-0000016146AE1040 doesn't match image C:\Users\sam.hamer\Downloads\MH2Files\motionhanging2\mh2 new movement\Library\ScriptAssemblies\Unity.VisualScripting.Core.Editor.dll
Symbol file LoadedFromMemory is not a mono symbol file
Symbol file data-0000016100396EF0 doesn't match image C:\Users\sam.hamer\Downloads\MH2Files\motionhanging2\mh2 new movement\Library\ScriptAssemblies\Unity.Rider.Editor.dll
Symbol file LoadedFromMemory is not a mono symbol file
Symbol file data-00000161027069F0 doesn't match image C:\Users\sam.hamer\Downloads\MH2Files\motionhanging2\mh2 new movement\Library\ScriptAssemblies\Unity.ProBuilder.AddOns.Editor.dll
Symbol file LoadedFromMemory is not a mono symbol file
Symbol file data-0000016102E73040 doesn't match image C:\Users\sam.hamer\Downloads\MH2Files\motionhanging2\mh2 new movement\Library\ScriptAssemblies\UnityEngine.UI.dll
Symbol file LoadedFromMemory is not a mono symbol file
Symbol file data-00000160FCC05820 doesn't match image C:\Users\sam.hamer\Downloads\MH2Files\motionhanging2\mh2 new movement\Library\ScriptAssemblies\Unity.ProBuilder.Csg.dll
Symbol file LoadedFromMemory is not a mono symbol file
Symbol file data-00000160FB3157E0 doesn't match image C:\Users\sam.hamer\Downloads\MH2Files\motionhanging2\mh2 new movement\Library\ScriptAssemblies\Unity.VisualScripting.Flow.dll
Symbol file LoadedFromMemory is not a mono symbol file
Symbol file data-00000160FBA5E020 doesn't match image C:\Users\sam.hamer\Downloads\MH2Files\motionhanging2\mh2 new movement\Library\ScriptAssemblies\Unity.VisualScripting.Flow.Editor.dll
Symbol file LoadedFromMemory is not a mono symbol file
Symbol file data-00000161453F1010 doesn't match image C:\Users\sam.hamer\Downloads\MH2Files\motionhanging2\mh2 new movement\Library\ScriptAssemblies\Unity.Timeline.dll
Symbol file LoadedFromMemory is not a mono symbol file
Symbol file data-00000160FCFA7010 doesn't match image C:\Users\sam.hamer\Downloads\MH2Files\motionhanging2\mh2 new movement\Library\ScriptAssemblies\Unity.TestTools.CodeCoverage.Editor.OpenCover.Mono.Reflection.dll
Symbol file LoadedFromMemory is not a mono symbol file
Symbol file data-0000016101DB4010 doesn't match image C:\Users\sam.hamer\Downloads\MH2Files\motionhanging2\mh2 new movement\Library\ScriptAssemblies\Unity.ProBuilder.Editor.dll
Symbol file LoadedFromMemory is not a mono symbol file
Symbol file data-00000161466AD030 doesn't match image C:\Users\sam.hamer\Downloads\MH2Files\motionhanging2\mh2 new movement\Library\ScriptAssemblies\Unity.VisualScripting.SettingsProvider.Editor.dll
Symbol file LoadedFromMemory is not a mono symbol file
Symbol file data-00000160FBA5E020 doesn't match image C:\Users\sam.hamer\Downloads\MH2Files\motionhanging2\mh2 new movement\Library\ScriptAssemblies\Unity.Performance.Profile-Analyzer.Editor.dll
Symbol file LoadedFromMemory is not a mono symbol file
Symbol file data-0000015F467F7020 doesn't match image C:\Users\sam.hamer\Downloads\MH2Files\motionhanging2\mh2 new movement\Library\ScriptAssemblies\Unity.TestTools.CodeCoverage.Editor.dll
Symbol file LoadedFromMemory is not a mono symbol file
Symbol file data-0000015F4622E010 doesn't match image C:\Users\sam.hamer\Downloads\MH2Files\motionhanging2\mh2 new movement\Library\ScriptAssemblies\Unity.TestTools.CodeCoverage.Editor.OpenCover.Model.dll
Symbol file LoadedFromMemory is not a mono symbol file
Symbol file data-00000160B72815F0 doesn't match image C:\Users\sam.hamer\Downloads\MH2Files\motionhanging2\mh2 new movement\Library\ScriptAssemblies\Unity.PlasticSCM.Editor.dll
Symbol file LoadedFromMemory is not a mono symbol file
Symbol file data-0000016100D4D010 doesn't match image C:\Users\sam.hamer\Downloads\MH2Files\motionhanging2\mh2 new movement\Library\ScriptAssemblies\Unity.AI.Navigation.Updater.dll
Symbol file LoadedFromMemory is not a mono symbol file
Symbol file data-000001610309A060 doesn't match image C:\Users\sam.hamer\Downloads\MH2Files\motionhanging2\mh2 new movement\Library\ScriptAssemblies\Unity.ProBuilder.Poly2Tri.dll
Symbol file LoadedFromMemory is not a mono symbol file
Symbol file data-0000016146FD2EE0 doesn't match image C:\Users\sam.hamer\Downloads\MH2Files\motionhanging2\mh2 new movement\Library\ScriptAssemblies\Unity.VisualScripting.State.Editor.dll
Symbol file LoadedFromMemory is not a mono symbol file
Symbol file data-0000015F4622E010 doesn't match image C:\Users\sam.hamer\Downloads\MH2Files\motionhanging2\mh2 new movement\Library\ScriptAssemblies\Unity.Settings.Editor.dll
Symbol file LoadedFromMemory is not a mono symbol file
Symbol file data-0000016103CB7DA0 doesn't match image C:\Users\sam.hamer\Downloads\MH2Files\motionhanging2\mh2 new movement\Library\ScriptAssemblies\Unity.ProBuilder.KdTree.dll
Symbol file LoadedFromMemory is not a mono symbol file
Symbol file data-00000160FC7D1030 doesn't match image C:\Users\sam.hamer\Downloads\MH2Files\motionhanging2\mh2 new movement\Library\ScriptAssemblies\Unity.CollabProxy.Editor.dll
Symbol file LoadedFromMemory is not a mono symbol file
Symbol file data-00000160FB3157E0 doesn't match image C:\Users\sam.hamer\Downloads\MH2Files\motionhanging2\mh2 new movement\Library\ScriptAssemblies\Unity.TextMeshPro.dll
Symbol file LoadedFromMemory is not a mono symbol file
Symbol file data-00000160B6F2FE20 doesn't match image C:\Users\sam.hamer\Downloads\MH2Files\motionhanging2\mh2 new movement\Library\ScriptAssemblies\Unity.TextMeshPro.Editor.dll
Symbol file LoadedFromMemory is not a mono symbol file
Symbol file data-0000016100429040 doesn't match image C:\Users\sam.hamer\Downloads\MH2Files\motionhanging2\mh2 new movement\Library\ScriptAssemblies\Unity.AI.Navigation.Editor.dll
Symbol file LoadedFromMemory is not a mono symbol file
Symbol file data-0000015F4622E010 doesn't match image C:\Users\sam.hamer\Downloads\MH2Files\motionhanging2\mh2 new movement\Library\ScriptAssemblies\Unity.ProBuilder.AssetIdRemapUtility.dll
Symbol file LoadedFromMemory is not a mono symbol file
Symbol file data-0000015F4622E010 doesn't match image C:\Users\sam.hamer\Downloads\MH2Files\motionhanging2\mh2 new movement\Library\ScriptAssemblies\Unity.VisualScripting.State.dll
Symbol file LoadedFromMemory is not a mono symbol file
Symbol file data-0000016145455460 doesn't match image C:\Users\sam.hamer\Downloads\MH2Files\motionhanging2\mh2 new movement\Library\ScriptAssemblies\Unity.AI.Navigation.Editor.ConversionSystem.dll
Symbol file LoadedFromMemory is not a mono symbol file
Symbol file data-0000015F4622E010 doesn't match image C:\Users\sam.hamer\Downloads\MH2Files\motionhanging2\mh2 new movement\Library\ScriptAssemblies\Unity.VSCode.Editor.dll
Symbol file LoadedFromMemory is not a mono symbol file
- Loaded All Assemblies, in  0.527 seconds
Native extension for WindowsStandalone target not found
Mono: successfully reloaded assembly
- Finished resetting the current domain, in  1.568 seconds
Domain Reload Profiling: 2093ms
	BeginReloadAssembly (151ms)
		ExecutionOrderSort (0ms)
		DisableScriptedObjects (5ms)
		BackupInstance (0ms)
		ReleaseScriptingObjects (0ms)
		CreateAndSetChildDomain (36ms)
	RebuildCommonClasses (30ms)
	RebuildNativeTypeToScriptingClass (11ms)
	initialDomainReloadingComplete (27ms)
	LoadAllAssembliesAndSetupDomain (306ms)
		LoadAssemblies (335ms)
		RebuildTransferFunctionScriptingTraits (0ms)
		AnalyzeDomain (51ms)
			TypeCache.Refresh (16ms)
				TypeCache.ScanAssembly (1ms)
			ScanForSourceGeneratedMonoScriptInfo (23ms)
			ResolveRequiredComponents (10ms)
	FinalizeReload (1569ms)
		ReleaseScriptCaches (0ms)
		RebuildScriptCaches (0ms)
		SetupLoadedEditorAssemblies (433ms)
			LogAssemblyErrors (0ms)
			InitializePlatformSupportModulesInManaged (6ms)
			SetLoadedEditorAssemblies (5ms)
			RefreshPlugins (0ms)
			BeforeProcessingInitializeOnLoad (78ms)
			ProcessInitializeOnLoadAttributes (280ms)
			ProcessInitializeOnLoadMethodAttributes (60ms)
			AfterProcessingInitializeOnLoad (4ms)
			EditorAssembliesLoaded (0ms)
		ExecutionOrderSort2 (0ms)
		AwakeInstancesAfterBackupRestoration (4ms)
Refreshing native plugins compatible for Editor in 4.53 ms, found 3 plugins.
Preloading 0 native plugins for Editor in 0.00 ms.
Unloading 5275 Unused Serialized files (Serialized files now loaded: 0)
Unloading 24 unused Assets / (0.8 MB). Loaded Objects now: 5905.
Memory consumption went from 188.7 MB to 188.0 MB.
Total: 3.264900 ms (FindLiveObjects: 0.352100 ms CreateObjectMapping: 0.205000 ms MarkObjects: 2.345700 ms  DeleteObjects: 0.360800 ms)

Prepare: number of updated asset objects reloaded= 0
AssetImportParameters requested are different than current active one (requested -> active):
  custom:container-demuxer-ogg: 62fdf1f143b41e24485cea50d1cbac27 -> 
  custom:video-codec-MediaFoundation-h265: 746d11721c4dcdbdad8f713fa42b33f4 -> 
  custom:video-decoder-ogg-theora: a1e56fd34408186e4bbccfd4996cb3dc -> 
  custom:framework-win-MediaFoundation: 216162199b28c13a410421893ffa2e32 -> 
  custom:CustomObjectIndexerAttribute: 72b91833f83ae208fae7752999fa3104 -> 
  custom:container-demuxer-webm: 4f35f7cbe854078d1ac9338744f61a02 -> 
  custom:container-muxer-webm: aa71ff27fc2769a1b78a27578f13a17b -> 
  custom:video-decoder-webm-vp8: 9c59270c3fd7afecdb556c50c9e8de78 -> 
  custom:SearchIndexIgnoredProperties: e643bd26f0fe6173181afceb89e7c659 -> 
  custom:AudioImporter_EditorPlatform: d09bf68614088b80899f8185d706f6e7 -> 
  custom:video-encoder-webm-vp8: eb34c28f22e8b96e1ab97ce403110664 -> 
  custom:audio-decoder-ogg-vorbis: bf7c407c2cedff20999df2af8eb42d56 -> 
  custom:audio-encoder-webm-vorbis: bf7c407c2cedff20999df2af8eb42d56 -> 
  custom:scripting/precompiled-assembly-types:Assembly-CSharp: 8fae6a922ebb8c58051e2d0bc9e2f8d7 -> f9cc845100246f9e19ea0cb9b596e49b
========================================================================
Received Prepare
Caller must complete domain reload
Begin MonoManager ReloadAssembly
Symbol file data-00000161003A1E60 doesn't match image C:\Users\sam.hamer\Downloads\MH2Files\motionhanging2\mh2 new movement\Library\ScriptAssemblies\Unity.EditorCoroutines.Editor.dll
Symbol file LoadedFromMemory is not a mono symbol file
Symbol file data-00000160B71BAE90 doesn't match image C:\Users\sam.hamer\Downloads\MH2Files\motionhanging2\mh2 new movement\Library\ScriptAssemblies\Unity.AI.Navigation.dll
Symbol file LoadedFromMemory is not a mono symbol file
Symbol file data-0000016102D401B0 doesn't match image C:\Users\sam.hamer\Downloads\MH2Files\motionhanging2\mh2 new movement\Library\ScriptAssemblies\Unity.ProBuilder.Stl.dll
Symbol file LoadedFromMemory is not a mono symbol file
Symbol file data-00000160FB3157E0 doesn't match image C:\Users\sam.hamer\Downloads\MH2Files\motionhanging2\mh2 new movement\Library\ScriptAssemblies\Unity.ProBuilder.dll
Symbol file LoadedFromMemory is not a mono symbol file
Symbol file data-000001610276E320 doesn't match image C:\Users\sam.hamer\Downloads\MH2Files\motionhanging2\mh2 new movement\Library\ScriptAssemblies\Unity.Timeline.Editor.dll
Symbol file LoadedFromMemory is not a mono symbol file
Symbol file data-00000160FAC169E0 doesn't match image C:\Users\sam.hamer\Downloads\MH2Files\motionhanging2\mh2 new movement\Library\ScriptAssemblies\Unity.VisualScripting.Shared.Editor.dll
Symbol file LoadedFromMemory is not a mono symbol file
Symbol file data-0000015F46585010 doesn't match image C:\Users\sam.hamer\Downloads\MH2Files\motionhanging2\mh2 new movement\Library\ScriptAssemblies\Unity.VisualStudio.Editor.dll
Symbol file LoadedFromMemory is not a mono symbol file
Symbol file data-0000016146FD2EE0 doesn't match image C:\Users\sam.hamer\Downloads\MH2Files\motionhanging2\mh2 new movement\Library\ScriptAssemblies\UnityEditor.UI.dll
Symbol file LoadedFromMemory is not a mono symbol file
Symbol file data-0000016145BA0080 doesn't match image C:\Users\sam.hamer\Downloads\MH2Files\motionhanging2\mh2 new movement\Library\ScriptAssemblies\Unity.VisualScripting.Core.dll
Symbol file LoadedFromMemory is not a mono symbol file
Symbol file data-0000016146AE1040 doesn't match image C:\Users\sam.hamer\Downloads\MH2Files\motionhanging2\mh2 new movement\Library\ScriptAssemblies\Unity.VisualScripting.Core.Editor.dll
Symbol file LoadedFromMemory is not a mono symbol file
Symbol file data-0000016100396EF0 doesn't match image C:\Users\sam.hamer\Downloads\MH2Files\motionhanging2\mh2 new movement\Library\ScriptAssemblies\Unity.Rider.Editor.dll
Symbol file LoadedFromMemory is not a mono symbol file
Symbol file data-000001610356F020 doesn't match image C:\Users\sam.hamer\Downloads\MH2Files\motionhanging2\mh2 new movement\Library\ScriptAssemblies\Unity.ProBuilder.AddOns.Editor.dll
Symbol file LoadedFromMemory is not a mono symbol file
Symbol file data-0000016102E73040 doesn't match image C:\Users\sam.hamer\Downloads\MH2Files\motionhanging2\mh2 new movement\Library\ScriptAssemblies\UnityEngine.UI.dll
Symbol file LoadedFromMemory is not a mono symbol file
Symbol file data-00000160FCC05820 doesn't match image C:\Users\sam.hamer\Downloads\MH2Files\motionhanging2\mh2 new movement\Library\ScriptAssemblies\Unity.ProBuilder.Csg.dll
Symbol file LoadedFromMemory is not a mono symbol file
Symbol file data-00000160FB3157E0 doesn't match image C:\Users\sam.hamer\Downloads\MH2Files\motionhanging2\mh2 new movement\Library\ScriptAssemblies\Unity.VisualScripting.Flow.dll
Symbol file LoadedFromMemory is not a mono symbol file
Symbol file data-00000161458A6020 doesn't match image C:\Users\sam.hamer\Downloads\MH2Files\motionhanging2\mh2 new movement\Library\ScriptAssemblies\Unity.VisualScripting.Flow.Editor.dll
Symbol file LoadedFromMemory is not a mono symbol file
Symbol file data-00000161037C9020 doesn't match image C:\Users\sam.hamer\Downloads\MH2Files\motionhanging2\mh2 new movement\Library\ScriptAssemblies\Unity.Timeline.dll
Symbol file LoadedFromMemory is not a mono symbol file
Symbol file data-00000161466AD030 doesn't match image C:\Users\sam.hamer\Downloads\MH2Files\motionhanging2\mh2 new movement\Library\ScriptAssemblies\Unity.TestTools.CodeCoverage.Editor.OpenCover.Mono.Reflection.dll
Symbol file LoadedFromMemory is not a mono symbol file
Symbol file data-0000016101DB4010 doesn't match image C:\Users\sam.hamer\Downloads\MH2Files\motionhanging2\mh2 new movement\Library\ScriptAssemblies\Unity.ProBuilder.Editor.dll
Symbol file LoadedFromMemory is not a mono symbol file
Symbol file data-00000161466AD030 doesn't match image C:\Users\sam.hamer\Downloads\MH2Files\motionhanging2\mh2 new movement\Library\ScriptAssemblies\Unity.VisualScripting.SettingsProvider.Editor.dll
Symbol file LoadedFromMemory is not a mono symbol file
Symbol file data-00000161458A6020 doesn't match image C:\Users\sam.hamer\Downloads\MH2Files\motionhanging2\mh2 new movement\Library\ScriptAssemblies\Unity.Performance.Profile-Analyzer.Editor.dll
Symbol file LoadedFromMemory is not a mono symbol file
Symbol file data-0000015F467F7020 doesn't match image C:\Users\sam.hamer\Downloads\MH2Files\motionhanging2\mh2 new movement\Library\ScriptAssemblies\Unity.TestTools.CodeCoverage.Editor.dll
Symbol file LoadedFromMemory is not a mono symbol file
Symbol file data-0000016102A75010 doesn't match image C:\Users\sam.hamer\Downloads\MH2Files\motionhanging2\mh2 new movement\Library\ScriptAssemblies\Unity.TestTools.CodeCoverage.Editor.OpenCover.Model.dll
Symbol file LoadedFromMemory is not a mono symbol file
Symbol file data-00000160B72815F0 doesn't match image C:\Users\sam.hamer\Downloads\MH2Files\motionhanging2\mh2 new movement\Library\ScriptAssemblies\Unity.PlasticSCM.Editor.dll
Symbol file LoadedFromMemory is not a mono symbol file
Symbol file data-00000160FCEBA010 doesn't match image C:\Users\sam.hamer\Downloads\MH2Files\motionhanging2\mh2 new movement\Library\ScriptAssemblies\Unity.AI.Navigation.Updater.dll
Symbol file LoadedFromMemory is not a mono symbol file
Symbol file data-00000160FB161020 doesn't match image C:\Users\sam.hamer\Downloads\MH2Files\motionhanging2\mh2 new movement\Library\ScriptAssemblies\Unity.ProBuilder.Poly2Tri.dll
Symbol file LoadedFromMemory is not a mono symbol file
Symbol file data-0000016146FD2EE0 doesn't match image C:\Users\sam.hamer\Downloads\MH2Files\motionhanging2\mh2 new movement\Library\ScriptAssemblies\Unity.VisualScripting.State.Editor.dll
Symbol file LoadedFromMemory is not a mono symbol file
Symbol file data-0000015F4622E010 doesn't match image C:\Users\sam.hamer\Downloads\MH2Files\motionhanging2\mh2 new movement\Library\ScriptAssemblies\Unity.Settings.Editor.dll
Symbol file LoadedFromMemory is not a mono symbol file
Symbol file data-0000016103CB7DA0 doesn't match image C:\Users\sam.hamer\Downloads\MH2Files\motionhanging2\mh2 new movement\Library\ScriptAssemblies\Unity.ProBuilder.KdTree.dll
Symbol file LoadedFromMemory is not a mono symbol file
Symbol file data-0000016103A83260 doesn't match image C:\Users\sam.hamer\Downloads\MH2Files\motionhanging2\mh2 new movement\Library\ScriptAssemblies\Unity.CollabProxy.Editor.dll
Symbol file LoadedFromMemory is not a mono symbol file
Symbol file data-00000160FB3157E0 doesn't match image C:\Users\sam.hamer\Downloads\MH2Files\motionhanging2\mh2 new movement\Library\ScriptAssemblies\Unity.TextMeshPro.dll
Symbol file LoadedFromMemory is not a mono symbol file
Symbol file data-00000160B6F2FE20 doesn't match image C:\Users\sam.hamer\Downloads\MH2Files\motionhanging2\mh2 new movement\Library\ScriptAssemblies\Unity.TextMeshPro.Editor.dll
Symbol file LoadedFromMemory is not a mono symbol file
Symbol file data-0000016100429040 doesn't match image C:\Users\sam.hamer\Downloads\MH2Files\motionhanging2\mh2 new movement\Library\ScriptAssemblies\Unity.AI.Navigation.Editor.dll
Symbol file LoadedFromMemory is not a mono symbol file
Symbol file data-0000016102A75010 doesn't match image C:\Users\sam.hamer\Downloads\MH2Files\motionhanging2\mh2 new movement\Library\ScriptAssemblies\Unity.ProBuilder.AssetIdRemapUtility.dll
Symbol file LoadedFromMemory is not a mono symbol file
Symbol file data-0000015F4622E010 doesn't match image C:\Users\sam.hamer\Downloads\MH2Files\motionhanging2\mh2 new movement\Library\ScriptAssemblies\Unity.VisualScripting.State.dll
Symbol file LoadedFromMemory is not a mono symbol file
Symbol file data-0000016145455460 doesn't match image C:\Users\sam.hamer\Downloads\MH2Files\motionhanging2\mh2 new movement\Library\ScriptAssemblies\Unity.AI.Navigation.Editor.ConversionSystem.dll
Symbol file LoadedFromMemory is not a mono symbol file
Symbol file data-0000016102A75010 doesn't match image C:\Users\sam.hamer\Downloads\MH2Files\motionhanging2\mh2 new movement\Library\ScriptAssemblies\Unity.VSCode.Editor.dll
Symbol file LoadedFromMemory is not a mono symbol file
- Loaded All Assemblies, in  0.477 seconds
Native extension for WindowsStandalone target not found
Mono: successfully reloaded assembly
- Finished resetting the current domain, in  1.019 seconds
Domain Reload Profiling: 1494ms
	BeginReloadAssembly (145ms)
		ExecutionOrderSort (0ms)
		DisableScriptedObjects (4ms)
		BackupInstance (0ms)
		ReleaseScriptingObjects (0ms)
		CreateAndSetChildDomain (31ms)
	RebuildCommonClasses (30ms)
	RebuildNativeTypeToScriptingClass (10ms)
	initialDomainReloadingComplete (31ms)
	LoadAllAssembliesAndSetupDomain (258ms)
		LoadAssemblies (311ms)
		RebuildTransferFunctionScriptingTraits (0ms)
		AnalyzeDomain (23ms)
			TypeCache.Refresh (12ms)
				TypeCache.ScanAssembly (0ms)
			ScanForSourceGeneratedMonoScriptInfo (0ms)
			ResolveRequiredComponents (10ms)
	FinalizeReload (1020ms)
		ReleaseScriptCaches (0ms)
		RebuildScriptCaches (0ms)
		SetupLoadedEditorAssemblies (438ms)
			LogAssemblyErrors (0ms)
			InitializePlatformSupportModulesInManaged (7ms)
			SetLoadedEditorAssemblies (5ms)
			RefreshPlugins (0ms)
			BeforeProcessingInitializeOnLoad (69ms)
			ProcessInitializeOnLoadAttributes (277ms)
			ProcessInitializeOnLoadMethodAttributes (70ms)
			AfterProcessingInitializeOnLoad (10ms)
			EditorAssembliesLoaded (0ms)
		ExecutionOrderSort2 (0ms)
		AwakeInstancesAfterBackupRestoration (6ms)
Refreshing native plugins compatible for Editor in 4.31 ms, found 3 plugins.
Preloading 0 native plugins for Editor in 0.00 ms.
Unloading 5275 Unused Serialized files (Serialized files now loaded: 0)
Unloading 24 unused Assets / (0.7 MB). Loaded Objects now: 5908.
Memory consumption went from 188.7 MB to 188.0 MB.
Total: 6.259200 ms (FindLiveObjects: 0.616900 ms CreateObjectMapping: 0.433200 ms MarkObjects: 4.306500 ms  DeleteObjects: 0.900400 ms)

Prepare: number of updated asset objects reloaded= 0
AssetImportParameters requested are different than current active one (requested -> active):
  custom:container-demuxer-ogg: 62fdf1f143b41e24485cea50d1cbac27 -> 
  custom:video-codec-MediaFoundation-h265: 746d11721c4dcdbdad8f713fa42b33f4 -> 
  custom:video-decoder-ogg-theora: a1e56fd34408186e4bbccfd4996cb3dc -> 
  custom:framework-win-MediaFoundation: 216162199b28c13a410421893ffa2e32 -> 
  custom:CustomObjectIndexerAttribute: 72b91833f83ae208fae7752999fa3104 -> 
  custom:container-demuxer-webm: 4f35f7cbe854078d1ac9338744f61a02 -> 
  custom:container-muxer-webm: aa71ff27fc2769a1b78a27578f13a17b -> 
  custom:video-decoder-webm-vp8: 9c59270c3fd7afecdb556c50c9e8de78 -> 
  custom:SearchIndexIgnoredProperties: e643bd26f0fe6173181afceb89e7c659 -> 
  custom:AudioImporter_EditorPlatform: d09bf68614088b80899f8185d706f6e7 -> 
  custom:video-encoder-webm-vp8: eb34c28f22e8b96e1ab97ce403110664 -> 
  custom:audio-decoder-ogg-vorbis: bf7c407c2cedff20999df2af8eb42d56 -> 
  custom:audio-encoder-webm-vorbis: bf7c407c2cedff20999df2af8eb42d56 -> 
  custom:scripting/precompiled-assembly-types:Assembly-CSharp: 8fae6a922ebb8c58051e2d0bc9e2f8d7 -> f9cc845100246f9e19ea0cb9b596e49b
========================================================================
Received Prepare
Caller must complete domain reload
Begin MonoManager ReloadAssembly
Symbol file data-00000161003A1E60 doesn't match image C:\Users\sam.hamer\Downloads\MH2Files\motionhanging2\mh2 new movement\Library\ScriptAssemblies\Unity.EditorCoroutines.Editor.dll
Symbol file LoadedFromMemory is not a mono symbol file
Symbol file data-00000161005A5010 doesn't match image C:\Users\sam.hamer\Downloads\MH2Files\motionhanging2\mh2 new movement\Library\ScriptAssemblies\Unity.AI.Navigation.dll
Symbol file LoadedFromMemory is not a mono symbol file
Symbol file data-0000016102D401B0 doesn't match image C:\Users\sam.hamer\Downloads\MH2Files\motionhanging2\mh2 new movement\Library\ScriptAssemblies\Unity.ProBuilder.Stl.dll
Symbol file LoadedFromMemory is not a mono symbol file
Symbol file data-0000016147A79020 doesn't match image C:\Users\sam.hamer\Downloads\MH2Files\motionhanging2\mh2 new movement\Library\ScriptAssemblies\Unity.ProBuilder.dll
Symbol file LoadedFromMemory is not a mono symbol file
Symbol file data-00000160FC78A020 doesn't match image C:\Users\sam.hamer\Downloads\MH2Files\motionhanging2\mh2 new movement\Library\ScriptAssemblies\Unity.Timeline.Editor.dll
Symbol file LoadedFromMemory is not a mono symbol file
Symbol file data-00000160FCEBA010 doesn't match image C:\Users\sam.hamer\Downloads\MH2Files\motionhanging2\mh2 new movement\Library\ScriptAssemblies\Unity.VisualScripting.Shared.Editor.dll
Symbol file LoadedFromMemory is not a mono symbol file
Symbol file data-00000160FAAC0090 doesn't match image C:\Users\sam.hamer\Downloads\MH2Files\motionhanging2\mh2 new movement\Library\ScriptAssemblies\Unity.VisualStudio.Editor.dll
Symbol file LoadedFromMemory is not a mono symbol file
Symbol file data-00000161016F9010 doesn't match image C:\Users\sam.hamer\Downloads\MH2Files\motionhanging2\mh2 new movement\Library\ScriptAssemblies\UnityEditor.UI.dll
Symbol file LoadedFromMemory is not a mono symbol file
Symbol file data-0000016145BA0080 doesn't match image C:\Users\sam.hamer\Downloads\MH2Files\motionhanging2\mh2 new movement\Library\ScriptAssemblies\Unity.VisualScripting.Core.dll
Symbol file LoadedFromMemory is not a mono symbol file
Symbol file data-0000015F466DD010 doesn't match image C:\Users\sam.hamer\Downloads\MH2Files\motionhanging2\mh2 new movement\Library\ScriptAssemblies\Unity.VisualScripting.Core.Editor.dll
Symbol file LoadedFromMemory is not a mono symbol file
Symbol file data-00000160FB8770D0 doesn't match image C:\Users\sam.hamer\Downloads\MH2Files\motionhanging2\mh2 new movement\Library\ScriptAssemblies\Unity.Rider.Editor.dll
Symbol file LoadedFromMemory is not a mono symbol file
Symbol file data-0000016145540300 doesn't match image C:\Users\sam.hamer\Downloads\MH2Files\motionhanging2\mh2 new movement\Library\ScriptAssemblies\Unity.ProBuilder.AddOns.Editor.dll
Symbol file LoadedFromMemory is not a mono symbol file
Symbol file data-00000160FB931010 doesn't match image C:\Users\sam.hamer\Downloads\MH2Files\motionhanging2\mh2 new movement\Library\ScriptAssemblies\UnityEngine.UI.dll
Symbol file LoadedFromMemory is not a mono symbol file
Symbol file data-00000160FB661020 doesn't match image C:\Users\sam.hamer\Downloads\MH2Files\motionhanging2\mh2 new movement\Library\ScriptAssemblies\Unity.ProBuilder.Csg.dll
Symbol file LoadedFromMemory is not a mono symbol file
Symbol file data-0000016147A79020 doesn't match image C:\Users\sam.hamer\Downloads\MH2Files\motionhanging2\mh2 new movement\Library\ScriptAssemblies\Unity.VisualScripting.Flow.dll
Symbol file LoadedFromMemory is not a mono symbol file
Symbol file data-00000161022A0090 doesn't match image C:\Users\sam.hamer\Downloads\MH2Files\motionhanging2\mh2 new movement\Library\ScriptAssemblies\Unity.VisualScripting.Flow.Editor.dll
Symbol file LoadedFromMemory is not a mono symbol file
Symbol file data-000001610331FBD0 doesn't match image C:\Users\sam.hamer\Downloads\MH2Files\motionhanging2\mh2 new movement\Library\ScriptAssemblies\Unity.Timeline.dll
Symbol file LoadedFromMemory is not a mono symbol file
Symbol file data-00000160FD1F2EF0 doesn't match image C:\Users\sam.hamer\Downloads\MH2Files\motionhanging2\mh2 new movement\Library\ScriptAssemblies\Unity.TestTools.CodeCoverage.Editor.OpenCover.Mono.Reflection.dll
Symbol file LoadedFromMemory is not a mono symbol file
Symbol file data-00000160FC6B2020 doesn't match image C:\Users\sam.hamer\Downloads\MH2Files\motionhanging2\mh2 new movement\Library\ScriptAssemblies\Unity.ProBuilder.Editor.dll
Symbol file LoadedFromMemory is not a mono symbol file
Symbol file data-00000160FD1F2EF0 doesn't match image C:\Users\sam.hamer\Downloads\MH2Files\motionhanging2\mh2 new movement\Library\ScriptAssemblies\Unity.VisualScripting.SettingsProvider.Editor.dll
Symbol file LoadedFromMemory is not a mono symbol file
Symbol file data-0000015F4667D010 doesn't match image C:\Users\sam.hamer\Downloads\MH2Files\motionhanging2\mh2 new movement\Library\ScriptAssemblies\Unity.Performance.Profile-Analyzer.Editor.dll
Symbol file LoadedFromMemory is not a mono symbol file
Symbol file data-0000015F467F7020 doesn't match image C:\Users\sam.hamer\Downloads\MH2Files\motionhanging2\mh2 new movement\Library\ScriptAssemblies\Unity.TestTools.CodeCoverage.Editor.dll
Symbol file LoadedFromMemory is not a mono symbol file
Symbol file data-00000160FB2B2AF0 doesn't match image C:\Users\sam.hamer\Downloads\MH2Files\motionhanging2\mh2 new movement\Library\ScriptAssemblies\Unity.TestTools.CodeCoverage.Editor.OpenCover.Model.dll
Symbol file LoadedFromMemory is not a mono symbol file
Symbol file data-00000160B72815F0 doesn't match image C:\Users\sam.hamer\Downloads\MH2Files\motionhanging2\mh2 new movement\Library\ScriptAssemblies\Unity.PlasticSCM.Editor.dll
Symbol file LoadedFromMemory is not a mono symbol file
Symbol file data-0000016100D4D010 doesn't match image C:\Users\sam.hamer\Downloads\MH2Files\motionhanging2\mh2 new movement\Library\ScriptAssemblies\Unity.AI.Navigation.Updater.dll
Symbol file LoadedFromMemory is not a mono symbol file
Symbol file data-0000016100FBB060 doesn't match image C:\Users\sam.hamer\Downloads\MH2Files\motionhanging2\mh2 new movement\Library\ScriptAssemblies\Unity.ProBuilder.Poly2Tri.dll
Symbol file LoadedFromMemory is not a mono symbol file
Symbol file data-00000161016F9010 doesn't match image C:\Users\sam.hamer\Downloads\MH2Files\motionhanging2\mh2 new movement\Library\ScriptAssemblies\Unity.VisualScripting.State.Editor.dll
Symbol file LoadedFromMemory is not a mono symbol file
Symbol file data-0000016100E3BF70 doesn't match image C:\Users\sam.hamer\Downloads\MH2Files\motionhanging2\mh2 new movement\Library\ScriptAssemblies\Unity.Settings.Editor.dll
Symbol file LoadedFromMemory is not a mono symbol file
Symbol file data-0000016103CB7DA0 doesn't match image C:\Users\sam.hamer\Downloads\MH2Files\motionhanging2\mh2 new movement\Library\ScriptAssemblies\Unity.ProBuilder.KdTree.dll
Symbol file LoadedFromMemory is not a mono symbol file
Symbol file data-000001610356F020 doesn't match image C:\Users\sam.hamer\Downloads\MH2Files\motionhanging2\mh2 new movement\Library\ScriptAssemblies\Unity.CollabProxy.Editor.dll
Symbol file LoadedFromMemory is not a mono symbol file
Symbol file data-0000016147A79020 doesn't match image C:\Users\sam.hamer\Downloads\MH2Files\motionhanging2\mh2 new movement\Library\ScriptAssemblies\Unity.TextMeshPro.dll
Symbol file LoadedFromMemory is not a mono symbol file
Symbol file data-00000161041AD010 doesn't match image C:\Users\sam.hamer\Downloads\MH2Files\motionhanging2\mh2 new movement\Library\ScriptAssemblies\Unity.TextMeshPro.Editor.dll
Symbol file LoadedFromMemory is not a mono symbol file
Symbol file data-0000015F46A59070 doesn't match image C:\Users\sam.hamer\Downloads\MH2Files\motionhanging2\mh2 new movement\Library\ScriptAssemblies\Unity.AI.Navigation.Editor.dll
Symbol file LoadedFromMemory is not a mono symbol file
Symbol file data-00000160FE325010 doesn't match image C:\Users\sam.hamer\Downloads\MH2Files\motionhanging2\mh2 new movement\Library\ScriptAssemblies\Unity.ProBuilder.AssetIdRemapUtility.dll
Symbol file LoadedFromMemory is not a mono symbol file
Symbol file data-00000160FE325010 doesn't match image C:\Users\sam.hamer\Downloads\MH2Files\motionhanging2\mh2 new movement\Library\ScriptAssemblies\Unity.VisualScripting.State.dll
Symbol file LoadedFromMemory is not a mono symbol file
Symbol file data-00000161005A5010 doesn't match image C:\Users\sam.hamer\Downloads\MH2Files\motionhanging2\mh2 new movement\Library\ScriptAssemblies\Unity.AI.Navigation.Editor.ConversionSystem.dll
Symbol file LoadedFromMemory is not a mono symbol file
Symbol file data-00000160FE325010 doesn't match image C:\Users\sam.hamer\Downloads\MH2Files\motionhanging2\mh2 new movement\Library\ScriptAssemblies\Unity.VSCode.Editor.dll
Symbol file LoadedFromMemory is not a mono symbol file
- Loaded All Assemblies, in  1.237 seconds
Native extension for WindowsStandalone target not found
Mono: successfully reloaded assembly
- Finished resetting the current domain, in  1.570 seconds
Domain Reload Profiling: 2809ms
	BeginReloadAssembly (218ms)
		ExecutionOrderSort (0ms)
		DisableScriptedObjects (4ms)
		BackupInstance (0ms)
		ReleaseScriptingObjects (0ms)
		CreateAndSetChildDomain (53ms)
	RebuildCommonClasses (31ms)
	RebuildNativeTypeToScriptingClass (14ms)
	initialDomainReloadingComplete (34ms)
	LoadAllAssembliesAndSetupDomain (942ms)
		LoadAssemblies (972ms)
		RebuildTransferFunctionScriptingTraits (0ms)
		AnalyzeDomain (81ms)
			TypeCache.Refresh (27ms)
				TypeCache.ScanAssembly (1ms)
			ScanForSourceGeneratedMonoScriptInfo (35ms)
			ResolveRequiredComponents (17ms)
	FinalizeReload (1571ms)
		ReleaseScriptCaches (0ms)
		RebuildScriptCaches (0ms)
		SetupLoadedEditorAssemblies (444ms)
			LogAssemblyErrors (0ms)
			InitializePlatformSupportModulesInManaged (14ms)
			SetLoadedEditorAssemblies (9ms)
			RefreshPlugins (0ms)
			BeforeProcessingInitializeOnLoad (73ms)
			ProcessInitializeOnLoadAttributes (284ms)
			ProcessInitializeOnLoadMethodAttributes (58ms)
			AfterProcessingInitializeOnLoad (4ms)
			EditorAssembliesLoaded (2ms)
		ExecutionOrderSort2 (0ms)
		AwakeInstancesAfterBackupRestoration (5ms)
Refreshing native plugins compatible for Editor in 10.32 ms, found 3 plugins.
Preloading 0 native plugins for Editor in 0.00 ms.
Unloading 5275 Unused Serialized files (Serialized files now loaded: 0)
Unloading 24 unused Assets / (0.7 MB). Loaded Objects now: 5911.
Memory consumption went from 188.7 MB to 188.0 MB.
Total: 5.416200 ms (FindLiveObjects: 0.365000 ms CreateObjectMapping: 0.187400 ms MarkObjects: 4.150400 ms  DeleteObjects: 0.712000 ms)

Prepare: number of updated asset objects reloaded= 0
AssetImportParameters requested are different than current active one (requested -> active):
  custom:container-demuxer-ogg: 62fdf1f143b41e24485cea50d1cbac27 -> 
  custom:video-codec-MediaFoundation-h265: 746d11721c4dcdbdad8f713fa42b33f4 -> 
  custom:video-decoder-ogg-theora: a1e56fd34408186e4bbccfd4996cb3dc -> 
  custom:framework-win-MediaFoundation: 216162199b28c13a410421893ffa2e32 -> 
  custom:CustomObjectIndexerAttribute: 72b91833f83ae208fae7752999fa3104 -> 
  custom:container-demuxer-webm: 4f35f7cbe854078d1ac9338744f61a02 -> 
  custom:container-muxer-webm: aa71ff27fc2769a1b78a27578f13a17b -> 
  custom:video-decoder-webm-vp8: 9c59270c3fd7afecdb556c50c9e8de78 -> 
  custom:SearchIndexIgnoredProperties: e643bd26f0fe6173181afceb89e7c659 -> 
  custom:AudioImporter_EditorPlatform: d09bf68614088b80899f8185d706f6e7 -> 
  custom:video-encoder-webm-vp8: eb34c28f22e8b96e1ab97ce403110664 -> 
  custom:audio-decoder-ogg-vorbis: bf7c407c2cedff20999df2af8eb42d56 -> 
  custom:audio-encoder-webm-vorbis: bf7c407c2cedff20999df2af8eb42d56 -> 
  custom:scripting/precompiled-assembly-types:Assembly-CSharp: 8fae6a922ebb8c58051e2d0bc9e2f8d7 -> f9cc845100246f9e19ea0cb9b596e49b
========================================================================
Received Prepare
Caller must complete domain reload
Begin MonoManager ReloadAssembly
Symbol file data-00000161003A1E60 doesn't match image C:\Users\sam.hamer\Downloads\MH2Files\motionhanging2\mh2 new movement\Library\ScriptAssemblies\Unity.EditorCoroutines.Editor.dll
Symbol file LoadedFromMemory is not a mono symbol file
Symbol file data-00000161005A5010 doesn't match image C:\Users\sam.hamer\Downloads\MH2Files\motionhanging2\mh2 new movement\Library\ScriptAssemblies\Unity.AI.Navigation.dll
Symbol file LoadedFromMemory is not a mono symbol file
Symbol file data-0000016102D401B0 doesn't match image C:\Users\sam.hamer\Downloads\MH2Files\motionhanging2\mh2 new movement\Library\ScriptAssemblies\Unity.ProBuilder.Stl.dll
Symbol file LoadedFromMemory is not a mono symbol file
Symbol file data-0000016147A79020 doesn't match image C:\Users\sam.hamer\Downloads\MH2Files\motionhanging2\mh2 new movement\Library\ScriptAssemblies\Unity.ProBuilder.dll
Symbol file LoadedFromMemory is not a mono symbol file
Symbol file data-00000160FC78A020 doesn't match image C:\Users\sam.hamer\Downloads\MH2Files\motionhanging2\mh2 new movement\Library\ScriptAssemblies\Unity.Timeline.Editor.dll
Symbol file LoadedFromMemory is not a mono symbol file
Symbol file data-0000016102D401B0 doesn't match image C:\Users\sam.hamer\Downloads\MH2Files\motionhanging2\mh2 new movement\Library\ScriptAssemblies\Unity.VisualScripting.Shared.Editor.dll
Symbol file LoadedFromMemory is not a mono symbol file
Symbol file data-00000161028393F0 doesn't match image C:\Users\sam.hamer\Downloads\MH2Files\motionhanging2\mh2 new movement\Library\ScriptAssemblies\Unity.VisualStudio.Editor.dll
Symbol file LoadedFromMemory is not a mono symbol file
Symbol file data-00000161016F9010 doesn't match image C:\Users\sam.hamer\Downloads\MH2Files\motionhanging2\mh2 new movement\Library\ScriptAssemblies\UnityEditor.UI.dll
Symbol file LoadedFromMemory is not a mono symbol file
Symbol file data-0000016145BA0080 doesn't match image C:\Users\sam.hamer\Downloads\MH2Files\motionhanging2\mh2 new movement\Library\ScriptAssemblies\Unity.VisualScripting.Core.dll
Symbol file LoadedFromMemory is not a mono symbol file
Symbol file data-0000015F466DD010 doesn't match image C:\Users\sam.hamer\Downloads\MH2Files\motionhanging2\mh2 new movement\Library\ScriptAssemblies\Unity.VisualScripting.Core.Editor.dll
Symbol file LoadedFromMemory is not a mono symbol file
Symbol file data-00000160FB8770D0 doesn't match image C:\Users\sam.hamer\Downloads\MH2Files\motionhanging2\mh2 new movement\Library\ScriptAssemblies\Unity.Rider.Editor.dll
Symbol file LoadedFromMemory is not a mono symbol file
Symbol file data-0000016145540300 doesn't match image C:\Users\sam.hamer\Downloads\MH2Files\motionhanging2\mh2 new movement\Library\ScriptAssemblies\Unity.ProBuilder.AddOns.Editor.dll
Symbol file LoadedFromMemory is not a mono symbol file
Symbol file data-0000015F46F23020 doesn't match image C:\Users\sam.hamer\Downloads\MH2Files\motionhanging2\mh2 new movement\Library\ScriptAssemblies\UnityEngine.UI.dll
Symbol file LoadedFromMemory is not a mono symbol file
Symbol file data-00000160FB661020 doesn't match image C:\Users\sam.hamer\Downloads\MH2Files\motionhanging2\mh2 new movement\Library\ScriptAssemblies\Unity.ProBuilder.Csg.dll
Symbol file LoadedFromMemory is not a mono symbol file
Symbol file data-0000016147A79020 doesn't match image C:\Users\sam.hamer\Downloads\MH2Files\motionhanging2\mh2 new movement\Library\ScriptAssemblies\Unity.VisualScripting.Flow.dll
Symbol file LoadedFromMemory is not a mono symbol file
Symbol file data-0000015F46126010 doesn't match image C:\Users\sam.hamer\Downloads\MH2Files\motionhanging2\mh2 new movement\Library\ScriptAssemblies\Unity.VisualScripting.Flow.Editor.dll
Symbol file LoadedFromMemory is not a mono symbol file
Symbol file data-00000161041AD010 doesn't match image C:\Users\sam.hamer\Downloads\MH2Files\motionhanging2\mh2 new movement\Library\ScriptAssemblies\Unity.Timeline.dll
Symbol file LoadedFromMemory is not a mono symbol file
Symbol file data-00000160FD1F2EF0 doesn't match image C:\Users\sam.hamer\Downloads\MH2Files\motionhanging2\mh2 new movement\Library\ScriptAssemblies\Unity.TestTools.CodeCoverage.Editor.OpenCover.Mono.Reflection.dll
Symbol file LoadedFromMemory is not a mono symbol file
Symbol file data-00000160FC5A8010 doesn't match image C:\Users\sam.hamer\Downloads\MH2Files\motionhanging2\mh2 new movement\Library\ScriptAssemblies\Unity.ProBuilder.Editor.dll
Symbol file LoadedFromMemory is not a mono symbol file
Symbol file data-00000160FD1F2EF0 doesn't match image C:\Users\sam.hamer\Downloads\MH2Files\motionhanging2\mh2 new movement\Library\ScriptAssemblies\Unity.VisualScripting.SettingsProvider.Editor.dll
Symbol file LoadedFromMemory is not a mono symbol file
Symbol file data-0000015F46126010 doesn't match image C:\Users\sam.hamer\Downloads\MH2Files\motionhanging2\mh2 new movement\Library\ScriptAssemblies\Unity.Performance.Profile-Analyzer.Editor.dll
Symbol file LoadedFromMemory is not a mono symbol file
Symbol file data-0000015F467F7020 doesn't match image C:\Users\sam.hamer\Downloads\MH2Files\motionhanging2\mh2 new movement\Library\ScriptAssemblies\Unity.TestTools.CodeCoverage.Editor.dll
Symbol file LoadedFromMemory is not a mono symbol file
Symbol file data-0000016101F37330 doesn't match image C:\Users\sam.hamer\Downloads\MH2Files\motionhanging2\mh2 new movement\Library\ScriptAssemblies\Unity.TestTools.CodeCoverage.Editor.OpenCover.Model.dll
Symbol file LoadedFromMemory is not a mono symbol file
Symbol file data-00000160B72815F0 doesn't match image C:\Users\sam.hamer\Downloads\MH2Files\motionhanging2\mh2 new movement\Library\ScriptAssemblies\Unity.PlasticSCM.Editor.dll
Symbol file LoadedFromMemory is not a mono symbol file
Symbol file data-0000016100D4D010 doesn't match image C:\Users\sam.hamer\Downloads\MH2Files\motionhanging2\mh2 new movement\Library\ScriptAssemblies\Unity.AI.Navigation.Updater.dll
Symbol file LoadedFromMemory is not a mono symbol file
Symbol file data-00000160FB161020 doesn't match image C:\Users\sam.hamer\Downloads\MH2Files\motionhanging2\mh2 new movement\Library\ScriptAssemblies\Unity.ProBuilder.Poly2Tri.dll
Symbol file LoadedFromMemory is not a mono symbol file
Symbol file data-00000161016F9010 doesn't match image C:\Users\sam.hamer\Downloads\MH2Files\motionhanging2\mh2 new movement\Library\ScriptAssemblies\Unity.VisualScripting.State.Editor.dll
Symbol file LoadedFromMemory is not a mono symbol file
Symbol file data-00000160FDCB6380 doesn't match image C:\Users\sam.hamer\Downloads\MH2Files\motionhanging2\mh2 new movement\Library\ScriptAssemblies\Unity.Settings.Editor.dll
Symbol file LoadedFromMemory is not a mono symbol file
Symbol file data-0000016101F37330 doesn't match image C:\Users\sam.hamer\Downloads\MH2Files\motionhanging2\mh2 new movement\Library\ScriptAssemblies\Unity.ProBuilder.KdTree.dll
Symbol file LoadedFromMemory is not a mono symbol file
Symbol file data-000001610365D040 doesn't match image C:\Users\sam.hamer\Downloads\MH2Files\motionhanging2\mh2 new movement\Library\ScriptAssemblies\Unity.CollabProxy.Editor.dll
Symbol file LoadedFromMemory is not a mono symbol file
Symbol file data-0000016147A79020 doesn't match image C:\Users\sam.hamer\Downloads\MH2Files\motionhanging2\mh2 new movement\Library\ScriptAssemblies\Unity.TextMeshPro.dll
Symbol file LoadedFromMemory is not a mono symbol file
Symbol file data-00000161041AD010 doesn't match image C:\Users\sam.hamer\Downloads\MH2Files\motionhanging2\mh2 new movement\Library\ScriptAssemblies\Unity.TextMeshPro.Editor.dll
Symbol file LoadedFromMemory is not a mono symbol file
Symbol file data-0000015F46A59070 doesn't match image C:\Users\sam.hamer\Downloads\MH2Files\motionhanging2\mh2 new movement\Library\ScriptAssemblies\Unity.AI.Navigation.Editor.dll
Symbol file LoadedFromMemory is not a mono symbol file
Symbol file data-0000016101F37330 doesn't match image C:\Users\sam.hamer\Downloads\MH2Files\motionhanging2\mh2 new movement\Library\ScriptAssemblies\Unity.ProBuilder.AssetIdRemapUtility.dll
Symbol file LoadedFromMemory is not a mono symbol file
Symbol file data-0000016101F37330 doesn't match image C:\Users\sam.hamer\Downloads\MH2Files\motionhanging2\mh2 new movement\Library\ScriptAssemblies\Unity.VisualScripting.State.dll
Symbol file LoadedFromMemory is not a mono symbol file
Symbol file data-000001610341D030 doesn't match image C:\Users\sam.hamer\Downloads\MH2Files\motionhanging2\mh2 new movement\Library\ScriptAssemblies\Unity.AI.Navigation.Editor.ConversionSystem.dll
Symbol file LoadedFromMemory is not a mono symbol file
Symbol file data-0000016101F37330 doesn't match image C:\Users\sam.hamer\Downloads\MH2Files\motionhanging2\mh2 new movement\Library\ScriptAssemblies\Unity.VSCode.Editor.dll
Symbol file LoadedFromMemory is not a mono symbol file
- Loaded All Assemblies, in  0.492 seconds
Native extension for WindowsStandalone target not found
Mono: successfully reloaded assembly
- Finished resetting the current domain, in  1.614 seconds
Domain Reload Profiling: 2104ms
	BeginReloadAssembly (151ms)
		ExecutionOrderSort (0ms)
		DisableScriptedObjects (4ms)
		BackupInstance (0ms)
		ReleaseScriptingObjects (0ms)
		CreateAndSetChildDomain (34ms)
	RebuildCommonClasses (26ms)
	RebuildNativeTypeToScriptingClass (8ms)
	initialDomainReloadingComplete (24ms)
	LoadAllAssembliesAndSetupDomain (281ms)
		LoadAssemblies (341ms)
		RebuildTransferFunctionScriptingTraits (0ms)
		AnalyzeDomain (21ms)
			TypeCache.Refresh (9ms)
				TypeCache.ScanAssembly (0ms)
			ScanForSourceGeneratedMonoScriptInfo (0ms)
			ResolveRequiredComponents (11ms)
	FinalizeReload (1615ms)
		ReleaseScriptCaches (0ms)
		RebuildScriptCaches (0ms)
		SetupLoadedEditorAssemblies (516ms)
			LogAssemblyErrors (0ms)
			InitializePlatformSupportModulesInManaged (7ms)
			SetLoadedEditorAssemblies (6ms)
			RefreshPlugins (0ms)
			BeforeProcessingInitializeOnLoad (90ms)
			ProcessInitializeOnLoadAttributes (333ms)
			ProcessInitializeOnLoadMethodAttributes (76ms)
			AfterProcessingInitializeOnLoad (5ms)
			EditorAssembliesLoaded (0ms)
		ExecutionOrderSort2 (0ms)
		AwakeInstancesAfterBackupRestoration (10ms)
Refreshing native plugins compatible for Editor in 3.67 ms, found 3 plugins.
Preloading 0 native plugins for Editor in 0.00 ms.
Unloading 5275 Unused Serialized files (Serialized files now loaded: 0)
Unloading 24 unused Assets / (0.7 MB). Loaded Objects now: 5914.
Memory consumption went from 188.7 MB to 188.0 MB.
Total: 4.815300 ms (FindLiveObjects: 0.604200 ms CreateObjectMapping: 0.409400 ms MarkObjects: 3.146800 ms  DeleteObjects: 0.652400 ms)

Prepare: number of updated asset objects reloaded= 0
AssetImportParameters requested are different than current active one (requested -> active):
  custom:container-demuxer-ogg: 62fdf1f143b41e24485cea50d1cbac27 -> 
  custom:video-codec-MediaFoundation-h265: 746d11721c4dcdbdad8f713fa42b33f4 -> 
  custom:video-decoder-ogg-theora: a1e56fd34408186e4bbccfd4996cb3dc -> 
  custom:framework-win-MediaFoundation: 216162199b28c13a410421893ffa2e32 -> 
  custom:CustomObjectIndexerAttribute: 72b91833f83ae208fae7752999fa3104 -> 
  custom:container-demuxer-webm: 4f35f7cbe854078d1ac9338744f61a02 -> 
  custom:container-muxer-webm: aa71ff27fc2769a1b78a27578f13a17b -> 
  custom:video-decoder-webm-vp8: 9c59270c3fd7afecdb556c50c9e8de78 -> 
  custom:SearchIndexIgnoredProperties: e643bd26f0fe6173181afceb89e7c659 -> 
  custom:AudioImporter_EditorPlatform: d09bf68614088b80899f8185d706f6e7 -> 
  custom:video-encoder-webm-vp8: eb34c28f22e8b96e1ab97ce403110664 -> 
  custom:audio-decoder-ogg-vorbis: bf7c407c2cedff20999df2af8eb42d56 -> 
  custom:audio-encoder-webm-vorbis: bf7c407c2cedff20999df2af8eb42d56 -> 
  custom:scripting/precompiled-assembly-types:Assembly-CSharp: 8fae6a922ebb8c58051e2d0bc9e2f8d7 -> f9cc845100246f9e19ea0cb9b596e49b
========================================================================
Received Prepare
Caller must complete domain reload
Begin MonoManager ReloadAssembly
Symbol file data-00000161003A1E60 doesn't match image C:\Users\sam.hamer\Downloads\MH2Files\motionhanging2\mh2 new movement\Library\ScriptAssemblies\Unity.EditorCoroutines.Editor.dll
Symbol file LoadedFromMemory is not a mono symbol file
Symbol file data-0000016102F83070 doesn't match image C:\Users\sam.hamer\Downloads\MH2Files\motionhanging2\mh2 new movement\Library\ScriptAssemblies\Unity.AI.Navigation.dll
Symbol file LoadedFromMemory is not a mono symbol file
Symbol file data-0000016102D401B0 doesn't match image C:\Users\sam.hamer\Downloads\MH2Files\motionhanging2\mh2 new movement\Library\ScriptAssemblies\Unity.ProBuilder.Stl.dll
Symbol file LoadedFromMemory is not a mono symbol file
Symbol file data-0000016100335050 doesn't match image C:\Users\sam.hamer\Downloads\MH2Files\motionhanging2\mh2 new movement\Library\ScriptAssemblies\Unity.ProBuilder.dll
Symbol file LoadedFromMemory is not a mono symbol file
Symbol file data-0000016149052010 doesn't match image C:\Users\sam.hamer\Downloads\MH2Files\motionhanging2\mh2 new movement\Library\ScriptAssemblies\Unity.Timeline.Editor.dll
Symbol file LoadedFromMemory is not a mono symbol file
Symbol file data-0000016145A98020 doesn't match image C:\Users\sam.hamer\Downloads\MH2Files\motionhanging2\mh2 new movement\Library\ScriptAssemblies\Unity.VisualScripting.Shared.Editor.dll
Symbol file LoadedFromMemory is not a mono symbol file
Symbol file data-0000015F46529050 doesn't match image C:\Users\sam.hamer\Downloads\MH2Files\motionhanging2\mh2 new movement\Library\ScriptAssemblies\Unity.VisualStudio.Editor.dll
Symbol file LoadedFromMemory is not a mono symbol file
Symbol file data-000001610230D810 doesn't match image C:\Users\sam.hamer\Downloads\MH2Files\motionhanging2\mh2 new movement\Library\ScriptAssemblies\UnityEditor.UI.dll
Symbol file LoadedFromMemory is not a mono symbol file
Symbol file data-0000016144BD0080 doesn't match image C:\Users\sam.hamer\Downloads\MH2Files\motionhanging2\mh2 new movement\Library\ScriptAssemblies\Unity.VisualScripting.Core.dll
Symbol file LoadedFromMemory is not a mono symbol file
Symbol file data-0000016100CA4010 doesn't match image C:\Users\sam.hamer\Downloads\MH2Files\motionhanging2\mh2 new movement\Library\ScriptAssemblies\Unity.VisualScripting.Core.Editor.dll
Symbol file LoadedFromMemory is not a mono symbol file
Symbol file data-00000160B7004DD0 doesn't match image C:\Users\sam.hamer\Downloads\MH2Files\motionhanging2\mh2 new movement\Library\ScriptAssemblies\Unity.Rider.Editor.dll
Symbol file LoadedFromMemory is not a mono symbol file
Symbol file data-0000016102A74CC0 doesn't match image C:\Users\sam.hamer\Downloads\MH2Files\motionhanging2\mh2 new movement\Library\ScriptAssemblies\Unity.ProBuilder.AddOns.Editor.dll
Symbol file LoadedFromMemory is not a mono symbol file
Symbol file data-0000016102E73040 doesn't match image C:\Users\sam.hamer\Downloads\MH2Files\motionhanging2\mh2 new movement\Library\ScriptAssemblies\UnityEngine.UI.dll
Symbol file LoadedFromMemory is not a mono symbol file
Symbol file data-0000016102F83070 doesn't match image C:\Users\sam.hamer\Downloads\MH2Files\motionhanging2\mh2 new movement\Library\ScriptAssemblies\Unity.ProBuilder.Csg.dll
Symbol file LoadedFromMemory is not a mono symbol file
Symbol file data-0000016100335050 doesn't match image C:\Users\sam.hamer\Downloads\MH2Files\motionhanging2\mh2 new movement\Library\ScriptAssemblies\Unity.VisualScripting.Flow.dll
Symbol file LoadedFromMemory is not a mono symbol file
Symbol file data-000001610257D410 doesn't match image C:\Users\sam.hamer\Downloads\MH2Files\motionhanging2\mh2 new movement\Library\ScriptAssemblies\Unity.VisualScripting.Flow.Editor.dll
Symbol file LoadedFromMemory is not a mono symbol file
Symbol file data-0000016146599010 doesn't match image C:\Users\sam.hamer\Downloads\MH2Files\motionhanging2\mh2 new movement\Library\ScriptAssemblies\Unity.Timeline.dll
Symbol file LoadedFromMemory is not a mono symbol file
Symbol file data-00000160FD1F2EF0 doesn't match image C:\Users\sam.hamer\Downloads\MH2Files\motionhanging2\mh2 new movement\Library\ScriptAssemblies\Unity.TestTools.CodeCoverage.Editor.OpenCover.Mono.Reflection.dll
Symbol file LoadedFromMemory is not a mono symbol file
Symbol file data-00000160FC5A8010 doesn't match image C:\Users\sam.hamer\Downloads\MH2Files\motionhanging2\mh2 new movement\Library\ScriptAssemblies\Unity.ProBuilder.Editor.dll
Symbol file LoadedFromMemory is not a mono symbol file
Symbol file data-00000160FD1F2EF0 doesn't match image C:\Users\sam.hamer\Downloads\MH2Files\motionhanging2\mh2 new movement\Library\ScriptAssemblies\Unity.VisualScripting.SettingsProvider.Editor.dll
Symbol file LoadedFromMemory is not a mono symbol file
Symbol file data-0000016101BE7010 doesn't match image C:\Users\sam.hamer\Downloads\MH2Files\motionhanging2\mh2 new movement\Library\ScriptAssemblies\Unity.Performance.Profile-Analyzer.Editor.dll
Symbol file LoadedFromMemory is not a mono symbol file
Symbol file data-0000015F467F7020 doesn't match image C:\Users\sam.hamer\Downloads\MH2Files\motionhanging2\mh2 new movement\Library\ScriptAssemblies\Unity.TestTools.CodeCoverage.Editor.dll
Symbol file LoadedFromMemory is not a mono symbol file
Symbol file data-00000160FB2B2AF0 doesn't match image C:\Users\sam.hamer\Downloads\MH2Files\motionhanging2\mh2 new movement\Library\ScriptAssemblies\Unity.TestTools.CodeCoverage.Editor.OpenCover.Model.dll
Symbol file LoadedFromMemory is not a mono symbol file
Symbol file data-00000160B72815F0 doesn't match image C:\Users\sam.hamer\Downloads\MH2Files\motionhanging2\mh2 new movement\Library\ScriptAssemblies\Unity.PlasticSCM.Editor.dll
Symbol file LoadedFromMemory is not a mono symbol file
Symbol file data-0000016100D4D010 doesn't match image C:\Users\sam.hamer\Downloads\MH2Files\motionhanging2\mh2 new movement\Library\ScriptAssemblies\Unity.AI.Navigation.Updater.dll
Symbol file LoadedFromMemory is not a mono symbol file
Symbol file data-00000160FB10F8E0 doesn't match image C:\Users\sam.hamer\Downloads\MH2Files\motionhanging2\mh2 new movement\Library\ScriptAssemblies\Unity.ProBuilder.Poly2Tri.dll
Symbol file LoadedFromMemory is not a mono symbol file
Symbol file data-000001610230D810 doesn't match image C:\Users\sam.hamer\Downloads\MH2Files\motionhanging2\mh2 new movement\Library\ScriptAssemblies\Unity.VisualScripting.State.Editor.dll
Symbol file LoadedFromMemory is not a mono symbol file
Symbol file data-0000016100E3BF70 doesn't match image C:\Users\sam.hamer\Downloads\MH2Files\motionhanging2\mh2 new movement\Library\ScriptAssemblies\Unity.Settings.Editor.dll
Symbol file LoadedFromMemory is not a mono symbol file
Symbol file data-0000016103CB7DA0 doesn't match image C:\Users\sam.hamer\Downloads\MH2Files\motionhanging2\mh2 new movement\Library\ScriptAssemblies\Unity.ProBuilder.KdTree.dll
Symbol file LoadedFromMemory is not a mono symbol file
Symbol file data-00000161027069F0 doesn't match image C:\Users\sam.hamer\Downloads\MH2Files\motionhanging2\mh2 new movement\Library\ScriptAssemblies\Unity.CollabProxy.Editor.dll
Symbol file LoadedFromMemory is not a mono symbol file
Symbol file data-0000016100335050 doesn't match image C:\Users\sam.hamer\Downloads\MH2Files\motionhanging2\mh2 new movement\Library\ScriptAssemblies\Unity.TextMeshPro.dll
Symbol file LoadedFromMemory is not a mono symbol file
Symbol file data-000001610337D8D0 doesn't match image C:\Users\sam.hamer\Downloads\MH2Files\motionhanging2\mh2 new movement\Library\ScriptAssemblies\Unity.TextMeshPro.Editor.dll
Symbol file LoadedFromMemory is not a mono symbol file
Symbol file data-00000160FE047060 doesn't match image C:\Users\sam.hamer\Downloads\MH2Files\motionhanging2\mh2 new movement\Library\ScriptAssemblies\Unity.AI.Navigation.Editor.dll
Symbol file LoadedFromMemory is not a mono symbol file
Symbol file data-00000160FC38DC40 doesn't match image C:\Users\sam.hamer\Downloads\MH2Files\motionhanging2\mh2 new movement\Library\ScriptAssemblies\Unity.ProBuilder.AssetIdRemapUtility.dll
Symbol file LoadedFromMemory is not a mono symbol file
Symbol file data-00000160FC38DC40 doesn't match image C:\Users\sam.hamer\Downloads\MH2Files\motionhanging2\mh2 new movement\Library\ScriptAssemblies\Unity.VisualScripting.State.dll
Symbol file LoadedFromMemory is not a mono symbol file
Symbol file data-0000016101EF5540 doesn't match image C:\Users\sam.hamer\Downloads\MH2Files\motionhanging2\mh2 new movement\Library\ScriptAssemblies\Unity.AI.Navigation.Editor.ConversionSystem.dll
Symbol file LoadedFromMemory is not a mono symbol file
Symbol file data-00000160FC38DC40 doesn't match image C:\Users\sam.hamer\Downloads\MH2Files\motionhanging2\mh2 new movement\Library\ScriptAssemblies\Unity.VSCode.Editor.dll
Symbol file LoadedFromMemory is not a mono symbol file
- Loaded All Assemblies, in  0.478 seconds
Native extension for WindowsStandalone target not found
Mono: successfully reloaded assembly
- Finished resetting the current domain, in  1.423 seconds
Domain Reload Profiling: 1899ms
	BeginReloadAssembly (146ms)
		ExecutionOrderSort (0ms)
		DisableScriptedObjects (3ms)
		BackupInstance (0ms)
		ReleaseScriptingObjects (0ms)
		CreateAndSetChildDomain (35ms)
	RebuildCommonClasses (27ms)
	RebuildNativeTypeToScriptingClass (11ms)
	initialDomainReloadingComplete (24ms)
	LoadAllAssembliesAndSetupDomain (268ms)
		LoadAssemblies (299ms)
		RebuildTransferFunctionScriptingTraits (0ms)
		AnalyzeDomain (46ms)
			TypeCache.Refresh (12ms)
				TypeCache.ScanAssembly (0ms)
			ScanForSourceGeneratedMonoScriptInfo (24ms)
			ResolveRequiredComponents (9ms)
	FinalizeReload (1424ms)
		ReleaseScriptCaches (0ms)
		RebuildScriptCaches (0ms)
		SetupLoadedEditorAssemblies (392ms)
			LogAssemblyErrors (0ms)
			InitializePlatformSupportModulesInManaged (5ms)
			SetLoadedEditorAssemblies (4ms)
			RefreshPlugins (0ms)
			BeforeProcessingInitializeOnLoad (66ms)
			ProcessInitializeOnLoadAttributes (263ms)
			ProcessInitializeOnLoadMethodAttributes (51ms)
			AfterProcessingInitializeOnLoad (4ms)
			EditorAssembliesLoaded (0ms)
		ExecutionOrderSort2 (0ms)
		AwakeInstancesAfterBackupRestoration (5ms)
Refreshing native plugins compatible for Editor in 3.81 ms, found 3 plugins.
Preloading 0 native plugins for Editor in 0.00 ms.
Unloading 5275 Unused Serialized files (Serialized files now loaded: 0)
Unloading 24 unused Assets / (0.7 MB). Loaded Objects now: 5917.
Memory consumption went from 188.7 MB to 188.0 MB.
Total: 5.482100 ms (FindLiveObjects: 1.506700 ms CreateObjectMapping: 0.229400 ms MarkObjects: 3.100000 ms  DeleteObjects: 0.643800 ms)

Prepare: number of updated asset objects reloaded= 0
AssetImportParameters requested are different than current active one (requested -> active):
  custom:container-demuxer-ogg: 62fdf1f143b41e24485cea50d1cbac27 -> 
  custom:video-codec-MediaFoundation-h265: 746d11721c4dcdbdad8f713fa42b33f4 -> 
  custom:video-decoder-ogg-theora: a1e56fd34408186e4bbccfd4996cb3dc -> 
  custom:framework-win-MediaFoundation: 216162199b28c13a410421893ffa2e32 -> 
  custom:CustomObjectIndexerAttribute: 72b91833f83ae208fae7752999fa3104 -> 
  custom:container-demuxer-webm: 4f35f7cbe854078d1ac9338744f61a02 -> 
  custom:container-muxer-webm: aa71ff27fc2769a1b78a27578f13a17b -> 
  custom:video-decoder-webm-vp8: 9c59270c3fd7afecdb556c50c9e8de78 -> 
  custom:SearchIndexIgnoredProperties: e643bd26f0fe6173181afceb89e7c659 -> 
  custom:AudioImporter_EditorPlatform: d09bf68614088b80899f8185d706f6e7 -> 
  custom:video-encoder-webm-vp8: eb34c28f22e8b96e1ab97ce403110664 -> 
  custom:audio-decoder-ogg-vorbis: bf7c407c2cedff20999df2af8eb42d56 -> 
  custom:audio-encoder-webm-vorbis: bf7c407c2cedff20999df2af8eb42d56 -> 
  custom:scripting/precompiled-assembly-types:Assembly-CSharp: 8fae6a922ebb8c58051e2d0bc9e2f8d7 -> f9cc845100246f9e19ea0cb9b596e49b
========================================================================
Received Prepare
Caller must complete domain reload
Begin MonoManager ReloadAssembly
Symbol file data-00000161003A1E60 doesn't match image C:\Users\sam.hamer\Downloads\MH2Files\motionhanging2\mh2 new movement\Library\ScriptAssemblies\Unity.EditorCoroutines.Editor.dll
Symbol file LoadedFromMemory is not a mono symbol file
Symbol file data-0000016101E6D980 doesn't match image C:\Users\sam.hamer\Downloads\MH2Files\motionhanging2\mh2 new movement\Library\ScriptAssemblies\Unity.AI.Navigation.dll
Symbol file LoadedFromMemory is not a mono symbol file
Symbol file data-0000016102D401B0 doesn't match image C:\Users\sam.hamer\Downloads\MH2Files\motionhanging2\mh2 new movement\Library\ScriptAssemblies\Unity.ProBuilder.Stl.dll
Symbol file LoadedFromMemory is not a mono symbol file
Symbol file data-0000016100335050 doesn't match image C:\Users\sam.hamer\Downloads\MH2Files\motionhanging2\mh2 new movement\Library\ScriptAssemblies\Unity.ProBuilder.dll
Symbol file LoadedFromMemory is not a mono symbol file
Symbol file data-0000016149052010 doesn't match image C:\Users\sam.hamer\Downloads\MH2Files\motionhanging2\mh2 new movement\Library\ScriptAssemblies\Unity.Timeline.Editor.dll
Symbol file LoadedFromMemory is not a mono symbol file
Symbol file data-0000016102D401B0 doesn't match image C:\Users\sam.hamer\Downloads\MH2Files\motionhanging2\mh2 new movement\Library\ScriptAssemblies\Unity.VisualScripting.Shared.Editor.dll
Symbol file LoadedFromMemory is not a mono symbol file
Symbol file data-0000015F46529050 doesn't match image C:\Users\sam.hamer\Downloads\MH2Files\motionhanging2\mh2 new movement\Library\ScriptAssemblies\Unity.VisualStudio.Editor.dll
Symbol file LoadedFromMemory is not a mono symbol file
Symbol file data-000001610230D810 doesn't match image C:\Users\sam.hamer\Downloads\MH2Files\motionhanging2\mh2 new movement\Library\ScriptAssemblies\UnityEditor.UI.dll
Symbol file LoadedFromMemory is not a mono symbol file
Symbol file data-0000016144BD0080 doesn't match image C:\Users\sam.hamer\Downloads\MH2Files\motionhanging2\mh2 new movement\Library\ScriptAssemblies\Unity.VisualScripting.Core.dll
Symbol file LoadedFromMemory is not a mono symbol file
Symbol file data-0000016100CA4010 doesn't match image C:\Users\sam.hamer\Downloads\MH2Files\motionhanging2\mh2 new movement\Library\ScriptAssemblies\Unity.VisualScripting.Core.Editor.dll
Symbol file LoadedFromMemory is not a mono symbol file
Symbol file data-00000160B7004DD0 doesn't match image C:\Users\sam.hamer\Downloads\MH2Files\motionhanging2\mh2 new movement\Library\ScriptAssemblies\Unity.Rider.Editor.dll
Symbol file LoadedFromMemory is not a mono symbol file
Symbol file data-0000016102A74CC0 doesn't match image C:\Users\sam.hamer\Downloads\MH2Files\motionhanging2\mh2 new movement\Library\ScriptAssemblies\Unity.ProBuilder.AddOns.Editor.dll
Symbol file LoadedFromMemory is not a mono symbol file
Symbol file data-00000160B6F10010 doesn't match image C:\Users\sam.hamer\Downloads\MH2Files\motionhanging2\mh2 new movement\Library\ScriptAssemblies\UnityEngine.UI.dll
Symbol file LoadedFromMemory is not a mono symbol file
Symbol file data-0000016101E6D980 doesn't match image C:\Users\sam.hamer\Downloads\MH2Files\motionhanging2\mh2 new movement\Library\ScriptAssemblies\Unity.ProBuilder.Csg.dll
Symbol file LoadedFromMemory is not a mono symbol file
Symbol file data-0000016100335050 doesn't match image C:\Users\sam.hamer\Downloads\MH2Files\motionhanging2\mh2 new movement\Library\ScriptAssemblies\Unity.VisualScripting.Flow.dll
Symbol file LoadedFromMemory is not a mono symbol file
Symbol file data-0000016102280080 doesn't match image C:\Users\sam.hamer\Downloads\MH2Files\motionhanging2\mh2 new movement\Library\ScriptAssemblies\Unity.VisualScripting.Flow.Editor.dll
Symbol file LoadedFromMemory is not a mono symbol file
Symbol file data-0000016146599010 doesn't match image C:\Users\sam.hamer\Downloads\MH2Files\motionhanging2\mh2 new movement\Library\ScriptAssemblies\Unity.Timeline.dll
Symbol file LoadedFromMemory is not a mono symbol file
Symbol file data-00000160FD1F2EF0 doesn't match image C:\Users\sam.hamer\Downloads\MH2Files\motionhanging2\mh2 new movement\Library\ScriptAssemblies\Unity.TestTools.CodeCoverage.Editor.OpenCover.Mono.Reflection.dll
Symbol file LoadedFromMemory is not a mono symbol file
Symbol file data-00000160FC5A8010 doesn't match image C:\Users\sam.hamer\Downloads\MH2Files\motionhanging2\mh2 new movement\Library\ScriptAssemblies\Unity.ProBuilder.Editor.dll
Symbol file LoadedFromMemory is not a mono symbol file
Symbol file data-00000160FD1F2EF0 doesn't match image C:\Users\sam.hamer\Downloads\MH2Files\motionhanging2\mh2 new movement\Library\ScriptAssemblies\Unity.VisualScripting.SettingsProvider.Editor.dll
Symbol file LoadedFromMemory is not a mono symbol file
Symbol file data-0000016102280080 doesn't match image C:\Users\sam.hamer\Downloads\MH2Files\motionhanging2\mh2 new movement\Library\ScriptAssemblies\Unity.Performance.Profile-Analyzer.Editor.dll
Symbol file LoadedFromMemory is not a mono symbol file
Symbol file data-0000016101BF7020 doesn't match image C:\Users\sam.hamer\Downloads\MH2Files\motionhanging2\mh2 new movement\Library\ScriptAssemblies\Unity.TestTools.CodeCoverage.Editor.dll
Symbol file LoadedFromMemory is not a mono symbol file
Symbol file data-0000016101F37330 doesn't match image C:\Users\sam.hamer\Downloads\MH2Files\motionhanging2\mh2 new movement\Library\ScriptAssemblies\Unity.TestTools.CodeCoverage.Editor.OpenCover.Model.dll
Symbol file LoadedFromMemory is not a mono symbol file
Symbol file data-00000160B72815F0 doesn't match image C:\Users\sam.hamer\Downloads\MH2Files\motionhanging2\mh2 new movement\Library\ScriptAssemblies\Unity.PlasticSCM.Editor.dll
Symbol file LoadedFromMemory is not a mono symbol file
Symbol file data-0000016100D4D010 doesn't match image C:\Users\sam.hamer\Downloads\MH2Files\motionhanging2\mh2 new movement\Library\ScriptAssemblies\Unity.AI.Navigation.Updater.dll
Symbol file LoadedFromMemory is not a mono symbol file
Symbol file data-000001614604D020 doesn't match image C:\Users\sam.hamer\Downloads\MH2Files\motionhanging2\mh2 new movement\Library\ScriptAssemblies\Unity.ProBuilder.Poly2Tri.dll
Symbol file LoadedFromMemory is not a mono symbol file
Symbol file data-000001610230D810 doesn't match image C:\Users\sam.hamer\Downloads\MH2Files\motionhanging2\mh2 new movement\Library\ScriptAssemblies\Unity.VisualScripting.State.Editor.dll
Symbol file LoadedFromMemory is not a mono symbol file
Symbol file data-00000160FDCB6380 doesn't match image C:\Users\sam.hamer\Downloads\MH2Files\motionhanging2\mh2 new movement\Library\ScriptAssemblies\Unity.Settings.Editor.dll
Symbol file LoadedFromMemory is not a mono symbol file
Symbol file data-0000016101F37330 doesn't match image C:\Users\sam.hamer\Downloads\MH2Files\motionhanging2\mh2 new movement\Library\ScriptAssemblies\Unity.ProBuilder.KdTree.dll
Symbol file LoadedFromMemory is not a mono symbol file
Symbol file data-00000161036AD320 doesn't match image C:\Users\sam.hamer\Downloads\MH2Files\motionhanging2\mh2 new movement\Library\ScriptAssemblies\Unity.CollabProxy.Editor.dll
Symbol file LoadedFromMemory is not a mono symbol file
Symbol file data-0000016100335050 doesn't match image C:\Users\sam.hamer\Downloads\MH2Files\motionhanging2\mh2 new movement\Library\ScriptAssemblies\Unity.TextMeshPro.dll
Symbol file LoadedFromMemory is not a mono symbol file
Symbol file data-0000015F468B6010 doesn't match image C:\Users\sam.hamer\Downloads\MH2Files\motionhanging2\mh2 new movement\Library\ScriptAssemblies\Unity.TextMeshPro.Editor.dll
Symbol file LoadedFromMemory is not a mono symbol file
Symbol file data-00000160FE047060 doesn't match image C:\Users\sam.hamer\Downloads\MH2Files\motionhanging2\mh2 new movement\Library\ScriptAssemblies\Unity.AI.Navigation.Editor.dll
Symbol file LoadedFromMemory is not a mono symbol file
Symbol file data-0000016101F37330 doesn't match image C:\Users\sam.hamer\Downloads\MH2Files\motionhanging2\mh2 new movement\Library\ScriptAssemblies\Unity.ProBuilder.AssetIdRemapUtility.dll
Symbol file LoadedFromMemory is not a mono symbol file
Symbol file data-0000016101F37330 doesn't match image C:\Users\sam.hamer\Downloads\MH2Files\motionhanging2\mh2 new movement\Library\ScriptAssemblies\Unity.VisualScripting.State.dll
Symbol file LoadedFromMemory is not a mono symbol file
Symbol file data-0000016101F37330 doesn't match image C:\Users\sam.hamer\Downloads\MH2Files\motionhanging2\mh2 new movement\Library\ScriptAssemblies\Unity.AI.Navigation.Editor.ConversionSystem.dll
Symbol file LoadedFromMemory is not a mono symbol file
Symbol file data-0000016101F37330 doesn't match image C:\Users\sam.hamer\Downloads\MH2Files\motionhanging2\mh2 new movement\Library\ScriptAssemblies\Unity.VSCode.Editor.dll
Symbol file LoadedFromMemory is not a mono symbol file
- Loaded All Assemblies, in  0.523 seconds
Native extension for WindowsStandalone target not found
Mono: successfully reloaded assembly
- Finished resetting the current domain, in  0.956 seconds
Domain Reload Profiling: 1476ms
	BeginReloadAssembly (162ms)
		ExecutionOrderSort (0ms)
		DisableScriptedObjects (5ms)
		BackupInstance (0ms)
		ReleaseScriptingObjects (0ms)
		CreateAndSetChildDomain (29ms)
	RebuildCommonClasses (32ms)
	RebuildNativeTypeToScriptingClass (11ms)
	initialDomainReloadingComplete (33ms)
	LoadAllAssembliesAndSetupDomain (281ms)
		LoadAssemblies (323ms)
		RebuildTransferFunctionScriptingTraits (0ms)
		AnalyzeDomain (46ms)
			TypeCache.Refresh (10ms)
				TypeCache.ScanAssembly (0ms)
			ScanForSourceGeneratedMonoScriptInfo (23ms)
			ResolveRequiredComponents (12ms)
	FinalizeReload (957ms)
		ReleaseScriptCaches (0ms)
		RebuildScriptCaches (0ms)
		SetupLoadedEditorAssemblies (401ms)
			LogAssemblyErrors (0ms)
			InitializePlatformSupportModulesInManaged (5ms)
			SetLoadedEditorAssemblies (4ms)
			RefreshPlugins (0ms)
			BeforeProcessingInitializeOnLoad (68ms)
			ProcessInitializeOnLoadAttributes (266ms)
			ProcessInitializeOnLoadMethodAttributes (54ms)
			AfterProcessingInitializeOnLoad (4ms)
			EditorAssembliesLoaded (0ms)
		ExecutionOrderSort2 (0ms)
		AwakeInstancesAfterBackupRestoration (5ms)
Refreshing native plugins compatible for Editor in 4.11 ms, found 3 plugins.
Preloading 0 native plugins for Editor in 0.00 ms.
Unloading 5275 Unused Serialized files (Serialized files now loaded: 0)
Unloading 24 unused Assets / (0.7 MB). Loaded Objects now: 5920.
Memory consumption went from 188.7 MB to 188.0 MB.
Total: 3.828300 ms (FindLiveObjects: 0.304300 ms CreateObjectMapping: 0.314000 ms MarkObjects: 2.888700 ms  DeleteObjects: 0.320200 ms)

Prepare: number of updated asset objects reloaded= 0
AssetImportParameters requested are different than current active one (requested -> active):
  custom:container-demuxer-ogg: 62fdf1f143b41e24485cea50d1cbac27 -> 
  custom:video-codec-MediaFoundation-h265: 746d11721c4dcdbdad8f713fa42b33f4 -> 
  custom:video-decoder-ogg-theora: a1e56fd34408186e4bbccfd4996cb3dc -> 
  custom:framework-win-MediaFoundation: 216162199b28c13a410421893ffa2e32 -> 
  custom:CustomObjectIndexerAttribute: 72b91833f83ae208fae7752999fa3104 -> 
  custom:container-demuxer-webm: 4f35f7cbe854078d1ac9338744f61a02 -> 
  custom:container-muxer-webm: aa71ff27fc2769a1b78a27578f13a17b -> 
  custom:video-decoder-webm-vp8: 9c59270c3fd7afecdb556c50c9e8de78 -> 
  custom:SearchIndexIgnoredProperties: e643bd26f0fe6173181afceb89e7c659 -> 
  custom:AudioImporter_EditorPlatform: d09bf68614088b80899f8185d706f6e7 -> 
  custom:video-encoder-webm-vp8: eb34c28f22e8b96e1ab97ce403110664 -> 
  custom:audio-decoder-ogg-vorbis: bf7c407c2cedff20999df2af8eb42d56 -> 
  custom:audio-encoder-webm-vorbis: bf7c407c2cedff20999df2af8eb42d56 -> 
  custom:scripting/precompiled-assembly-types:Assembly-CSharp: 8fae6a922ebb8c58051e2d0bc9e2f8d7 -> f9cc845100246f9e19ea0cb9b596e49b
========================================================================
Received Prepare
Caller must complete domain reload
Begin MonoManager ReloadAssembly
Symbol file data-00000161003A1E60 doesn't match image C:\Users\sam.hamer\Downloads\MH2Files\motionhanging2\mh2 new movement\Library\ScriptAssemblies\Unity.EditorCoroutines.Editor.dll
Symbol file LoadedFromMemory is not a mono symbol file
Symbol file data-0000016101E6D980 doesn't match image C:\Users\sam.hamer\Downloads\MH2Files\motionhanging2\mh2 new movement\Library\ScriptAssemblies\Unity.AI.Navigation.dll
Symbol file LoadedFromMemory is not a mono symbol file
Symbol file data-0000016102D401B0 doesn't match image C:\Users\sam.hamer\Downloads\MH2Files\motionhanging2\mh2 new movement\Library\ScriptAssemblies\Unity.ProBuilder.Stl.dll
Symbol file LoadedFromMemory is not a mono symbol file
Symbol file data-0000016100335050 doesn't match image C:\Users\sam.hamer\Downloads\MH2Files\motionhanging2\mh2 new movement\Library\ScriptAssemblies\Unity.ProBuilder.dll
Symbol file LoadedFromMemory is not a mono symbol file
Symbol file data-000001610276E320 doesn't match image C:\Users\sam.hamer\Downloads\MH2Files\motionhanging2\mh2 new movement\Library\ScriptAssemblies\Unity.Timeline.Editor.dll
Symbol file LoadedFromMemory is not a mono symbol file
Symbol file data-0000016147D4B010 doesn't match image C:\Users\sam.hamer\Downloads\MH2Files\motionhanging2\mh2 new movement\Library\ScriptAssemblies\Unity.VisualScripting.Shared.Editor.dll
Symbol file LoadedFromMemory is not a mono symbol file
Symbol file data-0000015F46ED1020 doesn't match image C:\Users\sam.hamer\Downloads\MH2Files\motionhanging2\mh2 new movement\Library\ScriptAssemblies\Unity.VisualStudio.Editor.dll
Symbol file LoadedFromMemory is not a mono symbol file
Symbol file data-0000015F4665FEA0 doesn't match image C:\Users\sam.hamer\Downloads\MH2Files\motionhanging2\mh2 new movement\Library\ScriptAssemblies\UnityEditor.UI.dll
Symbol file LoadedFromMemory is not a mono symbol file
Symbol file data-0000016144BD0080 doesn't match image C:\Users\sam.hamer\Downloads\MH2Files\motionhanging2\mh2 new movement\Library\ScriptAssemblies\Unity.VisualScripting.Core.dll
Symbol file LoadedFromMemory is not a mono symbol file
Symbol file data-0000016100CA4010 doesn't match image C:\Users\sam.hamer\Downloads\MH2Files\motionhanging2\mh2 new movement\Library\ScriptAssemblies\Unity.VisualScripting.Core.Editor.dll
Symbol file LoadedFromMemory is not a mono symbol file
Symbol file data-00000160FB8770D0 doesn't match image C:\Users\sam.hamer\Downloads\MH2Files\motionhanging2\mh2 new movement\Library\ScriptAssemblies\Unity.Rider.Editor.dll
Symbol file LoadedFromMemory is not a mono symbol file
Symbol file data-0000016102A74CC0 doesn't match image C:\Users\sam.hamer\Downloads\MH2Files\motionhanging2\mh2 new movement\Library\ScriptAssemblies\Unity.ProBuilder.AddOns.Editor.dll
Symbol file LoadedFromMemory is not a mono symbol file
Symbol file data-0000016100857070 doesn't match image C:\Users\sam.hamer\Downloads\MH2Files\motionhanging2\mh2 new movement\Library\ScriptAssemblies\UnityEngine.UI.dll
Symbol file LoadedFromMemory is not a mono symbol file
Symbol file data-0000016101E6D980 doesn't match image C:\Users\sam.hamer\Downloads\MH2Files\motionhanging2\mh2 new movement\Library\ScriptAssemblies\Unity.ProBuilder.Csg.dll
Symbol file LoadedFromMemory is not a mono symbol file
Symbol file data-0000016100335050 doesn't match image C:\Users\sam.hamer\Downloads\MH2Files\motionhanging2\mh2 new movement\Library\ScriptAssemblies\Unity.VisualScripting.Flow.dll
Symbol file LoadedFromMemory is not a mono symbol file
Symbol file data-00000160FB931010 doesn't match image C:\Users\sam.hamer\Downloads\MH2Files\motionhanging2\mh2 new movement\Library\ScriptAssemblies\Unity.VisualScripting.Flow.Editor.dll
Symbol file LoadedFromMemory is not a mono symbol file
Symbol file data-0000016146599010 doesn't match image C:\Users\sam.hamer\Downloads\MH2Files\motionhanging2\mh2 new movement\Library\ScriptAssemblies\Unity.Timeline.dll
Symbol file LoadedFromMemory is not a mono symbol file
Symbol file data-00000160FD1F2EF0 doesn't match image C:\Users\sam.hamer\Downloads\MH2Files\motionhanging2\mh2 new movement\Library\ScriptAssemblies\Unity.TestTools.CodeCoverage.Editor.OpenCover.Mono.Reflection.dll
Symbol file LoadedFromMemory is not a mono symbol file
Symbol file data-00000160FC5A8010 doesn't match image C:\Users\sam.hamer\Downloads\MH2Files\motionhanging2\mh2 new movement\Library\ScriptAssemblies\Unity.ProBuilder.Editor.dll
Symbol file LoadedFromMemory is not a mono symbol file
Symbol file data-00000160FD1F2EF0 doesn't match image C:\Users\sam.hamer\Downloads\MH2Files\motionhanging2\mh2 new movement\Library\ScriptAssemblies\Unity.VisualScripting.SettingsProvider.Editor.dll
Symbol file LoadedFromMemory is not a mono symbol file
Symbol file data-00000160FB931010 doesn't match image C:\Users\sam.hamer\Downloads\MH2Files\motionhanging2\mh2 new movement\Library\ScriptAssemblies\Unity.Performance.Profile-Analyzer.Editor.dll
Symbol file LoadedFromMemory is not a mono symbol file
Symbol file data-0000015F467F7020 doesn't match image C:\Users\sam.hamer\Downloads\MH2Files\motionhanging2\mh2 new movement\Library\ScriptAssemblies\Unity.TestTools.CodeCoverage.Editor.dll
Symbol file LoadedFromMemory is not a mono symbol file
Symbol file data-0000016101F37330 doesn't match image C:\Users\sam.hamer\Downloads\MH2Files\motionhanging2\mh2 new movement\Library\ScriptAssemblies\Unity.TestTools.CodeCoverage.Editor.OpenCover.Model.dll
Symbol file LoadedFromMemory is not a mono symbol file
Symbol file data-00000160B72815F0 doesn't match image C:\Users\sam.hamer\Downloads\MH2Files\motionhanging2\mh2 new movement\Library\ScriptAssemblies\Unity.PlasticSCM.Editor.dll
Symbol file LoadedFromMemory is not a mono symbol file
Symbol file data-0000016100D4D010 doesn't match image C:\Users\sam.hamer\Downloads\MH2Files\motionhanging2\mh2 new movement\Library\ScriptAssemblies\Unity.AI.Navigation.Updater.dll
Symbol file LoadedFromMemory is not a mono symbol file
Symbol file data-000001614604D020 doesn't match image C:\Users\sam.hamer\Downloads\MH2Files\motionhanging2\mh2 new movement\Library\ScriptAssemblies\Unity.ProBuilder.Poly2Tri.dll
Symbol file LoadedFromMemory is not a mono symbol file
Symbol file data-000001610230D810 doesn't match image C:\Users\sam.hamer\Downloads\MH2Files\motionhanging2\mh2 new movement\Library\ScriptAssemblies\Unity.VisualScripting.State.Editor.dll
Symbol file LoadedFromMemory is not a mono symbol file
Symbol file data-00000160FDCB6380 doesn't match image C:\Users\sam.hamer\Downloads\MH2Files\motionhanging2\mh2 new movement\Library\ScriptAssemblies\Unity.Settings.Editor.dll
Symbol file LoadedFromMemory is not a mono symbol file
Symbol file data-0000016101F37330 doesn't match image C:\Users\sam.hamer\Downloads\MH2Files\motionhanging2\mh2 new movement\Library\ScriptAssemblies\Unity.ProBuilder.KdTree.dll
Symbol file LoadedFromMemory is not a mono symbol file
Symbol file data-00000161036AD320 doesn't match image C:\Users\sam.hamer\Downloads\MH2Files\motionhanging2\mh2 new movement\Library\ScriptAssemblies\Unity.CollabProxy.Editor.dll
Symbol file LoadedFromMemory is not a mono symbol file
Symbol file data-0000016100335050 doesn't match image C:\Users\sam.hamer\Downloads\MH2Files\motionhanging2\mh2 new movement\Library\ScriptAssemblies\Unity.TextMeshPro.dll
Symbol file LoadedFromMemory is not a mono symbol file
Symbol file data-0000015F468B6010 doesn't match image C:\Users\sam.hamer\Downloads\MH2Files\motionhanging2\mh2 new movement\Library\ScriptAssemblies\Unity.TextMeshPro.Editor.dll
Symbol file LoadedFromMemory is not a mono symbol file
Symbol file data-00000160FE047060 doesn't match image C:\Users\sam.hamer\Downloads\MH2Files\motionhanging2\mh2 new movement\Library\ScriptAssemblies\Unity.AI.Navigation.Editor.dll
Symbol file LoadedFromMemory is not a mono symbol file
Symbol file data-0000016101F37330 doesn't match image C:\Users\sam.hamer\Downloads\MH2Files\motionhanging2\mh2 new movement\Library\ScriptAssemblies\Unity.ProBuilder.AssetIdRemapUtility.dll
Symbol file LoadedFromMemory is not a mono symbol file
Symbol file data-0000016101F37330 doesn't match image C:\Users\sam.hamer\Downloads\MH2Files\motionhanging2\mh2 new movement\Library\ScriptAssemblies\Unity.VisualScripting.State.dll
Symbol file LoadedFromMemory is not a mono symbol file
Symbol file data-0000016101F37330 doesn't match image C:\Users\sam.hamer\Downloads\MH2Files\motionhanging2\mh2 new movement\Library\ScriptAssemblies\Unity.AI.Navigation.Editor.ConversionSystem.dll
Symbol file LoadedFromMemory is not a mono symbol file
Symbol file data-0000016101F37330 doesn't match image C:\Users\sam.hamer\Downloads\MH2Files\motionhanging2\mh2 new movement\Library\ScriptAssemblies\Unity.VSCode.Editor.dll
Symbol file LoadedFromMemory is not a mono symbol file
- Loaded All Assemblies, in  0.434 seconds
Native extension for WindowsStandalone target not found
Mono: successfully reloaded assembly
- Finished resetting the current domain, in  1.031 seconds
Domain Reload Profiling: 1463ms
	BeginReloadAssembly (141ms)
		ExecutionOrderSort (0ms)
		DisableScriptedObjects (3ms)
		BackupInstance (0ms)
		ReleaseScriptingObjects (0ms)
		CreateAndSetChildDomain (33ms)
	RebuildCommonClasses (32ms)
	RebuildNativeTypeToScriptingClass (8ms)
	initialDomainReloadingComplete (25ms)
	LoadAllAssembliesAndSetupDomain (225ms)
		LoadAssemblies (275ms)
		RebuildTransferFunctionScriptingTraits (0ms)
		AnalyzeDomain (23ms)
			TypeCache.Refresh (12ms)
				TypeCache.ScanAssembly (0ms)
			ScanForSourceGeneratedMonoScriptInfo (0ms)
			ResolveRequiredComponents (10ms)
	FinalizeReload (1032ms)
		ReleaseScriptCaches (0ms)
		RebuildScriptCaches (0ms)
		SetupLoadedEditorAssemblies (470ms)
			LogAssemblyErrors (0ms)
			InitializePlatformSupportModulesInManaged (5ms)
			SetLoadedEditorAssemblies (5ms)
			RefreshPlugins (0ms)
			BeforeProcessingInitializeOnLoad (74ms)
			ProcessInitializeOnLoadAttributes (308ms)
			ProcessInitializeOnLoadMethodAttributes (72ms)
			AfterProcessingInitializeOnLoad (5ms)
			EditorAssembliesLoaded (0ms)
		ExecutionOrderSort2 (0ms)
		AwakeInstancesAfterBackupRestoration (6ms)
Refreshing native plugins compatible for Editor in 3.28 ms, found 3 plugins.
Preloading 0 native plugins for Editor in 0.00 ms.
Unloading 5275 Unused Serialized files (Serialized files now loaded: 0)
Unloading 24 unused Assets / (0.8 MB). Loaded Objects now: 5923.
Memory consumption went from 188.7 MB to 188.0 MB.
Total: 3.689500 ms (FindLiveObjects: 0.357300 ms CreateObjectMapping: 0.274300 ms MarkObjects: 2.621100 ms  DeleteObjects: 0.435500 ms)

Prepare: number of updated asset objects reloaded= 0
AssetImportParameters requested are different than current active one (requested -> active):
  custom:container-demuxer-ogg: 62fdf1f143b41e24485cea50d1cbac27 -> 
  custom:video-codec-MediaFoundation-h265: 746d11721c4dcdbdad8f713fa42b33f4 -> 
  custom:video-decoder-ogg-theora: a1e56fd34408186e4bbccfd4996cb3dc -> 
  custom:framework-win-MediaFoundation: 216162199b28c13a410421893ffa2e32 -> 
  custom:CustomObjectIndexerAttribute: 72b91833f83ae208fae7752999fa3104 -> 
  custom:container-demuxer-webm: 4f35f7cbe854078d1ac9338744f61a02 -> 
  custom:container-muxer-webm: aa71ff27fc2769a1b78a27578f13a17b -> 
  custom:video-decoder-webm-vp8: 9c59270c3fd7afecdb556c50c9e8de78 -> 
  custom:SearchIndexIgnoredProperties: e643bd26f0fe6173181afceb89e7c659 -> 
  custom:AudioImporter_EditorPlatform: d09bf68614088b80899f8185d706f6e7 -> 
  custom:video-encoder-webm-vp8: eb34c28f22e8b96e1ab97ce403110664 -> 
  custom:audio-decoder-ogg-vorbis: bf7c407c2cedff20999df2af8eb42d56 -> 
  custom:audio-encoder-webm-vorbis: bf7c407c2cedff20999df2af8eb42d56 -> 
  custom:scripting/precompiled-assembly-types:Assembly-CSharp: 8fae6a922ebb8c58051e2d0bc9e2f8d7 -> f9cc845100246f9e19ea0cb9b596e49b
========================================================================
Received Prepare
Caller must complete domain reload
Begin MonoManager ReloadAssembly
Symbol file data-00000161003A1E60 doesn't match image C:\Users\sam.hamer\Downloads\MH2Files\motionhanging2\mh2 new movement\Library\ScriptAssemblies\Unity.EditorCoroutines.Editor.dll
Symbol file LoadedFromMemory is not a mono symbol file
Symbol file data-00000160B71BAE90 doesn't match image C:\Users\sam.hamer\Downloads\MH2Files\motionhanging2\mh2 new movement\Library\ScriptAssemblies\Unity.AI.Navigation.dll
Symbol file LoadedFromMemory is not a mono symbol file
Symbol file data-0000016102D401B0 doesn't match image C:\Users\sam.hamer\Downloads\MH2Files\motionhanging2\mh2 new movement\Library\ScriptAssemblies\Unity.ProBuilder.Stl.dll
Symbol file LoadedFromMemory is not a mono symbol file
Symbol file data-0000016103DE4080 doesn't match image C:\Users\sam.hamer\Downloads\MH2Files\motionhanging2\mh2 new movement\Library\ScriptAssemblies\Unity.ProBuilder.dll
Symbol file LoadedFromMemory is not a mono symbol file
Symbol file data-0000016146D75090 doesn't match image C:\Users\sam.hamer\Downloads\MH2Files\motionhanging2\mh2 new movement\Library\ScriptAssemblies\Unity.Timeline.Editor.dll
Symbol file LoadedFromMemory is not a mono symbol file
Symbol file data-0000016103A48010 doesn't match image C:\Users\sam.hamer\Downloads\MH2Files\motionhanging2\mh2 new movement\Library\ScriptAssemblies\Unity.VisualScripting.Shared.Editor.dll
Symbol file LoadedFromMemory is not a mono symbol file
Symbol file data-00000161036E29A0 doesn't match image C:\Users\sam.hamer\Downloads\MH2Files\motionhanging2\mh2 new movement\Library\ScriptAssemblies\Unity.VisualStudio.Editor.dll
Symbol file LoadedFromMemory is not a mono symbol file
Symbol file data-00000160FE1A1010 doesn't match image C:\Users\sam.hamer\Downloads\MH2Files\motionhanging2\mh2 new movement\Library\ScriptAssemblies\UnityEditor.UI.dll
Symbol file LoadedFromMemory is not a mono symbol file
Symbol file data-00000161486720B0 doesn't match image C:\Users\sam.hamer\Downloads\MH2Files\motionhanging2\mh2 new movement\Library\ScriptAssemblies\Unity.VisualScripting.Core.dll
Symbol file LoadedFromMemory is not a mono symbol file
Symbol file data-000001614B954030 doesn't match image C:\Users\sam.hamer\Downloads\MH2Files\motionhanging2\mh2 new movement\Library\ScriptAssemblies\Unity.VisualScripting.Core.Editor.dll
Symbol file LoadedFromMemory is not a mono symbol file
Symbol file data-00000160FB8770D0 doesn't match image C:\Users\sam.hamer\Downloads\MH2Files\motionhanging2\mh2 new movement\Library\ScriptAssemblies\Unity.Rider.Editor.dll
Symbol file LoadedFromMemory is not a mono symbol file
Symbol file data-0000016101D09990 doesn't match image C:\Users\sam.hamer\Downloads\MH2Files\motionhanging2\mh2 new movement\Library\ScriptAssemblies\Unity.ProBuilder.AddOns.Editor.dll
Symbol file LoadedFromMemory is not a mono symbol file
Symbol file data-0000016145DCE8D0 doesn't match image C:\Users\sam.hamer\Downloads\MH2Files\motionhanging2\mh2 new movement\Library\ScriptAssemblies\UnityEngine.UI.dll
Symbol file LoadedFromMemory is not a mono symbol file
Symbol file data-00000161466B27B0 doesn't match image C:\Users\sam.hamer\Downloads\MH2Files\motionhanging2\mh2 new movement\Library\ScriptAssemblies\Unity.ProBuilder.Csg.dll
Symbol file LoadedFromMemory is not a mono symbol file
Symbol file data-0000016103DE4080 doesn't match image C:\Users\sam.hamer\Downloads\MH2Files\motionhanging2\mh2 new movement\Library\ScriptAssemblies\Unity.VisualScripting.Flow.dll
Symbol file LoadedFromMemory is not a mono symbol file
Symbol file data-000001610257D410 doesn't match image C:\Users\sam.hamer\Downloads\MH2Files\motionhanging2\mh2 new movement\Library\ScriptAssemblies\Unity.VisualScripting.Flow.Editor.dll
Symbol file LoadedFromMemory is not a mono symbol file
Symbol file data-0000016146599010 doesn't match image C:\Users\sam.hamer\Downloads\MH2Files\motionhanging2\mh2 new movement\Library\ScriptAssemblies\Unity.Timeline.dll
Symbol file LoadedFromMemory is not a mono symbol file
Symbol file data-0000016145455460 doesn't match image C:\Users\sam.hamer\Downloads\MH2Files\motionhanging2\mh2 new movement\Library\ScriptAssemblies\Unity.TestTools.CodeCoverage.Editor.OpenCover.Mono.Reflection.dll
Symbol file LoadedFromMemory is not a mono symbol file
Symbol file data-000001610335C010 doesn't match image C:\Users\sam.hamer\Downloads\MH2Files\motionhanging2\mh2 new movement\Library\ScriptAssemblies\Unity.ProBuilder.Editor.dll
Symbol file LoadedFromMemory is not a mono symbol file
Symbol file data-00000160FD1F2EF0 doesn't match image C:\Users\sam.hamer\Downloads\MH2Files\motionhanging2\mh2 new movement\Library\ScriptAssemblies\Unity.VisualScripting.SettingsProvider.Editor.dll
Symbol file LoadedFromMemory is not a mono symbol file
Symbol file data-000001610088E010 doesn't match image C:\Users\sam.hamer\Downloads\MH2Files\motionhanging2\mh2 new movement\Library\ScriptAssemblies\Unity.Performance.Profile-Analyzer.Editor.dll
Symbol file LoadedFromMemory is not a mono symbol file
Symbol file data-00000161032ED490 doesn't match image C:\Users\sam.hamer\Downloads\MH2Files\motionhanging2\mh2 new movement\Library\ScriptAssemblies\Unity.TestTools.CodeCoverage.Editor.dll
Symbol file LoadedFromMemory is not a mono symbol file
Symbol file data-00000161005A5010 doesn't match image C:\Users\sam.hamer\Downloads\MH2Files\motionhanging2\mh2 new movement\Library\ScriptAssemblies\Unity.TestTools.CodeCoverage.Editor.OpenCover.Model.dll
Symbol file LoadedFromMemory is not a mono symbol file
Symbol file data-00000160B72815F0 doesn't match image C:\Users\sam.hamer\Downloads\MH2Files\motionhanging2\mh2 new movement\Library\ScriptAssemblies\Unity.PlasticSCM.Editor.dll
Symbol file LoadedFromMemory is not a mono symbol file
Symbol file data-0000016144DCC020 doesn't match image C:\Users\sam.hamer\Downloads\MH2Files\motionhanging2\mh2 new movement\Library\ScriptAssemblies\Unity.AI.Navigation.Updater.dll
Symbol file LoadedFromMemory is not a mono symbol file
Symbol file data-00000160FDCB6380 doesn't match image C:\Users\sam.hamer\Downloads\MH2Files\motionhanging2\mh2 new movement\Library\ScriptAssemblies\Unity.ProBuilder.Poly2Tri.dll
Symbol file LoadedFromMemory is not a mono symbol file
Symbol file data-00000161466FAB20 doesn't match image C:\Users\sam.hamer\Downloads\MH2Files\motionhanging2\mh2 new movement\Library\ScriptAssemblies\Unity.VisualScripting.State.Editor.dll
Symbol file LoadedFromMemory is not a mono symbol file
Symbol file data-00000160FB6F1010 doesn't match image C:\Users\sam.hamer\Downloads\MH2Files\motionhanging2\mh2 new movement\Library\ScriptAssemblies\Unity.Settings.Editor.dll
Symbol file LoadedFromMemory is not a mono symbol file
Symbol file data-0000016144D05310 doesn't match image C:\Users\sam.hamer\Downloads\MH2Files\motionhanging2\mh2 new movement\Library\ScriptAssemblies\Unity.ProBuilder.KdTree.dll
Symbol file LoadedFromMemory is not a mono symbol file
Symbol file data-0000016145D2B010 doesn't match image C:\Users\sam.hamer\Downloads\MH2Files\motionhanging2\mh2 new movement\Library\ScriptAssemblies\Unity.CollabProxy.Editor.dll
Symbol file LoadedFromMemory is not a mono symbol file
Symbol file data-0000016103DE4080 doesn't match image C:\Users\sam.hamer\Downloads\MH2Files\motionhanging2\mh2 new movement\Library\ScriptAssemblies\Unity.TextMeshPro.dll
Symbol file LoadedFromMemory is not a mono symbol file
Symbol file data-0000015F4630E010 doesn't match image C:\Users\sam.hamer\Downloads\MH2Files\motionhanging2\mh2 new movement\Library\ScriptAssemblies\Unity.TextMeshPro.Editor.dll
Symbol file LoadedFromMemory is not a mono symbol file
Symbol file data-000001610323BDF0 doesn't match image C:\Users\sam.hamer\Downloads\MH2Files\motionhanging2\mh2 new movement\Library\ScriptAssemblies\Unity.AI.Navigation.Editor.dll
Symbol file LoadedFromMemory is not a mono symbol file
Symbol file data-00000161005A5010 doesn't match image C:\Users\sam.hamer\Downloads\MH2Files\motionhanging2\mh2 new movement\Library\ScriptAssemblies\Unity.ProBuilder.AssetIdRemapUtility.dll
Symbol file LoadedFromMemory is not a mono symbol file
Symbol file data-00000161005A5010 doesn't match image C:\Users\sam.hamer\Downloads\MH2Files\motionhanging2\mh2 new movement\Library\ScriptAssemblies\Unity.VisualScripting.State.dll
Symbol file LoadedFromMemory is not a mono symbol file
Symbol file data-000001610341D030 doesn't match image C:\Users\sam.hamer\Downloads\MH2Files\motionhanging2\mh2 new movement\Library\ScriptAssemblies\Unity.AI.Navigation.Editor.ConversionSystem.dll
Symbol file LoadedFromMemory is not a mono symbol file
Symbol file data-00000161005A5010 doesn't match image C:\Users\sam.hamer\Downloads\MH2Files\motionhanging2\mh2 new movement\Library\ScriptAssemblies\Unity.VSCode.Editor.dll
Symbol file LoadedFromMemory is not a mono symbol file
- Loaded All Assemblies, in  0.502 seconds
Native extension for WindowsStandalone target not found
Mono: successfully reloaded assembly
- Finished resetting the current domain, in  1.013 seconds
Domain Reload Profiling: 1514ms
	BeginReloadAssembly (158ms)
		ExecutionOrderSort (0ms)
		DisableScriptedObjects (6ms)
		BackupInstance (0ms)
		ReleaseScriptingObjects (0ms)
		CreateAndSetChildDomain (37ms)
	RebuildCommonClasses (32ms)
	RebuildNativeTypeToScriptingClass (8ms)
	initialDomainReloadingComplete (27ms)
	LoadAllAssembliesAndSetupDomain (274ms)
		LoadAssemblies (319ms)
		RebuildTransferFunctionScriptingTraits (0ms)
		AnalyzeDomain (41ms)
			TypeCache.Refresh (11ms)
				TypeCache.ScanAssembly (1ms)
			ScanForSourceGeneratedMonoScriptInfo (19ms)
			ResolveRequiredComponents (10ms)
	FinalizeReload (1013ms)
		ReleaseScriptCaches (0ms)
		RebuildScriptCaches (0ms)
		SetupLoadedEditorAssemblies (415ms)
			LogAssemblyErrors (0ms)
			InitializePlatformSupportModulesInManaged (5ms)
			SetLoadedEditorAssemblies (5ms)
			RefreshPlugins (0ms)
			BeforeProcessingInitializeOnLoad (76ms)
			ProcessInitializeOnLoadAttributes (267ms)
			ProcessInitializeOnLoadMethodAttributes (57ms)
			AfterProcessingInitializeOnLoad (4ms)
			EditorAssembliesLoaded (0ms)
		ExecutionOrderSort2 (0ms)
		AwakeInstancesAfterBackupRestoration (5ms)
Refreshing native plugins compatible for Editor in 3.97 ms, found 3 plugins.
Preloading 0 native plugins for Editor in 0.00 ms.
Unloading 5275 Unused Serialized files (Serialized files now loaded: 0)
Unloading 24 unused Assets / (0.7 MB). Loaded Objects now: 5926.
Memory consumption went from 188.7 MB to 188.0 MB.
Total: 4.067100 ms (FindLiveObjects: 0.687400 ms CreateObjectMapping: 0.468200 ms MarkObjects: 2.552700 ms  DeleteObjects: 0.356200 ms)

Prepare: number of updated asset objects reloaded= 0
AssetImportParameters requested are different than current active one (requested -> active):
  custom:container-demuxer-ogg: 62fdf1f143b41e24485cea50d1cbac27 -> 
  custom:video-codec-MediaFoundation-h265: 746d11721c4dcdbdad8f713fa42b33f4 -> 
  custom:video-decoder-ogg-theora: a1e56fd34408186e4bbccfd4996cb3dc -> 
  custom:framework-win-MediaFoundation: 216162199b28c13a410421893ffa2e32 -> 
  custom:CustomObjectIndexerAttribute: 72b91833f83ae208fae7752999fa3104 -> 
  custom:container-demuxer-webm: 4f35f7cbe854078d1ac9338744f61a02 -> 
  custom:container-muxer-webm: aa71ff27fc2769a1b78a27578f13a17b -> 
  custom:video-decoder-webm-vp8: 9c59270c3fd7afecdb556c50c9e8de78 -> 
  custom:SearchIndexIgnoredProperties: e643bd26f0fe6173181afceb89e7c659 -> 
  custom:AudioImporter_EditorPlatform: d09bf68614088b80899f8185d706f6e7 -> 
  custom:video-encoder-webm-vp8: eb34c28f22e8b96e1ab97ce403110664 -> 
  custom:audio-decoder-ogg-vorbis: bf7c407c2cedff20999df2af8eb42d56 -> 
  custom:audio-encoder-webm-vorbis: bf7c407c2cedff20999df2af8eb42d56 -> 
  custom:scripting/precompiled-assembly-types:Assembly-CSharp: 8fae6a922ebb8c58051e2d0bc9e2f8d7 -> f9cc845100246f9e19ea0cb9b596e49b
========================================================================
Received Prepare
Caller must complete domain reload
Begin MonoManager ReloadAssembly
Symbol file data-00000161003A1E60 doesn't match image C:\Users\sam.hamer\Downloads\MH2Files\motionhanging2\mh2 new movement\Library\ScriptAssemblies\Unity.EditorCoroutines.Editor.dll
Symbol file LoadedFromMemory is not a mono symbol file
Symbol file data-00000160B71BAE90 doesn't match image C:\Users\sam.hamer\Downloads\MH2Files\motionhanging2\mh2 new movement\Library\ScriptAssemblies\Unity.AI.Navigation.dll
Symbol file LoadedFromMemory is not a mono symbol file
Symbol file data-00000161489C0D50 doesn't match image C:\Users\sam.hamer\Downloads\MH2Files\motionhanging2\mh2 new movement\Library\ScriptAssemblies\Unity.ProBuilder.Stl.dll
Symbol file LoadedFromMemory is not a mono symbol file
Symbol file data-0000016103DE4080 doesn't match image C:\Users\sam.hamer\Downloads\MH2Files\motionhanging2\mh2 new movement\Library\ScriptAssemblies\Unity.ProBuilder.dll
Symbol file LoadedFromMemory is not a mono symbol file
Symbol file data-0000016146D75090 doesn't match image C:\Users\sam.hamer\Downloads\MH2Files\motionhanging2\mh2 new movement\Library\ScriptAssemblies\Unity.Timeline.Editor.dll
Symbol file LoadedFromMemory is not a mono symbol file
Symbol file data-00000160FCBD7010 doesn't match image C:\Users\sam.hamer\Downloads\MH2Files\motionhanging2\mh2 new movement\Library\ScriptAssemblies\Unity.VisualScripting.Shared.Editor.dll
Symbol file LoadedFromMemory is not a mono symbol file
Symbol file data-00000161030E1050 doesn't match image C:\Users\sam.hamer\Downloads\MH2Files\motionhanging2\mh2 new movement\Library\ScriptAssemblies\Unity.VisualStudio.Editor.dll
Symbol file LoadedFromMemory is not a mono symbol file
Symbol file data-00000160FE1A1010 doesn't match image C:\Users\sam.hamer\Downloads\MH2Files\motionhanging2\mh2 new movement\Library\ScriptAssemblies\UnityEditor.UI.dll
Symbol file LoadedFromMemory is not a mono symbol file
Symbol file data-0000016144BD0080 doesn't match image C:\Users\sam.hamer\Downloads\MH2Files\motionhanging2\mh2 new movement\Library\ScriptAssemblies\Unity.VisualScripting.Core.dll
Symbol file LoadedFromMemory is not a mono symbol file
Symbol file data-000001614B954030 doesn't match image C:\Users\sam.hamer\Downloads\MH2Files\motionhanging2\mh2 new movement\Library\ScriptAssemblies\Unity.VisualScripting.Core.Editor.dll
Symbol file LoadedFromMemory is not a mono symbol file
Symbol file data-00000160FB8770D0 doesn't match image C:\Users\sam.hamer\Downloads\MH2Files\motionhanging2\mh2 new movement\Library\ScriptAssemblies\Unity.Rider.Editor.dll
Symbol file LoadedFromMemory is not a mono symbol file
Symbol file data-00000160FD87EC70 doesn't match image C:\Users\sam.hamer\Downloads\MH2Files\motionhanging2\mh2 new movement\Library\ScriptAssemblies\Unity.ProBuilder.AddOns.Editor.dll
Symbol file LoadedFromMemory is not a mono symbol file
Symbol file data-0000016100857070 doesn't match image C:\Users\sam.hamer\Downloads\MH2Files\motionhanging2\mh2 new movement\Library\ScriptAssemblies\UnityEngine.UI.dll
Symbol file LoadedFromMemory is not a mono symbol file
Symbol file data-00000161466B27B0 doesn't match image C:\Users\sam.hamer\Downloads\MH2Files\motionhanging2\mh2 new movement\Library\ScriptAssemblies\Unity.ProBuilder.Csg.dll
Symbol file LoadedFromMemory is not a mono symbol file
Symbol file data-0000016103DE4080 doesn't match image C:\Users\sam.hamer\Downloads\MH2Files\motionhanging2\mh2 new movement\Library\ScriptAssemblies\Unity.VisualScripting.Flow.dll
Symbol file LoadedFromMemory is not a mono symbol file
Symbol file data-0000015F46971010 doesn't match image C:\Users\sam.hamer\Downloads\MH2Files\motionhanging2\mh2 new movement\Library\ScriptAssemblies\Unity.VisualScripting.Flow.Editor.dll
Symbol file LoadedFromMemory is not a mono symbol file
Symbol file data-0000016146599010 doesn't match image C:\Users\sam.hamer\Downloads\MH2Files\motionhanging2\mh2 new movement\Library\ScriptAssemblies\Unity.Timeline.dll
Symbol file LoadedFromMemory is not a mono symbol file
Symbol file data-0000016145455460 doesn't match image C:\Users\sam.hamer\Downloads\MH2Files\motionhanging2\mh2 new movement\Library\ScriptAssemblies\Unity.TestTools.CodeCoverage.Editor.OpenCover.Mono.Reflection.dll
Symbol file LoadedFromMemory is not a mono symbol file
Symbol file data-000001610335C010 doesn't match image C:\Users\sam.hamer\Downloads\MH2Files\motionhanging2\mh2 new movement\Library\ScriptAssemblies\Unity.ProBuilder.Editor.dll
Symbol file LoadedFromMemory is not a mono symbol file
Symbol file data-0000016102D401B0 doesn't match image C:\Users\sam.hamer\Downloads\MH2Files\motionhanging2\mh2 new movement\Library\ScriptAssemblies\Unity.VisualScripting.SettingsProvider.Editor.dll
Symbol file LoadedFromMemory is not a mono symbol file
Symbol file data-0000016100C72040 doesn't match image C:\Users\sam.hamer\Downloads\MH2Files\motionhanging2\mh2 new movement\Library\ScriptAssemblies\Unity.Performance.Profile-Analyzer.Editor.dll
Symbol file LoadedFromMemory is not a mono symbol file
Symbol file data-00000161030E1050 doesn't match image C:\Users\sam.hamer\Downloads\MH2Files\motionhanging2\mh2 new movement\Library\ScriptAssemblies\Unity.TestTools.CodeCoverage.Editor.dll
Symbol file LoadedFromMemory is not a mono symbol file
Symbol file data-00000160FAD3D020 doesn't match image C:\Users\sam.hamer\Downloads\MH2Files\motionhanging2\mh2 new movement\Library\ScriptAssemblies\Unity.TestTools.CodeCoverage.Editor.OpenCover.Model.dll
Symbol file LoadedFromMemory is not a mono symbol file
Symbol file data-00000160B72815F0 doesn't match image C:\Users\sam.hamer\Downloads\MH2Files\motionhanging2\mh2 new movement\Library\ScriptAssemblies\Unity.PlasticSCM.Editor.dll
Symbol file LoadedFromMemory is not a mono symbol file
Symbol file data-0000016144DCC020 doesn't match image C:\Users\sam.hamer\Downloads\MH2Files\motionhanging2\mh2 new movement\Library\ScriptAssemblies\Unity.AI.Navigation.Updater.dll
Symbol file LoadedFromMemory is not a mono symbol file
Symbol file data-00000160FDCB6380 doesn't match image C:\Users\sam.hamer\Downloads\MH2Files\motionhanging2\mh2 new movement\Library\ScriptAssemblies\Unity.ProBuilder.Poly2Tri.dll
Symbol file LoadedFromMemory is not a mono symbol file
Symbol file data-00000161466FAB20 doesn't match image C:\Users\sam.hamer\Downloads\MH2Files\motionhanging2\mh2 new movement\Library\ScriptAssemblies\Unity.VisualScripting.State.Editor.dll
Symbol file LoadedFromMemory is not a mono symbol file
Symbol file data-00000160FB6F1010 doesn't match image C:\Users\sam.hamer\Downloads\MH2Files\motionhanging2\mh2 new movement\Library\ScriptAssemblies\Unity.Settings.Editor.dll
Symbol file LoadedFromMemory is not a mono symbol file
Symbol file data-0000016144D05310 doesn't match image C:\Users\sam.hamer\Downloads\MH2Files\motionhanging2\mh2 new movement\Library\ScriptAssemblies\Unity.ProBuilder.KdTree.dll
Symbol file LoadedFromMemory is not a mono symbol file
Symbol file data-0000016145D2B010 doesn't match image C:\Users\sam.hamer\Downloads\MH2Files\motionhanging2\mh2 new movement\Library\ScriptAssemblies\Unity.CollabProxy.Editor.dll
Symbol file LoadedFromMemory is not a mono symbol file
Symbol file data-0000016103DE4080 doesn't match image C:\Users\sam.hamer\Downloads\MH2Files\motionhanging2\mh2 new movement\Library\ScriptAssemblies\Unity.TextMeshPro.dll
Symbol file LoadedFromMemory is not a mono symbol file
Symbol file data-0000016146737020 doesn't match image C:\Users\sam.hamer\Downloads\MH2Files\motionhanging2\mh2 new movement\Library\ScriptAssemblies\Unity.TextMeshPro.Editor.dll
Symbol file LoadedFromMemory is not a mono symbol file
Symbol file data-00000160FC7D0020 doesn't match image C:\Users\sam.hamer\Downloads\MH2Files\motionhanging2\mh2 new movement\Library\ScriptAssemblies\Unity.AI.Navigation.Editor.dll
Symbol file LoadedFromMemory is not a mono symbol file
Symbol file data-00000160FAD3D020 doesn't match image C:\Users\sam.hamer\Downloads\MH2Files\motionhanging2\mh2 new movement\Library\ScriptAssemblies\Unity.ProBuilder.AssetIdRemapUtility.dll
Symbol file LoadedFromMemory is not a mono symbol file
Symbol file data-000001614AC74250 doesn't match image C:\Users\sam.hamer\Downloads\MH2Files\motionhanging2\mh2 new movement\Library\ScriptAssemblies\Unity.VisualScripting.State.dll
Symbol file LoadedFromMemory is not a mono symbol file
Symbol file data-000001610341D030 doesn't match image C:\Users\sam.hamer\Downloads\MH2Files\motionhanging2\mh2 new movement\Library\ScriptAssemblies\Unity.AI.Navigation.Editor.ConversionSystem.dll
Symbol file LoadedFromMemory is not a mono symbol file
Symbol file data-00000160FAD3D020 doesn't match image C:\Users\sam.hamer\Downloads\MH2Files\motionhanging2\mh2 new movement\Library\ScriptAssemblies\Unity.VSCode.Editor.dll
Symbol file LoadedFromMemory is not a mono symbol file
- Loaded All Assemblies, in  0.438 seconds
Native extension for WindowsStandalone target not found
Mono: successfully reloaded assembly
- Finished resetting the current domain, in  1.028 seconds
Domain Reload Profiling: 1464ms
	BeginReloadAssembly (146ms)
		ExecutionOrderSort (0ms)
		DisableScriptedObjects (4ms)
		BackupInstance (0ms)
		ReleaseScriptingObjects (0ms)
		CreateAndSetChildDomain (35ms)
	RebuildCommonClasses (26ms)
	RebuildNativeTypeToScriptingClass (8ms)
	initialDomainReloadingComplete (23ms)
	LoadAllAssembliesAndSetupDomain (233ms)
		LoadAssemblies (289ms)
		RebuildTransferFunctionScriptingTraits (0ms)
		AnalyzeDomain (19ms)
			TypeCache.Refresh (8ms)
				TypeCache.ScanAssembly (0ms)
			ScanForSourceGeneratedMonoScriptInfo (0ms)
			ResolveRequiredComponents (9ms)
	FinalizeReload (1028ms)
		ReleaseScriptCaches (0ms)
		RebuildScriptCaches (0ms)
		SetupLoadedEditorAssemblies (458ms)
			LogAssemblyErrors (0ms)
			InitializePlatformSupportModulesInManaged (7ms)
			SetLoadedEditorAssemblies (5ms)
			RefreshPlugins (0ms)
			BeforeProcessingInitializeOnLoad (82ms)
			ProcessInitializeOnLoadAttributes (298ms)
			ProcessInitializeOnLoadMethodAttributes (62ms)
			AfterProcessingInitializeOnLoad (4ms)
			EditorAssembliesLoaded (0ms)
		ExecutionOrderSort2 (0ms)
		AwakeInstancesAfterBackupRestoration (6ms)
Refreshing native plugins compatible for Editor in 3.60 ms, found 3 plugins.
Preloading 0 native plugins for Editor in 0.00 ms.
Unloading 5275 Unused Serialized files (Serialized files now loaded: 0)
Unloading 24 unused Assets / (0.8 MB). Loaded Objects now: 5929.
Memory consumption went from 188.7 MB to 188.0 MB.
Total: 4.278600 ms (FindLiveObjects: 0.403900 ms CreateObjectMapping: 0.326800 ms MarkObjects: 3.113600 ms  DeleteObjects: 0.433200 ms)

Prepare: number of updated asset objects reloaded= 0
AssetImportParameters requested are different than current active one (requested -> active):
  custom:container-demuxer-ogg: 62fdf1f143b41e24485cea50d1cbac27 -> 
  custom:video-codec-MediaFoundation-h265: 746d11721c4dcdbdad8f713fa42b33f4 -> 
  custom:video-decoder-ogg-theora: a1e56fd34408186e4bbccfd4996cb3dc -> 
  custom:framework-win-MediaFoundation: 216162199b28c13a410421893ffa2e32 -> 
  custom:CustomObjectIndexerAttribute: 72b91833f83ae208fae7752999fa3104 -> 
  custom:container-demuxer-webm: 4f35f7cbe854078d1ac9338744f61a02 -> 
  custom:container-muxer-webm: aa71ff27fc2769a1b78a27578f13a17b -> 
  custom:video-decoder-webm-vp8: 9c59270c3fd7afecdb556c50c9e8de78 -> 
  custom:SearchIndexIgnoredProperties: e643bd26f0fe6173181afceb89e7c659 -> 
  custom:AudioImporter_EditorPlatform: d09bf68614088b80899f8185d706f6e7 -> 
  custom:video-encoder-webm-vp8: eb34c28f22e8b96e1ab97ce403110664 -> 
  custom:audio-decoder-ogg-vorbis: bf7c407c2cedff20999df2af8eb42d56 -> 
  custom:audio-encoder-webm-vorbis: bf7c407c2cedff20999df2af8eb42d56 -> 
  custom:scripting/precompiled-assembly-types:Assembly-CSharp: 8fae6a922ebb8c58051e2d0bc9e2f8d7 -> f9cc845100246f9e19ea0cb9b596e49b
========================================================================
Received Prepare
Caller must complete domain reload
Begin MonoManager ReloadAssembly
Symbol file data-00000161003A1E60 doesn't match image C:\Users\sam.hamer\Downloads\MH2Files\motionhanging2\mh2 new movement\Library\ScriptAssemblies\Unity.EditorCoroutines.Editor.dll
Symbol file LoadedFromMemory is not a mono symbol file
Symbol file data-0000015F46DB1010 doesn't match image C:\Users\sam.hamer\Downloads\MH2Files\motionhanging2\mh2 new movement\Library\ScriptAssemblies\Unity.AI.Navigation.dll
Symbol file LoadedFromMemory is not a mono symbol file
Symbol file data-00000161489C0D50 doesn't match image C:\Users\sam.hamer\Downloads\MH2Files\motionhanging2\mh2 new movement\Library\ScriptAssemblies\Unity.ProBuilder.Stl.dll
Symbol file LoadedFromMemory is not a mono symbol file
Symbol file data-0000016103DE4080 doesn't match image C:\Users\sam.hamer\Downloads\MH2Files\motionhanging2\mh2 new movement\Library\ScriptAssemblies\Unity.ProBuilder.dll
Symbol file LoadedFromMemory is not a mono symbol file
Symbol file data-0000016146D75090 doesn't match image C:\Users\sam.hamer\Downloads\MH2Files\motionhanging2\mh2 new movement\Library\ScriptAssemblies\Unity.Timeline.Editor.dll
Symbol file LoadedFromMemory is not a mono symbol file
Symbol file data-00000160FCBD7010 doesn't match image C:\Users\sam.hamer\Downloads\MH2Files\motionhanging2\mh2 new movement\Library\ScriptAssemblies\Unity.VisualScripting.Shared.Editor.dll
Symbol file LoadedFromMemory is not a mono symbol file
Symbol file data-00000161030E1050 doesn't match image C:\Users\sam.hamer\Downloads\MH2Files\motionhanging2\mh2 new movement\Library\ScriptAssemblies\Unity.VisualStudio.Editor.dll
Symbol file LoadedFromMemory is not a mono symbol file
Symbol file data-00000160FE1A1010 doesn't match image C:\Users\sam.hamer\Downloads\MH2Files\motionhanging2\mh2 new movement\Library\ScriptAssemblies\UnityEditor.UI.dll
Symbol file LoadedFromMemory is not a mono symbol file
Symbol file data-0000016144BD0080 doesn't match image C:\Users\sam.hamer\Downloads\MH2Files\motionhanging2\mh2 new movement\Library\ScriptAssemblies\Unity.VisualScripting.Core.dll
Symbol file LoadedFromMemory is not a mono symbol file
Symbol file data-000001614B954030 doesn't match image C:\Users\sam.hamer\Downloads\MH2Files\motionhanging2\mh2 new movement\Library\ScriptAssemblies\Unity.VisualScripting.Core.Editor.dll
Symbol file LoadedFromMemory is not a mono symbol file
Symbol file data-00000160FB8770D0 doesn't match image C:\Users\sam.hamer\Downloads\MH2Files\motionhanging2\mh2 new movement\Library\ScriptAssemblies\Unity.Rider.Editor.dll
Symbol file LoadedFromMemory is not a mono symbol file
Symbol file data-0000016101D09990 doesn't match image C:\Users\sam.hamer\Downloads\MH2Files\motionhanging2\mh2 new movement\Library\ScriptAssemblies\Unity.ProBuilder.AddOns.Editor.dll
Symbol file LoadedFromMemory is not a mono symbol file
Symbol file data-0000016100857070 doesn't match image C:\Users\sam.hamer\Downloads\MH2Files\motionhanging2\mh2 new movement\Library\ScriptAssemblies\UnityEngine.UI.dll
Symbol file LoadedFromMemory is not a mono symbol file
Symbol file data-00000161466B27B0 doesn't match image C:\Users\sam.hamer\Downloads\MH2Files\motionhanging2\mh2 new movement\Library\ScriptAssemblies\Unity.ProBuilder.Csg.dll
Symbol file LoadedFromMemory is not a mono symbol file
Symbol file data-0000016103DE4080 doesn't match image C:\Users\sam.hamer\Downloads\MH2Files\motionhanging2\mh2 new movement\Library\ScriptAssemblies\Unity.VisualScripting.Flow.dll
Symbol file LoadedFromMemory is not a mono symbol file
Symbol file data-0000015F46971010 doesn't match image C:\Users\sam.hamer\Downloads\MH2Files\motionhanging2\mh2 new movement\Library\ScriptAssemblies\Unity.VisualScripting.Flow.Editor.dll
Symbol file LoadedFromMemory is not a mono symbol file
Symbol file data-0000016146599010 doesn't match image C:\Users\sam.hamer\Downloads\MH2Files\motionhanging2\mh2 new movement\Library\ScriptAssemblies\Unity.Timeline.dll
Symbol file LoadedFromMemory is not a mono symbol file
Symbol file data-0000016145455460 doesn't match image C:\Users\sam.hamer\Downloads\MH2Files\motionhanging2\mh2 new movement\Library\ScriptAssemblies\Unity.TestTools.CodeCoverage.Editor.OpenCover.Mono.Reflection.dll
Symbol file LoadedFromMemory is not a mono symbol file
Symbol file data-000001610335C010 doesn't match image C:\Users\sam.hamer\Downloads\MH2Files\motionhanging2\mh2 new movement\Library\ScriptAssemblies\Unity.ProBuilder.Editor.dll
Symbol file LoadedFromMemory is not a mono symbol file
Symbol file data-0000016102D401B0 doesn't match image C:\Users\sam.hamer\Downloads\MH2Files\motionhanging2\mh2 new movement\Library\ScriptAssemblies\Unity.VisualScripting.SettingsProvider.Editor.dll
Symbol file LoadedFromMemory is not a mono symbol file
Symbol file data-0000016100C72040 doesn't match image C:\Users\sam.hamer\Downloads\MH2Files\motionhanging2\mh2 new movement\Library\ScriptAssemblies\Unity.Performance.Profile-Analyzer.Editor.dll
Symbol file LoadedFromMemory is not a mono symbol file
Symbol file data-00000161030E1050 doesn't match image C:\Users\sam.hamer\Downloads\MH2Files\motionhanging2\mh2 new movement\Library\ScriptAssemblies\Unity.TestTools.CodeCoverage.Editor.dll
Symbol file LoadedFromMemory is not a mono symbol file
Symbol file data-00000160FAD3D020 doesn't match image C:\Users\sam.hamer\Downloads\MH2Files\motionhanging2\mh2 new movement\Library\ScriptAssemblies\Unity.TestTools.CodeCoverage.Editor.OpenCover.Model.dll
Symbol file LoadedFromMemory is not a mono symbol file
Symbol file data-00000160B72815F0 doesn't match image C:\Users\sam.hamer\Downloads\MH2Files\motionhanging2\mh2 new movement\Library\ScriptAssemblies\Unity.PlasticSCM.Editor.dll
Symbol file LoadedFromMemory is not a mono symbol file
Symbol file data-0000016144DCC020 doesn't match image C:\Users\sam.hamer\Downloads\MH2Files\motionhanging2\mh2 new movement\Library\ScriptAssemblies\Unity.AI.Navigation.Updater.dll
Symbol file LoadedFromMemory is not a mono symbol file
Symbol file data-00000160FDCB6380 doesn't match image C:\Users\sam.hamer\Downloads\MH2Files\motionhanging2\mh2 new movement\Library\ScriptAssemblies\Unity.ProBuilder.Poly2Tri.dll
Symbol file LoadedFromMemory is not a mono symbol file
Symbol file data-00000161026EF030 doesn't match image C:\Users\sam.hamer\Downloads\MH2Files\motionhanging2\mh2 new movement\Library\ScriptAssemblies\Unity.VisualScripting.State.Editor.dll
Symbol file LoadedFromMemory is not a mono symbol file
Symbol file data-00000160FB6F1010 doesn't match image C:\Users\sam.hamer\Downloads\MH2Files\motionhanging2\mh2 new movement\Library\ScriptAssemblies\Unity.Settings.Editor.dll
Symbol file LoadedFromMemory is not a mono symbol file
Symbol file data-0000016144D05310 doesn't match image C:\Users\sam.hamer\Downloads\MH2Files\motionhanging2\mh2 new movement\Library\ScriptAssemblies\Unity.ProBuilder.KdTree.dll
Symbol file LoadedFromMemory is not a mono symbol file
Symbol file data-00000161003A1E60 doesn't match image C:\Users\sam.hamer\Downloads\MH2Files\motionhanging2\mh2 new movement\Library\ScriptAssemblies\Unity.CollabProxy.Editor.dll
Symbol file LoadedFromMemory is not a mono symbol file
Symbol file data-0000016103DE4080 doesn't match image C:\Users\sam.hamer\Downloads\MH2Files\motionhanging2\mh2 new movement\Library\ScriptAssemblies\Unity.TextMeshPro.dll
Symbol file LoadedFromMemory is not a mono symbol file
Symbol file data-00000160FD14E010 doesn't match image C:\Users\sam.hamer\Downloads\MH2Files\motionhanging2\mh2 new movement\Library\ScriptAssemblies\Unity.TextMeshPro.Editor.dll
Symbol file LoadedFromMemory is not a mono symbol file
Symbol file data-00000160FC7D0020 doesn't match image C:\Users\sam.hamer\Downloads\MH2Files\motionhanging2\mh2 new movement\Library\ScriptAssemblies\Unity.AI.Navigation.Editor.dll
Symbol file LoadedFromMemory is not a mono symbol file
Symbol file data-00000160FAD3D020 doesn't match image C:\Users\sam.hamer\Downloads\MH2Files\motionhanging2\mh2 new movement\Library\ScriptAssemblies\Unity.ProBuilder.AssetIdRemapUtility.dll
Symbol file LoadedFromMemory is not a mono symbol file
Symbol file data-000001614AC74250 doesn't match image C:\Users\sam.hamer\Downloads\MH2Files\motionhanging2\mh2 new movement\Library\ScriptAssemblies\Unity.VisualScripting.State.dll
Symbol file LoadedFromMemory is not a mono symbol file
Symbol file data-000001610341D030 doesn't match image C:\Users\sam.hamer\Downloads\MH2Files\motionhanging2\mh2 new movement\Library\ScriptAssemblies\Unity.AI.Navigation.Editor.ConversionSystem.dll
Symbol file LoadedFromMemory is not a mono symbol file
Symbol file data-00000160FAD3D020 doesn't match image C:\Users\sam.hamer\Downloads\MH2Files\motionhanging2\mh2 new movement\Library\ScriptAssemblies\Unity.VSCode.Editor.dll
Symbol file LoadedFromMemory is not a mono symbol file
- Loaded All Assemblies, in  1.646 seconds
Native extension for WindowsStandalone target not found
Mono: successfully reloaded assembly
- Finished resetting the current domain, in  2.304 seconds
Domain Reload Profiling: 3950ms
	BeginReloadAssembly (476ms)
		ExecutionOrderSort (0ms)
		DisableScriptedObjects (13ms)
		BackupInstance (0ms)
		ReleaseScriptingObjects (0ms)
		CreateAndSetChildDomain (185ms)
	RebuildCommonClasses (34ms)
	RebuildNativeTypeToScriptingClass (9ms)
	initialDomainReloadingComplete (33ms)
	LoadAllAssembliesAndSetupDomain (1094ms)
		LoadAssemblies (1171ms)
		RebuildTransferFunctionScriptingTraits (0ms)
		AnalyzeDomain (76ms)
			TypeCache.Refresh (24ms)
				TypeCache.ScanAssembly (1ms)
			ScanForSourceGeneratedMonoScriptInfo (37ms)
			ResolveRequiredComponents (14ms)
	FinalizeReload (2305ms)
		ReleaseScriptCaches (0ms)
		RebuildScriptCaches (0ms)
		SetupLoadedEditorAssemblies (482ms)
			LogAssemblyErrors (0ms)
			InitializePlatformSupportModulesInManaged (7ms)
			SetLoadedEditorAssemblies (5ms)
			RefreshPlugins (0ms)
			BeforeProcessingInitializeOnLoad (80ms)
			ProcessInitializeOnLoadAttributes (319ms)
			ProcessInitializeOnLoadMethodAttributes (65ms)
			AfterProcessingInitializeOnLoad (4ms)
			EditorAssembliesLoaded (1ms)
		ExecutionOrderSort2 (0ms)
		AwakeInstancesAfterBackupRestoration (5ms)
Refreshing native plugins compatible for Editor in 3.64 ms, found 3 plugins.
Preloading 0 native plugins for Editor in 0.00 ms.
Unloading 5275 Unused Serialized files (Serialized files now loaded: 0)
Unloading 24 unused Assets / (0.7 MB). Loaded Objects now: 5932.
Memory consumption went from 188.7 MB to 188.0 MB.
Total: 8.287700 ms (FindLiveObjects: 0.533000 ms CreateObjectMapping: 0.353800 ms MarkObjects: 6.455600 ms  DeleteObjects: 0.943600 ms)

Prepare: number of updated asset objects reloaded= 0
AssetImportParameters requested are different than current active one (requested -> active):
  custom:container-demuxer-ogg: 62fdf1f143b41e24485cea50d1cbac27 -> 
  custom:video-codec-MediaFoundation-h265: 746d11721c4dcdbdad8f713fa42b33f4 -> 
  custom:video-decoder-ogg-theora: a1e56fd34408186e4bbccfd4996cb3dc -> 
  custom:framework-win-MediaFoundation: 216162199b28c13a410421893ffa2e32 -> 
  custom:CustomObjectIndexerAttribute: 72b91833f83ae208fae7752999fa3104 -> 
  custom:container-demuxer-webm: 4f35f7cbe854078d1ac9338744f61a02 -> 
  custom:container-muxer-webm: aa71ff27fc2769a1b78a27578f13a17b -> 
  custom:video-decoder-webm-vp8: 9c59270c3fd7afecdb556c50c9e8de78 -> 
  custom:SearchIndexIgnoredProperties: e643bd26f0fe6173181afceb89e7c659 -> 
  custom:AudioImporter_EditorPlatform: d09bf68614088b80899f8185d706f6e7 -> 
  custom:video-encoder-webm-vp8: eb34c28f22e8b96e1ab97ce403110664 -> 
  custom:audio-decoder-ogg-vorbis: bf7c407c2cedff20999df2af8eb42d56 -> 
  custom:audio-encoder-webm-vorbis: bf7c407c2cedff20999df2af8eb42d56 -> 
  custom:scripting/precompiled-assembly-types:Assembly-CSharp: 8fae6a922ebb8c58051e2d0bc9e2f8d7 -> f9cc845100246f9e19ea0cb9b596e49b
========================================================================
Received Prepare
Caller must complete domain reload
Begin MonoManager ReloadAssembly
Symbol file data-00000161003A1E60 doesn't match image C:\Users\sam.hamer\Downloads\MH2Files\motionhanging2\mh2 new movement\Library\ScriptAssemblies\Unity.EditorCoroutines.Editor.dll
Symbol file LoadedFromMemory is not a mono symbol file
Symbol file data-00000161458E20C0 doesn't match image C:\Users\sam.hamer\Downloads\MH2Files\motionhanging2\mh2 new movement\Library\ScriptAssemblies\Unity.AI.Navigation.dll
Symbol file LoadedFromMemory is not a mono symbol file
Symbol file data-0000016102D401B0 doesn't match image C:\Users\sam.hamer\Downloads\MH2Files\motionhanging2\mh2 new movement\Library\ScriptAssemblies\Unity.ProBuilder.Stl.dll
Symbol file LoadedFromMemory is not a mono symbol file
Symbol file data-0000016144FF5820 doesn't match image C:\Users\sam.hamer\Downloads\MH2Files\motionhanging2\mh2 new movement\Library\ScriptAssemblies\Unity.ProBuilder.dll
Symbol file LoadedFromMemory is not a mono symbol file
Symbol file data-00000160FE231020 doesn't match image C:\Users\sam.hamer\Downloads\MH2Files\motionhanging2\mh2 new movement\Library\ScriptAssemblies\Unity.Timeline.Editor.dll
Symbol file LoadedFromMemory is not a mono symbol file
Symbol file data-00000160FDC60A50 doesn't match image C:\Users\sam.hamer\Downloads\MH2Files\motionhanging2\mh2 new movement\Library\ScriptAssemblies\Unity.VisualScripting.Shared.Editor.dll
Symbol file LoadedFromMemory is not a mono symbol file
Symbol file data-0000016100CF6030 doesn't match image C:\Users\sam.hamer\Downloads\MH2Files\motionhanging2\mh2 new movement\Library\ScriptAssemblies\Unity.VisualStudio.Editor.dll
Symbol file LoadedFromMemory is not a mono symbol file
Symbol file data-0000016103CA0030 doesn't match image C:\Users\sam.hamer\Downloads\MH2Files\motionhanging2\mh2 new movement\Library\ScriptAssemblies\UnityEditor.UI.dll
Symbol file LoadedFromMemory is not a mono symbol file
Symbol file data-000001614AF60040 doesn't match image C:\Users\sam.hamer\Downloads\MH2Files\motionhanging2\mh2 new movement\Library\ScriptAssemblies\Unity.VisualScripting.Core.dll
Symbol file LoadedFromMemory is not a mono symbol file
Symbol file data-0000016102C6F010 doesn't match image C:\Users\sam.hamer\Downloads\MH2Files\motionhanging2\mh2 new movement\Library\ScriptAssemblies\Unity.VisualScripting.Core.Editor.dll
Symbol file LoadedFromMemory is not a mono symbol file
Symbol file data-00000160FB8770D0 doesn't match image C:\Users\sam.hamer\Downloads\MH2Files\motionhanging2\mh2 new movement\Library\ScriptAssemblies\Unity.Rider.Editor.dll
Symbol file LoadedFromMemory is not a mono symbol file
Symbol file data-0000016101D09990 doesn't match image C:\Users\sam.hamer\Downloads\MH2Files\motionhanging2\mh2 new movement\Library\ScriptAssemblies\Unity.ProBuilder.AddOns.Editor.dll
Symbol file LoadedFromMemory is not a mono symbol file
Symbol file data-0000016144BF00A0 doesn't match image C:\Users\sam.hamer\Downloads\MH2Files\motionhanging2\mh2 new movement\Library\ScriptAssemblies\UnityEngine.UI.dll
Symbol file LoadedFromMemory is not a mono symbol file
Symbol file data-00000161458E20C0 doesn't match image C:\Users\sam.hamer\Downloads\MH2Files\motionhanging2\mh2 new movement\Library\ScriptAssemblies\Unity.ProBuilder.Csg.dll
Symbol file LoadedFromMemory is not a mono symbol file
Symbol file data-000001610346F020 doesn't match image C:\Users\sam.hamer\Downloads\MH2Files\motionhanging2\mh2 new movement\Library\ScriptAssemblies\Unity.VisualScripting.Flow.dll
Symbol file LoadedFromMemory is not a mono symbol file
Symbol file data-00000161464B4E50 doesn't match image C:\Users\sam.hamer\Downloads\MH2Files\motionhanging2\mh2 new movement\Library\ScriptAssemblies\Unity.VisualScripting.Flow.Editor.dll
Symbol file LoadedFromMemory is not a mono symbol file
Symbol file data-0000016147F3F010 doesn't match image C:\Users\sam.hamer\Downloads\MH2Files\motionhanging2\mh2 new movement\Library\ScriptAssemblies\Unity.Timeline.dll
Symbol file LoadedFromMemory is not a mono symbol file
Symbol file data-0000016101EF5540 doesn't match image C:\Users\sam.hamer\Downloads\MH2Files\motionhanging2\mh2 new movement\Library\ScriptAssemblies\Unity.TestTools.CodeCoverage.Editor.OpenCover.Mono.Reflection.dll
Symbol file LoadedFromMemory is not a mono symbol file
Symbol file data-00000160FC5A8010 doesn't match image C:\Users\sam.hamer\Downloads\MH2Files\motionhanging2\mh2 new movement\Library\ScriptAssemblies\Unity.ProBuilder.Editor.dll
Symbol file LoadedFromMemory is not a mono symbol file
Symbol file data-0000016101EF5540 doesn't match image C:\Users\sam.hamer\Downloads\MH2Files\motionhanging2\mh2 new movement\Library\ScriptAssemblies\Unity.VisualScripting.SettingsProvider.Editor.dll
Symbol file LoadedFromMemory is not a mono symbol file
Symbol file data-00000161464B4E50 doesn't match image C:\Users\sam.hamer\Downloads\MH2Files\motionhanging2\mh2 new movement\Library\ScriptAssemblies\Unity.Performance.Profile-Analyzer.Editor.dll
Symbol file LoadedFromMemory is not a mono symbol file
Symbol file data-0000016101FC7080 doesn't match image C:\Users\sam.hamer\Downloads\MH2Files\motionhanging2\mh2 new movement\Library\ScriptAssemblies\Unity.TestTools.CodeCoverage.Editor.dll
Symbol file LoadedFromMemory is not a mono symbol file
Symbol file data-00000161450B8030 doesn't match image C:\Users\sam.hamer\Downloads\MH2Files\motionhanging2\mh2 new movement\Library\ScriptAssemblies\Unity.TestTools.CodeCoverage.Editor.OpenCover.Model.dll
Symbol file LoadedFromMemory is not a mono symbol file
Symbol file data-00000160B72815F0 doesn't match image C:\Users\sam.hamer\Downloads\MH2Files\motionhanging2\mh2 new movement\Library\ScriptAssemblies\Unity.PlasticSCM.Editor.dll
Symbol file LoadedFromMemory is not a mono symbol file
Symbol file data-00000160FDC60A50 doesn't match image C:\Users\sam.hamer\Downloads\MH2Files\motionhanging2\mh2 new movement\Library\ScriptAssemblies\Unity.AI.Navigation.Updater.dll
Symbol file LoadedFromMemory is not a mono symbol file
Symbol file data-00000161492468F0 doesn't match image C:\Users\sam.hamer\Downloads\MH2Files\motionhanging2\mh2 new movement\Library\ScriptAssemblies\Unity.ProBuilder.Poly2Tri.dll
Symbol file LoadedFromMemory is not a mono symbol file
Symbol file data-0000016103CA0030 doesn't match image C:\Users\sam.hamer\Downloads\MH2Files\motionhanging2\mh2 new movement\Library\ScriptAssemblies\Unity.VisualScripting.State.Editor.dll
Symbol file LoadedFromMemory is not a mono symbol file
Symbol file data-00000160FB6F1010 doesn't match image C:\Users\sam.hamer\Downloads\MH2Files\motionhanging2\mh2 new movement\Library\ScriptAssemblies\Unity.Settings.Editor.dll
Symbol file LoadedFromMemory is not a mono symbol file
Symbol file data-0000016144D05310 doesn't match image C:\Users\sam.hamer\Downloads\MH2Files\motionhanging2\mh2 new movement\Library\ScriptAssemblies\Unity.ProBuilder.KdTree.dll
Symbol file LoadedFromMemory is not a mono symbol file
Symbol file data-00000161036AD320 doesn't match image C:\Users\sam.hamer\Downloads\MH2Files\motionhanging2\mh2 new movement\Library\ScriptAssemblies\Unity.CollabProxy.Editor.dll
Symbol file LoadedFromMemory is not a mono symbol file
Symbol file data-0000016144FF5820 doesn't match image C:\Users\sam.hamer\Downloads\MH2Files\motionhanging2\mh2 new movement\Library\ScriptAssemblies\Unity.TextMeshPro.dll
Symbol file LoadedFromMemory is not a mono symbol file
Symbol file data-0000015F4630E010 doesn't match image C:\Users\sam.hamer\Downloads\MH2Files\motionhanging2\mh2 new movement\Library\ScriptAssemblies\Unity.TextMeshPro.Editor.dll
Symbol file LoadedFromMemory is not a mono symbol file
Symbol file data-00000160FC7D0020 doesn't match image C:\Users\sam.hamer\Downloads\MH2Files\motionhanging2\mh2 new movement\Library\ScriptAssemblies\Unity.AI.Navigation.Editor.dll
Symbol file LoadedFromMemory is not a mono symbol file
Symbol file data-00000161450B8030 doesn't match image C:\Users\sam.hamer\Downloads\MH2Files\motionhanging2\mh2 new movement\Library\ScriptAssemblies\Unity.ProBuilder.AssetIdRemapUtility.dll
Symbol file LoadedFromMemory is not a mono symbol file
Symbol file data-00000161450B8030 doesn't match image C:\Users\sam.hamer\Downloads\MH2Files\motionhanging2\mh2 new movement\Library\ScriptAssemblies\Unity.VisualScripting.State.dll
Symbol file LoadedFromMemory is not a mono symbol file
Symbol file data-00000161490A0050 doesn't match image C:\Users\sam.hamer\Downloads\MH2Files\motionhanging2\mh2 new movement\Library\ScriptAssemblies\Unity.AI.Navigation.Editor.ConversionSystem.dll
Symbol file LoadedFromMemory is not a mono symbol file
Symbol file data-00000161450B8030 doesn't match image C:\Users\sam.hamer\Downloads\MH2Files\motionhanging2\mh2 new movement\Library\ScriptAssemblies\Unity.VSCode.Editor.dll
Symbol file LoadedFromMemory is not a mono symbol file
- Loaded All Assemblies, in  0.739 seconds
Native extension for WindowsStandalone target not found
Mono: successfully reloaded assembly
- Finished resetting the current domain, in  1.533 seconds
Domain Reload Profiling: 2272ms
	BeginReloadAssembly (192ms)
		ExecutionOrderSort (0ms)
		DisableScriptedObjects (4ms)
		BackupInstance (0ms)
		ReleaseScriptingObjects (0ms)
		CreateAndSetChildDomain (40ms)
	RebuildCommonClasses (32ms)
	RebuildNativeTypeToScriptingClass (9ms)
	initialDomainReloadingComplete (28ms)
	LoadAllAssembliesAndSetupDomain (478ms)
		LoadAssemblies (529ms)
		RebuildTransferFunctionScriptingTraits (0ms)
		AnalyzeDomain (60ms)
			TypeCache.Refresh (16ms)
				TypeCache.ScanAssembly (0ms)
			ScanForSourceGeneratedMonoScriptInfo (30ms)
			ResolveRequiredComponents (12ms)
	FinalizeReload (1533ms)
		ReleaseScriptCaches (0ms)
		RebuildScriptCaches (0ms)
		SetupLoadedEditorAssemblies (429ms)
			LogAssemblyErrors (0ms)
			InitializePlatformSupportModulesInManaged (6ms)
			SetLoadedEditorAssemblies (5ms)
			RefreshPlugins (0ms)
			BeforeProcessingInitializeOnLoad (69ms)
			ProcessInitializeOnLoadAttributes (285ms)
			ProcessInitializeOnLoadMethodAttributes (60ms)
			AfterProcessingInitializeOnLoad (4ms)
			EditorAssembliesLoaded (0ms)
		ExecutionOrderSort2 (0ms)
		AwakeInstancesAfterBackupRestoration (5ms)
Refreshing native plugins compatible for Editor in 3.98 ms, found 3 plugins.
Preloading 0 native plugins for Editor in 0.00 ms.
Unloading 5275 Unused Serialized files (Serialized files now loaded: 0)
Unloading 24 unused Assets / (0.8 MB). Loaded Objects now: 5935.
Memory consumption went from 188.7 MB to 188.0 MB.
Total: 6.433900 ms (FindLiveObjects: 0.385400 ms CreateObjectMapping: 0.177700 ms MarkObjects: 5.144900 ms  DeleteObjects: 0.724300 ms)

Prepare: number of updated asset objects reloaded= 0
AssetImportParameters requested are different than current active one (requested -> active):
  custom:container-demuxer-ogg: 62fdf1f143b41e24485cea50d1cbac27 -> 
  custom:video-codec-MediaFoundation-h265: 746d11721c4dcdbdad8f713fa42b33f4 -> 
  custom:video-decoder-ogg-theora: a1e56fd34408186e4bbccfd4996cb3dc -> 
  custom:framework-win-MediaFoundation: 216162199b28c13a410421893ffa2e32 -> 
  custom:CustomObjectIndexerAttribute: 72b91833f83ae208fae7752999fa3104 -> 
  custom:container-demuxer-webm: 4f35f7cbe854078d1ac9338744f61a02 -> 
  custom:container-muxer-webm: aa71ff27fc2769a1b78a27578f13a17b -> 
  custom:video-decoder-webm-vp8: 9c59270c3fd7afecdb556c50c9e8de78 -> 
  custom:SearchIndexIgnoredProperties: e643bd26f0fe6173181afceb89e7c659 -> 
  custom:AudioImporter_EditorPlatform: d09bf68614088b80899f8185d706f6e7 -> 
  custom:video-encoder-webm-vp8: eb34c28f22e8b96e1ab97ce403110664 -> 
  custom:audio-decoder-ogg-vorbis: bf7c407c2cedff20999df2af8eb42d56 -> 
  custom:audio-encoder-webm-vorbis: bf7c407c2cedff20999df2af8eb42d56 -> 
========================================================================
Received Prepare
Caller must complete domain reload
Begin MonoManager ReloadAssembly
Symbol file data-00000161003A1E60 doesn't match image C:\Users\sam.hamer\Downloads\MH2Files\motionhanging2\mh2 new movement\Library\ScriptAssemblies\Unity.EditorCoroutines.Editor.dll
Symbol file LoadedFromMemory is not a mono symbol file
Symbol file data-00000161458E20C0 doesn't match image C:\Users\sam.hamer\Downloads\MH2Files\motionhanging2\mh2 new movement\Library\ScriptAssemblies\Unity.AI.Navigation.dll
Symbol file LoadedFromMemory is not a mono symbol file
Symbol file data-0000016103CB2340 doesn't match image C:\Users\sam.hamer\Downloads\MH2Files\motionhanging2\mh2 new movement\Library\ScriptAssemblies\Unity.ProBuilder.Stl.dll
Symbol file LoadedFromMemory is not a mono symbol file
Symbol file data-0000016144FF5820 doesn't match image C:\Users\sam.hamer\Downloads\MH2Files\motionhanging2\mh2 new movement\Library\ScriptAssemblies\Unity.ProBuilder.dll
Symbol file LoadedFromMemory is not a mono symbol file
Symbol file data-00000160FE231020 doesn't match image C:\Users\sam.hamer\Downloads\MH2Files\motionhanging2\mh2 new movement\Library\ScriptAssemblies\Unity.Timeline.Editor.dll
Symbol file LoadedFromMemory is not a mono symbol file
Symbol file data-00000160FDC60A50 doesn't match image C:\Users\sam.hamer\Downloads\MH2Files\motionhanging2\mh2 new movement\Library\ScriptAssemblies\Unity.VisualScripting.Shared.Editor.dll
Symbol file LoadedFromMemory is not a mono symbol file
Symbol file data-0000016100CF6030 doesn't match image C:\Users\sam.hamer\Downloads\MH2Files\motionhanging2\mh2 new movement\Library\ScriptAssemblies\Unity.VisualStudio.Editor.dll
Symbol file LoadedFromMemory is not a mono symbol file
Symbol file data-0000016103CA0030 doesn't match image C:\Users\sam.hamer\Downloads\MH2Files\motionhanging2\mh2 new movement\Library\ScriptAssemblies\UnityEditor.UI.dll
Symbol file LoadedFromMemory is not a mono symbol file
Symbol file data-000001614AF60040 doesn't match image C:\Users\sam.hamer\Downloads\MH2Files\motionhanging2\mh2 new movement\Library\ScriptAssemblies\Unity.VisualScripting.Core.dll
Symbol file LoadedFromMemory is not a mono symbol file
Symbol file data-0000016102C6F010 doesn't match image C:\Users\sam.hamer\Downloads\MH2Files\motionhanging2\mh2 new movement\Library\ScriptAssemblies\Unity.VisualScripting.Core.Editor.dll
Symbol file LoadedFromMemory is not a mono symbol file
Symbol file data-00000160FB8770D0 doesn't match image C:\Users\sam.hamer\Downloads\MH2Files\motionhanging2\mh2 new movement\Library\ScriptAssemblies\Unity.Rider.Editor.dll
Symbol file LoadedFromMemory is not a mono symbol file
Symbol file data-0000016101D09990 doesn't match image C:\Users\sam.hamer\Downloads\MH2Files\motionhanging2\mh2 new movement\Library\ScriptAssemblies\Unity.ProBuilder.AddOns.Editor.dll
Symbol file LoadedFromMemory is not a mono symbol file
Symbol file data-0000016144BF00A0 doesn't match image C:\Users\sam.hamer\Downloads\MH2Files\motionhanging2\mh2 new movement\Library\ScriptAssemblies\UnityEngine.UI.dll
Symbol file LoadedFromMemory is not a mono symbol file
Symbol file data-00000161458E20C0 doesn't match image C:\Users\sam.hamer\Downloads\MH2Files\motionhanging2\mh2 new movement\Library\ScriptAssemblies\Unity.ProBuilder.Csg.dll
Symbol file LoadedFromMemory is not a mono symbol file
Symbol file data-000001610346F020 doesn't match image C:\Users\sam.hamer\Downloads\MH2Files\motionhanging2\mh2 new movement\Library\ScriptAssemblies\Unity.VisualScripting.Flow.dll
Symbol file LoadedFromMemory is not a mono symbol file
Symbol file data-00000160FB931010 doesn't match image C:\Users\sam.hamer\Downloads\MH2Files\motionhanging2\mh2 new movement\Library\ScriptAssemblies\Unity.VisualScripting.Flow.Editor.dll
Symbol file LoadedFromMemory is not a mono symbol file
Symbol file data-0000016147F3F010 doesn't match image C:\Users\sam.hamer\Downloads\MH2Files\motionhanging2\mh2 new movement\Library\ScriptAssemblies\Unity.Timeline.dll
Symbol file LoadedFromMemory is not a mono symbol file
Symbol file data-0000016103CB2340 doesn't match image C:\Users\sam.hamer\Downloads\MH2Files\motionhanging2\mh2 new movement\Library\ScriptAssemblies\Unity.TestTools.CodeCoverage.Editor.OpenCover.Mono.Reflection.dll
Symbol file LoadedFromMemory is not a mono symbol file
Symbol file data-00000160FC5A8010 doesn't match image C:\Users\sam.hamer\Downloads\MH2Files\motionhanging2\mh2 new movement\Library\ScriptAssemblies\Unity.ProBuilder.Editor.dll
Symbol file LoadedFromMemory is not a mono symbol file
Symbol file data-0000016103FE7010 doesn't match image C:\Users\sam.hamer\Downloads\MH2Files\motionhanging2\mh2 new movement\Library\ScriptAssemblies\Unity.VisualScripting.SettingsProvider.Editor.dll
Symbol file LoadedFromMemory is not a mono symbol file
Symbol file data-00000160FB931010 doesn't match image C:\Users\sam.hamer\Downloads\MH2Files\motionhanging2\mh2 new movement\Library\ScriptAssemblies\Unity.Performance.Profile-Analyzer.Editor.dll
Symbol file LoadedFromMemory is not a mono symbol file
Symbol file data-0000016101FC7080 doesn't match image C:\Users\sam.hamer\Downloads\MH2Files\motionhanging2\mh2 new movement\Library\ScriptAssemblies\Unity.TestTools.CodeCoverage.Editor.dll
Symbol file LoadedFromMemory is not a mono symbol file
Symbol file data-00000161450B8030 doesn't match image C:\Users\sam.hamer\Downloads\MH2Files\motionhanging2\mh2 new movement\Library\ScriptAssemblies\Unity.TestTools.CodeCoverage.Editor.OpenCover.Model.dll
Symbol file LoadedFromMemory is not a mono symbol file
Symbol file data-00000160B72815F0 doesn't match image C:\Users\sam.hamer\Downloads\MH2Files\motionhanging2\mh2 new movement\Library\ScriptAssemblies\Unity.PlasticSCM.Editor.dll
Symbol file LoadedFromMemory is not a mono symbol file
Symbol file data-00000160FDC60A50 doesn't match image C:\Users\sam.hamer\Downloads\MH2Files\motionhanging2\mh2 new movement\Library\ScriptAssemblies\Unity.AI.Navigation.Updater.dll
Symbol file LoadedFromMemory is not a mono symbol file
Symbol file data-0000016103A5E040 doesn't match image C:\Users\sam.hamer\Downloads\MH2Files\motionhanging2\mh2 new movement\Library\ScriptAssemblies\Unity.ProBuilder.Poly2Tri.dll
Symbol file LoadedFromMemory is not a mono symbol file
Symbol file data-0000016103CA0030 doesn't match image C:\Users\sam.hamer\Downloads\MH2Files\motionhanging2\mh2 new movement\Library\ScriptAssemblies\Unity.VisualScripting.State.Editor.dll
Symbol file LoadedFromMemory is not a mono symbol file
Symbol file data-00000160FB6F1010 doesn't match image C:\Users\sam.hamer\Downloads\MH2Files\motionhanging2\mh2 new movement\Library\ScriptAssemblies\Unity.Settings.Editor.dll
Symbol file LoadedFromMemory is not a mono symbol file
Symbol file data-0000016144D05310 doesn't match image C:\Users\sam.hamer\Downloads\MH2Files\motionhanging2\mh2 new movement\Library\ScriptAssemblies\Unity.ProBuilder.KdTree.dll
Symbol file LoadedFromMemory is not a mono symbol file
Symbol file data-00000161036AD320 doesn't match image C:\Users\sam.hamer\Downloads\MH2Files\motionhanging2\mh2 new movement\Library\ScriptAssemblies\Unity.CollabProxy.Editor.dll
Symbol file LoadedFromMemory is not a mono symbol file
Symbol file data-0000016144FF5820 doesn't match image C:\Users\sam.hamer\Downloads\MH2Files\motionhanging2\mh2 new movement\Library\ScriptAssemblies\Unity.TextMeshPro.dll
Symbol file LoadedFromMemory is not a mono symbol file
Symbol file data-0000015F4630E010 doesn't match image C:\Users\sam.hamer\Downloads\MH2Files\motionhanging2\mh2 new movement\Library\ScriptAssemblies\Unity.TextMeshPro.Editor.dll
Symbol file LoadedFromMemory is not a mono symbol file
Symbol file data-00000160FC7D0020 doesn't match image C:\Users\sam.hamer\Downloads\MH2Files\motionhanging2\mh2 new movement\Library\ScriptAssemblies\Unity.AI.Navigation.Editor.dll
Symbol file LoadedFromMemory is not a mono symbol file
Symbol file data-00000161450B8030 doesn't match image C:\Users\sam.hamer\Downloads\MH2Files\motionhanging2\mh2 new movement\Library\ScriptAssemblies\Unity.ProBuilder.AssetIdRemapUtility.dll
Symbol file LoadedFromMemory is not a mono symbol file
Symbol file data-00000161450B8030 doesn't match image C:\Users\sam.hamer\Downloads\MH2Files\motionhanging2\mh2 new movement\Library\ScriptAssemblies\Unity.VisualScripting.State.dll
Symbol file LoadedFromMemory is not a mono symbol file
Symbol file data-00000161490A0050 doesn't match image C:\Users\sam.hamer\Downloads\MH2Files\motionhanging2\mh2 new movement\Library\ScriptAssemblies\Unity.AI.Navigation.Editor.ConversionSystem.dll
Symbol file LoadedFromMemory is not a mono symbol file
Symbol file data-00000161450B8030 doesn't match image C:\Users\sam.hamer\Downloads\MH2Files\motionhanging2\mh2 new movement\Library\ScriptAssemblies\Unity.VSCode.Editor.dll
Symbol file LoadedFromMemory is not a mono symbol file
- Loaded All Assemblies, in  0.450 seconds
Native extension for WindowsStandalone target not found
Mono: successfully reloaded assembly
- Finished resetting the current domain, in  1.127 seconds
Domain Reload Profiling: 1575ms
	BeginReloadAssembly (146ms)
		ExecutionOrderSort (0ms)
		DisableScriptedObjects (4ms)
		BackupInstance (0ms)
		ReleaseScriptingObjects (0ms)
		CreateAndSetChildDomain (34ms)
	RebuildCommonClasses (26ms)
	RebuildNativeTypeToScriptingClass (8ms)
	initialDomainReloadingComplete (26ms)
	LoadAllAssembliesAndSetupDomain (242ms)
		LoadAssemblies (298ms)
		RebuildTransferFunctionScriptingTraits (0ms)
		AnalyzeDomain (18ms)
			TypeCache.Refresh (7ms)
				TypeCache.ScanAssembly (0ms)
			ScanForSourceGeneratedMonoScriptInfo (0ms)
			ResolveRequiredComponents (9ms)
	FinalizeReload (1128ms)
		ReleaseScriptCaches (0ms)
		RebuildScriptCaches (0ms)
		SetupLoadedEditorAssemblies (467ms)
			LogAssemblyErrors (0ms)
			InitializePlatformSupportModulesInManaged (5ms)
			SetLoadedEditorAssemblies (6ms)
			RefreshPlugins (0ms)
			BeforeProcessingInitializeOnLoad (71ms)
			ProcessInitializeOnLoadAttributes (309ms)
			ProcessInitializeOnLoadMethodAttributes (71ms)
			AfterProcessingInitializeOnLoad (5ms)
			EditorAssembliesLoaded (0ms)
		ExecutionOrderSort2 (0ms)
		AwakeInstancesAfterBackupRestoration (6ms)
Refreshing native plugins compatible for Editor in 3.73 ms, found 3 plugins.
Preloading 0 native plugins for Editor in 0.00 ms.
Unloading 5275 Unused Serialized files (Serialized files now loaded: 0)
Unloading 24 unused Assets / (0.7 MB). Loaded Objects now: 5938.
Memory consumption went from 188.7 MB to 188.0 MB.
Total: 4.695700 ms (FindLiveObjects: 0.556400 ms CreateObjectMapping: 0.260200 ms MarkObjects: 3.304500 ms  DeleteObjects: 0.573000 ms)

Prepare: number of updated asset objects reloaded= 0
AssetImportParameters requested are different than current active one (requested -> active):
  custom:container-demuxer-ogg: 62fdf1f143b41e24485cea50d1cbac27 -> 
  custom:video-codec-MediaFoundation-h265: 746d11721c4dcdbdad8f713fa42b33f4 -> 
  custom:video-decoder-ogg-theora: a1e56fd34408186e4bbccfd4996cb3dc -> 
  custom:framework-win-MediaFoundation: 216162199b28c13a410421893ffa2e32 -> 
  custom:CustomObjectIndexerAttribute: 72b91833f83ae208fae7752999fa3104 -> 
  custom:container-demuxer-webm: 4f35f7cbe854078d1ac9338744f61a02 -> 
  custom:container-muxer-webm: aa71ff27fc2769a1b78a27578f13a17b -> 
  custom:video-decoder-webm-vp8: 9c59270c3fd7afecdb556c50c9e8de78 -> 
  custom:SearchIndexIgnoredProperties: e643bd26f0fe6173181afceb89e7c659 -> 
  custom:AudioImporter_EditorPlatform: d09bf68614088b80899f8185d706f6e7 -> 
  custom:video-encoder-webm-vp8: eb34c28f22e8b96e1ab97ce403110664 -> 
  custom:audio-decoder-ogg-vorbis: bf7c407c2cedff20999df2af8eb42d56 -> 
  custom:audio-encoder-webm-vorbis: bf7c407c2cedff20999df2af8eb42d56 -> 
========================================================================
Received Prepare
Caller must complete domain reload
Begin MonoManager ReloadAssembly
Symbol file data-00000161003A1E60 doesn't match image C:\Users\sam.hamer\Downloads\MH2Files\motionhanging2\mh2 new movement\Library\ScriptAssemblies\Unity.EditorCoroutines.Editor.dll
Symbol file LoadedFromMemory is not a mono symbol file
Symbol file data-0000016102595430 doesn't match image C:\Users\sam.hamer\Downloads\MH2Files\motionhanging2\mh2 new movement\Library\ScriptAssemblies\Unity.AI.Navigation.dll
Symbol file LoadedFromMemory is not a mono symbol file
Symbol file data-0000016103CB2340 doesn't match image C:\Users\sam.hamer\Downloads\MH2Files\motionhanging2\mh2 new movement\Library\ScriptAssemblies\Unity.ProBuilder.Stl.dll
Symbol file LoadedFromMemory is not a mono symbol file
Symbol file data-0000016100966010 doesn't match image C:\Users\sam.hamer\Downloads\MH2Files\motionhanging2\mh2 new movement\Library\ScriptAssemblies\Unity.ProBuilder.dll
Symbol file LoadedFromMemory is not a mono symbol file
Symbol file data-0000016148076020 doesn't match image C:\Users\sam.hamer\Downloads\MH2Files\motionhanging2\mh2 new movement\Library\ScriptAssemblies\Unity.Timeline.Editor.dll
Symbol file LoadedFromMemory is not a mono symbol file
Symbol file data-00000160FDC60A50 doesn't match image C:\Users\sam.hamer\Downloads\MH2Files\motionhanging2\mh2 new movement\Library\ScriptAssemblies\Unity.VisualScripting.Shared.Editor.dll
Symbol file LoadedFromMemory is not a mono symbol file
Symbol file data-0000016103AEB1D0 doesn't match image C:\Users\sam.hamer\Downloads\MH2Files\motionhanging2\mh2 new movement\Library\ScriptAssemblies\Unity.VisualStudio.Editor.dll
Symbol file LoadedFromMemory is not a mono symbol file
Symbol file data-00000161026EF030 doesn't match image C:\Users\sam.hamer\Downloads\MH2Files\motionhanging2\mh2 new movement\Library\ScriptAssemblies\UnityEditor.UI.dll
Symbol file LoadedFromMemory is not a mono symbol file
Symbol file data-0000016149010080 doesn't match image C:\Users\sam.hamer\Downloads\MH2Files\motionhanging2\mh2 new movement\Library\ScriptAssemblies\Unity.VisualScripting.Core.dll
Symbol file LoadedFromMemory is not a mono symbol file
Symbol file data-0000016149A2C010 doesn't match image C:\Users\sam.hamer\Downloads\MH2Files\motionhanging2\mh2 new movement\Library\ScriptAssemblies\Unity.VisualScripting.Core.Editor.dll
Symbol file LoadedFromMemory is not a mono symbol file
Symbol file data-00000160FB8770D0 doesn't match image C:\Users\sam.hamer\Downloads\MH2Files\motionhanging2\mh2 new movement\Library\ScriptAssemblies\Unity.Rider.Editor.dll
Symbol file LoadedFromMemory is not a mono symbol file
Symbol file data-000001614AC930F0 doesn't match image C:\Users\sam.hamer\Downloads\MH2Files\motionhanging2\mh2 new movement\Library\ScriptAssemblies\Unity.ProBuilder.AddOns.Editor.dll
Symbol file LoadedFromMemory is not a mono symbol file
Symbol file data-000001614B496020 doesn't match image C:\Users\sam.hamer\Downloads\MH2Files\motionhanging2\mh2 new movement\Library\ScriptAssemblies\UnityEngine.UI.dll
Symbol file LoadedFromMemory is not a mono symbol file
Symbol file data-00000161002B8060 doesn't match image C:\Users\sam.hamer\Downloads\MH2Files\motionhanging2\mh2 new movement\Library\ScriptAssemblies\Unity.ProBuilder.Csg.dll
Symbol file LoadedFromMemory is not a mono symbol file
Symbol file data-0000016100966010 doesn't match image C:\Users\sam.hamer\Downloads\MH2Files\motionhanging2\mh2 new movement\Library\ScriptAssemblies\Unity.VisualScripting.Flow.dll
Symbol file LoadedFromMemory is not a mono symbol file
Symbol file data-0000016147510E60 doesn't match image C:\Users\sam.hamer\Downloads\MH2Files\motionhanging2\mh2 new movement\Library\ScriptAssemblies\Unity.VisualScripting.Flow.Editor.dll
Symbol file LoadedFromMemory is not a mono symbol file
Symbol file data-00000160FD14E010 doesn't match image C:\Users\sam.hamer\Downloads\MH2Files\motionhanging2\mh2 new movement\Library\ScriptAssemblies\Unity.Timeline.dll
Symbol file LoadedFromMemory is not a mono symbol file
Symbol file data-0000015F468C5EB0 doesn't match image C:\Users\sam.hamer\Downloads\MH2Files\motionhanging2\mh2 new movement\Library\ScriptAssemblies\Unity.TestTools.CodeCoverage.Editor.OpenCover.Mono.Reflection.dll
Symbol file LoadedFromMemory is not a mono symbol file
Symbol file data-0000016148ABA020 doesn't match image C:\Users\sam.hamer\Downloads\MH2Files\motionhanging2\mh2 new movement\Library\ScriptAssemblies\Unity.ProBuilder.Editor.dll
Symbol file LoadedFromMemory is not a mono symbol file
Symbol file data-0000016146AB3030 doesn't match image C:\Users\sam.hamer\Downloads\MH2Files\motionhanging2\mh2 new movement\Library\ScriptAssemblies\Unity.VisualScripting.SettingsProvider.Editor.dll
Symbol file LoadedFromMemory is not a mono symbol file
Symbol file data-0000016147510E60 doesn't match image C:\Users\sam.hamer\Downloads\MH2Files\motionhanging2\mh2 new movement\Library\ScriptAssemblies\Unity.Performance.Profile-Analyzer.Editor.dll
Symbol file LoadedFromMemory is not a mono symbol file
Symbol file data-0000016144D6AF40 doesn't match image C:\Users\sam.hamer\Downloads\MH2Files\motionhanging2\mh2 new movement\Library\ScriptAssemblies\Unity.TestTools.CodeCoverage.Editor.dll
Symbol file LoadedFromMemory is not a mono symbol file
Symbol file data-0000016101FCF090 doesn't match image C:\Users\sam.hamer\Downloads\MH2Files\motionhanging2\mh2 new movement\Library\ScriptAssemblies\Unity.TestTools.CodeCoverage.Editor.OpenCover.Model.dll
Symbol file LoadedFromMemory is not a mono symbol file
Symbol file data-00000160B72815F0 doesn't match image C:\Users\sam.hamer\Downloads\MH2Files\motionhanging2\mh2 new movement\Library\ScriptAssemblies\Unity.PlasticSCM.Editor.dll
Symbol file LoadedFromMemory is not a mono symbol file
Symbol file data-00000160FDC60A50 doesn't match image C:\Users\sam.hamer\Downloads\MH2Files\motionhanging2\mh2 new movement\Library\ScriptAssemblies\Unity.AI.Navigation.Updater.dll
Symbol file LoadedFromMemory is not a mono symbol file
Symbol file data-0000016102F80050 doesn't match image C:\Users\sam.hamer\Downloads\MH2Files\motionhanging2\mh2 new movement\Library\ScriptAssemblies\Unity.ProBuilder.Poly2Tri.dll
Symbol file LoadedFromMemory is not a mono symbol file
Symbol file data-00000161026EF030 doesn't match image C:\Users\sam.hamer\Downloads\MH2Files\motionhanging2\mh2 new movement\Library\ScriptAssemblies\Unity.VisualScripting.State.Editor.dll
Symbol file LoadedFromMemory is not a mono symbol file
Symbol file data-00000160FB6F1010 doesn't match image C:\Users\sam.hamer\Downloads\MH2Files\motionhanging2\mh2 new movement\Library\ScriptAssemblies\Unity.Settings.Editor.dll
Symbol file LoadedFromMemory is not a mono symbol file
Symbol file data-0000016144D05310 doesn't match image C:\Users\sam.hamer\Downloads\MH2Files\motionhanging2\mh2 new movement\Library\ScriptAssemblies\Unity.ProBuilder.KdTree.dll
Symbol file LoadedFromMemory is not a mono symbol file
Symbol file data-00000161036AD320 doesn't match image C:\Users\sam.hamer\Downloads\MH2Files\motionhanging2\mh2 new movement\Library\ScriptAssemblies\Unity.CollabProxy.Editor.dll
Symbol file LoadedFromMemory is not a mono symbol file
Symbol file data-0000016100966010 doesn't match image C:\Users\sam.hamer\Downloads\MH2Files\motionhanging2\mh2 new movement\Library\ScriptAssemblies\Unity.TextMeshPro.dll
Symbol file LoadedFromMemory is not a mono symbol file
Symbol file data-00000160FD14E010 doesn't match image C:\Users\sam.hamer\Downloads\MH2Files\motionhanging2\mh2 new movement\Library\ScriptAssemblies\Unity.TextMeshPro.Editor.dll
Symbol file LoadedFromMemory is not a mono symbol file
Symbol file data-0000015F4611C050 doesn't match image C:\Users\sam.hamer\Downloads\MH2Files\motionhanging2\mh2 new movement\Library\ScriptAssemblies\Unity.AI.Navigation.Editor.dll
Symbol file LoadedFromMemory is not a mono symbol file
Symbol file data-0000016101FCF090 doesn't match image C:\Users\sam.hamer\Downloads\MH2Files\motionhanging2\mh2 new movement\Library\ScriptAssemblies\Unity.ProBuilder.AssetIdRemapUtility.dll
Symbol file LoadedFromMemory is not a mono symbol file
Symbol file data-0000015F46DB5020 doesn't match image C:\Users\sam.hamer\Downloads\MH2Files\motionhanging2\mh2 new movement\Library\ScriptAssemblies\Unity.VisualScripting.State.dll
Symbol file LoadedFromMemory is not a mono symbol file
Symbol file data-0000016148391020 doesn't match image C:\Users\sam.hamer\Downloads\MH2Files\motionhanging2\mh2 new movement\Library\ScriptAssemblies\Unity.AI.Navigation.Editor.ConversionSystem.dll
Symbol file LoadedFromMemory is not a mono symbol file
Symbol file data-0000016101FCF090 doesn't match image C:\Users\sam.hamer\Downloads\MH2Files\motionhanging2\mh2 new movement\Library\ScriptAssemblies\Unity.VSCode.Editor.dll
Symbol file LoadedFromMemory is not a mono symbol file
- Loaded All Assemblies, in  0.636 seconds
Native extension for WindowsStandalone target not found
Mono: successfully reloaded assembly
- Finished resetting the current domain, in  1.513 seconds
Domain Reload Profiling: 2146ms
	BeginReloadAssembly (166ms)
		ExecutionOrderSort (0ms)
		DisableScriptedObjects (3ms)
		BackupInstance (0ms)
		ReleaseScriptingObjects (0ms)
		CreateAndSetChildDomain (39ms)
	RebuildCommonClasses (37ms)
	RebuildNativeTypeToScriptingClass (10ms)
	initialDomainReloadingComplete (30ms)
	LoadAllAssembliesAndSetupDomain (389ms)
		LoadAssemblies (425ms)
		RebuildTransferFunctionScriptingTraits (0ms)
		AnalyzeDomain (56ms)
			TypeCache.Refresh (18ms)
				TypeCache.ScanAssembly (0ms)
			ScanForSourceGeneratedMonoScriptInfo (24ms)
			ResolveRequiredComponents (13ms)
	FinalizeReload (1514ms)
		ReleaseScriptCaches (0ms)
		RebuildScriptCaches (0ms)
		SetupLoadedEditorAssemblies (430ms)
			LogAssemblyErrors (0ms)
			InitializePlatformSupportModulesInManaged (5ms)
			SetLoadedEditorAssemblies (5ms)
			RefreshPlugins (0ms)
			BeforeProcessingInitializeOnLoad (75ms)
			ProcessInitializeOnLoadAttributes (280ms)
			ProcessInitializeOnLoadMethodAttributes (58ms)
			AfterProcessingInitializeOnLoad (6ms)
			EditorAssembliesLoaded (0ms)
		ExecutionOrderSort2 (0ms)
		AwakeInstancesAfterBackupRestoration (5ms)
Refreshing native plugins compatible for Editor in 2.71 ms, found 3 plugins.
Preloading 0 native plugins for Editor in 0.00 ms.
Unloading 5275 Unused Serialized files (Serialized files now loaded: 0)
Unloading 24 unused Assets / (0.7 MB). Loaded Objects now: 5941.
Memory consumption went from 188.7 MB to 188.0 MB.
Total: 3.339600 ms (FindLiveObjects: 0.314400 ms CreateObjectMapping: 0.190600 ms MarkObjects: 2.493900 ms  DeleteObjects: 0.339300 ms)

Prepare: number of updated asset objects reloaded= 0
AssetImportParameters requested are different than current active one (requested -> active):
  custom:container-demuxer-ogg: 62fdf1f143b41e24485cea50d1cbac27 -> 
  custom:video-codec-MediaFoundation-h265: 746d11721c4dcdbdad8f713fa42b33f4 -> 
  custom:video-decoder-ogg-theora: a1e56fd34408186e4bbccfd4996cb3dc -> 
  custom:framework-win-MediaFoundation: 216162199b28c13a410421893ffa2e32 -> 
  custom:CustomObjectIndexerAttribute: 72b91833f83ae208fae7752999fa3104 -> 
  custom:container-demuxer-webm: 4f35f7cbe854078d1ac9338744f61a02 -> 
  custom:container-muxer-webm: aa71ff27fc2769a1b78a27578f13a17b -> 
  custom:video-decoder-webm-vp8: 9c59270c3fd7afecdb556c50c9e8de78 -> 
  custom:SearchIndexIgnoredProperties: e643bd26f0fe6173181afceb89e7c659 -> 
  custom:AudioImporter_EditorPlatform: d09bf68614088b80899f8185d706f6e7 -> 
  custom:video-encoder-webm-vp8: eb34c28f22e8b96e1ab97ce403110664 -> 
  custom:audio-decoder-ogg-vorbis: bf7c407c2cedff20999df2af8eb42d56 -> 
  custom:audio-encoder-webm-vorbis: bf7c407c2cedff20999df2af8eb42d56 -> 
========================================================================
Received Prepare
Caller must complete domain reload
Begin MonoManager ReloadAssembly
Symbol file data-00000161003A1E60 doesn't match image C:\Users\sam.hamer\Downloads\MH2Files\motionhanging2\mh2 new movement\Library\ScriptAssemblies\Unity.EditorCoroutines.Editor.dll
Symbol file LoadedFromMemory is not a mono symbol file
Symbol file data-0000016102595430 doesn't match image C:\Users\sam.hamer\Downloads\MH2Files\motionhanging2\mh2 new movement\Library\ScriptAssemblies\Unity.AI.Navigation.dll
Symbol file LoadedFromMemory is not a mono symbol file
Symbol file data-0000016103CB2340 doesn't match image C:\Users\sam.hamer\Downloads\MH2Files\motionhanging2\mh2 new movement\Library\ScriptAssemblies\Unity.ProBuilder.Stl.dll
Symbol file LoadedFromMemory is not a mono symbol file
Symbol file data-00000161023B4020 doesn't match image C:\Users\sam.hamer\Downloads\MH2Files\motionhanging2\mh2 new movement\Library\ScriptAssemblies\Unity.ProBuilder.dll
Symbol file LoadedFromMemory is not a mono symbol file
Symbol file data-0000016148076020 doesn't match image C:\Users\sam.hamer\Downloads\MH2Files\motionhanging2\mh2 new movement\Library\ScriptAssemblies\Unity.Timeline.Editor.dll
Symbol file LoadedFromMemory is not a mono symbol file
Symbol file data-00000160FDC60A50 doesn't match image C:\Users\sam.hamer\Downloads\MH2Files\motionhanging2\mh2 new movement\Library\ScriptAssemblies\Unity.VisualScripting.Shared.Editor.dll
Symbol file LoadedFromMemory is not a mono symbol file
Symbol file data-0000016149147040 doesn't match image C:\Users\sam.hamer\Downloads\MH2Files\motionhanging2\mh2 new movement\Library\ScriptAssemblies\Unity.VisualStudio.Editor.dll
Symbol file LoadedFromMemory is not a mono symbol file
Symbol file data-00000161026EF030 doesn't match image C:\Users\sam.hamer\Downloads\MH2Files\motionhanging2\mh2 new movement\Library\ScriptAssemblies\UnityEditor.UI.dll
Symbol file LoadedFromMemory is not a mono symbol file
Symbol file data-0000016149010080 doesn't match image C:\Users\sam.hamer\Downloads\MH2Files\motionhanging2\mh2 new movement\Library\ScriptAssemblies\Unity.VisualScripting.Core.dll
Symbol file LoadedFromMemory is not a mono symbol file
Symbol file data-0000016149A2C010 doesn't match image C:\Users\sam.hamer\Downloads\MH2Files\motionhanging2\mh2 new movement\Library\ScriptAssemblies\Unity.VisualScripting.Core.Editor.dll
Symbol file LoadedFromMemory is not a mono symbol file
Symbol file data-00000160FB8770D0 doesn't match image C:\Users\sam.hamer\Downloads\MH2Files\motionhanging2\mh2 new movement\Library\ScriptAssemblies\Unity.Rider.Editor.dll
Symbol file LoadedFromMemory is not a mono symbol file
Symbol file data-000001614AC930F0 doesn't match image C:\Users\sam.hamer\Downloads\MH2Files\motionhanging2\mh2 new movement\Library\ScriptAssemblies\Unity.ProBuilder.AddOns.Editor.dll
Symbol file LoadedFromMemory is not a mono symbol file
Symbol file data-00000161490A0050 doesn't match image C:\Users\sam.hamer\Downloads\MH2Files\motionhanging2\mh2 new movement\Library\ScriptAssemblies\UnityEngine.UI.dll
Symbol file LoadedFromMemory is not a mono symbol file
Symbol file data-00000161002B8060 doesn't match image C:\Users\sam.hamer\Downloads\MH2Files\motionhanging2\mh2 new movement\Library\ScriptAssemblies\Unity.ProBuilder.Csg.dll
Symbol file LoadedFromMemory is not a mono symbol file
Symbol file data-00000161023B4020 doesn't match image C:\Users\sam.hamer\Downloads\MH2Files\motionhanging2\mh2 new movement\Library\ScriptAssemblies\Unity.VisualScripting.Flow.dll
Symbol file LoadedFromMemory is not a mono symbol file
Symbol file data-0000015F460E4020 doesn't match image C:\Users\sam.hamer\Downloads\MH2Files\motionhanging2\mh2 new movement\Library\ScriptAssemblies\Unity.VisualScripting.Flow.Editor.dll
Symbol file LoadedFromMemory is not a mono symbol file
Symbol file data-0000016146737020 doesn't match image C:\Users\sam.hamer\Downloads\MH2Files\motionhanging2\mh2 new movement\Library\ScriptAssemblies\Unity.Timeline.dll
Symbol file LoadedFromMemory is not a mono symbol file
Symbol file data-0000015F468C5EB0 doesn't match image C:\Users\sam.hamer\Downloads\MH2Files\motionhanging2\mh2 new movement\Library\ScriptAssemblies\Unity.TestTools.CodeCoverage.Editor.OpenCover.Mono.Reflection.dll
Symbol file LoadedFromMemory is not a mono symbol file
Symbol file data-00000160FC5A8010 doesn't match image C:\Users\sam.hamer\Downloads\MH2Files\motionhanging2\mh2 new movement\Library\ScriptAssemblies\Unity.ProBuilder.Editor.dll
Symbol file LoadedFromMemory is not a mono symbol file
Symbol file data-0000016146AB3030 doesn't match image C:\Users\sam.hamer\Downloads\MH2Files\motionhanging2\mh2 new movement\Library\ScriptAssemblies\Unity.VisualScripting.SettingsProvider.Editor.dll
Symbol file LoadedFromMemory is not a mono symbol file
Symbol file data-0000015F460E4020 doesn't match image C:\Users\sam.hamer\Downloads\MH2Files\motionhanging2\mh2 new movement\Library\ScriptAssemblies\Unity.Performance.Profile-Analyzer.Editor.dll
Symbol file LoadedFromMemory is not a mono symbol file
Symbol file data-0000016144D6AF40 doesn't match image C:\Users\sam.hamer\Downloads\MH2Files\motionhanging2\mh2 new movement\Library\ScriptAssemblies\Unity.TestTools.CodeCoverage.Editor.dll
Symbol file LoadedFromMemory is not a mono symbol file
Symbol file data-00000160FAD3D020 doesn't match image C:\Users\sam.hamer\Downloads\MH2Files\motionhanging2\mh2 new movement\Library\ScriptAssemblies\Unity.TestTools.CodeCoverage.Editor.OpenCover.Model.dll
Symbol file LoadedFromMemory is not a mono symbol file
Symbol file data-00000160B72815F0 doesn't match image C:\Users\sam.hamer\Downloads\MH2Files\motionhanging2\mh2 new movement\Library\ScriptAssemblies\Unity.PlasticSCM.Editor.dll
Symbol file LoadedFromMemory is not a mono symbol file
Symbol file data-00000160FDC60A50 doesn't match image C:\Users\sam.hamer\Downloads\MH2Files\motionhanging2\mh2 new movement\Library\ScriptAssemblies\Unity.AI.Navigation.Updater.dll
Symbol file LoadedFromMemory is not a mono symbol file
Symbol file data-0000016102F80050 doesn't match image C:\Users\sam.hamer\Downloads\MH2Files\motionhanging2\mh2 new movement\Library\ScriptAssemblies\Unity.ProBuilder.Poly2Tri.dll
Symbol file LoadedFromMemory is not a mono symbol file
Symbol file data-00000161026EF030 doesn't match image C:\Users\sam.hamer\Downloads\MH2Files\motionhanging2\mh2 new movement\Library\ScriptAssemblies\Unity.VisualScripting.State.Editor.dll
Symbol file LoadedFromMemory is not a mono symbol file
Symbol file data-00000160FB6F1010 doesn't match image C:\Users\sam.hamer\Downloads\MH2Files\motionhanging2\mh2 new movement\Library\ScriptAssemblies\Unity.Settings.Editor.dll
Symbol file LoadedFromMemory is not a mono symbol file
Symbol file data-0000016144D05310 doesn't match image C:\Users\sam.hamer\Downloads\MH2Files\motionhanging2\mh2 new movement\Library\ScriptAssemblies\Unity.ProBuilder.KdTree.dll
Symbol file LoadedFromMemory is not a mono symbol file
Symbol file data-0000016100D4D010 doesn't match image C:\Users\sam.hamer\Downloads\MH2Files\motionhanging2\mh2 new movement\Library\ScriptAssemblies\Unity.CollabProxy.Editor.dll
Symbol file LoadedFromMemory is not a mono symbol file
Symbol file data-00000161023B4020 doesn't match image C:\Users\sam.hamer\Downloads\MH2Files\motionhanging2\mh2 new movement\Library\ScriptAssemblies\Unity.TextMeshPro.dll
Symbol file LoadedFromMemory is not a mono symbol file
Symbol file data-0000016146737020 doesn't match image C:\Users\sam.hamer\Downloads\MH2Files\motionhanging2\mh2 new movement\Library\ScriptAssemblies\Unity.TextMeshPro.Editor.dll
Symbol file LoadedFromMemory is not a mono symbol file
Symbol file data-0000015F4611C050 doesn't match image C:\Users\sam.hamer\Downloads\MH2Files\motionhanging2\mh2 new movement\Library\ScriptAssemblies\Unity.AI.Navigation.Editor.dll
Symbol file LoadedFromMemory is not a mono symbol file
Symbol file data-00000160FAD3D020 doesn't match image C:\Users\sam.hamer\Downloads\MH2Files\motionhanging2\mh2 new movement\Library\ScriptAssemblies\Unity.ProBuilder.AssetIdRemapUtility.dll
Symbol file LoadedFromMemory is not a mono symbol file
Symbol file data-0000015F46DB5020 doesn't match image C:\Users\sam.hamer\Downloads\MH2Files\motionhanging2\mh2 new movement\Library\ScriptAssemblies\Unity.VisualScripting.State.dll
Symbol file LoadedFromMemory is not a mono symbol file
Symbol file data-0000016148391020 doesn't match image C:\Users\sam.hamer\Downloads\MH2Files\motionhanging2\mh2 new movement\Library\ScriptAssemblies\Unity.AI.Navigation.Editor.ConversionSystem.dll
Symbol file LoadedFromMemory is not a mono symbol file
Symbol file data-00000160FAD3D020 doesn't match image C:\Users\sam.hamer\Downloads\MH2Files\motionhanging2\mh2 new movement\Library\ScriptAssemblies\Unity.VSCode.Editor.dll
Symbol file LoadedFromMemory is not a mono symbol file
- Loaded All Assemblies, in  0.451 seconds
Native extension for WindowsStandalone target not found
Mono: successfully reloaded assembly
- Finished resetting the current domain, in  1.000 seconds
Domain Reload Profiling: 1449ms
	BeginReloadAssembly (143ms)
		ExecutionOrderSort (0ms)
		DisableScriptedObjects (3ms)
		BackupInstance (0ms)
		ReleaseScriptingObjects (0ms)
		CreateAndSetChildDomain (32ms)
	RebuildCommonClasses (29ms)
	RebuildNativeTypeToScriptingClass (13ms)
	initialDomainReloadingComplete (25ms)
	LoadAllAssembliesAndSetupDomain (238ms)
		LoadAssemblies (294ms)
		RebuildTransferFunctionScriptingTraits (0ms)
		AnalyzeDomain (18ms)
			TypeCache.Refresh (8ms)
				TypeCache.ScanAssembly (0ms)
			ScanForSourceGeneratedMonoScriptInfo (0ms)
			ResolveRequiredComponents (8ms)
	FinalizeReload (1000ms)
		ReleaseScriptCaches (0ms)
		RebuildScriptCaches (0ms)
		SetupLoadedEditorAssemblies (419ms)
			LogAssemblyErrors (0ms)
			InitializePlatformSupportModulesInManaged (6ms)
			SetLoadedEditorAssemblies (4ms)
			RefreshPlugins (0ms)
			BeforeProcessingInitializeOnLoad (69ms)
			ProcessInitializeOnLoadAttributes (272ms)
			ProcessInitializeOnLoadMethodAttributes (63ms)
			AfterProcessingInitializeOnLoad (5ms)
			EditorAssembliesLoaded (0ms)
		ExecutionOrderSort2 (0ms)
		AwakeInstancesAfterBackupRestoration (5ms)
Refreshing native plugins compatible for Editor in 2.56 ms, found 3 plugins.
Preloading 0 native plugins for Editor in 0.00 ms.
Unloading 5275 Unused Serialized files (Serialized files now loaded: 0)
Unloading 24 unused Assets / (0.7 MB). Loaded Objects now: 5944.
Memory consumption went from 188.7 MB to 188.0 MB.
Total: 4.066700 ms (FindLiveObjects: 0.512100 ms CreateObjectMapping: 0.299100 ms MarkObjects: 2.895300 ms  DeleteObjects: 0.358900 ms)

Prepare: number of updated asset objects reloaded= 0
AssetImportParameters requested are different than current active one (requested -> active):
  custom:container-demuxer-ogg: 62fdf1f143b41e24485cea50d1cbac27 -> 
  custom:video-codec-MediaFoundation-h265: 746d11721c4dcdbdad8f713fa42b33f4 -> 
  custom:video-decoder-ogg-theora: a1e56fd34408186e4bbccfd4996cb3dc -> 
  custom:framework-win-MediaFoundation: 216162199b28c13a410421893ffa2e32 -> 
  custom:CustomObjectIndexerAttribute: 72b91833f83ae208fae7752999fa3104 -> 
  custom:container-demuxer-webm: 4f35f7cbe854078d1ac9338744f61a02 -> 
  custom:container-muxer-webm: aa71ff27fc2769a1b78a27578f13a17b -> 
  custom:video-decoder-webm-vp8: 9c59270c3fd7afecdb556c50c9e8de78 -> 
  custom:SearchIndexIgnoredProperties: e643bd26f0fe6173181afceb89e7c659 -> 
  custom:AudioImporter_EditorPlatform: d09bf68614088b80899f8185d706f6e7 -> 
  custom:video-encoder-webm-vp8: eb34c28f22e8b96e1ab97ce403110664 -> 
  custom:audio-decoder-ogg-vorbis: bf7c407c2cedff20999df2af8eb42d56 -> 
  custom:audio-encoder-webm-vorbis: bf7c407c2cedff20999df2af8eb42d56 -> 
========================================================================
Received Prepare
Caller must complete domain reload
Begin MonoManager ReloadAssembly
Symbol file data-00000161003A1E60 doesn't match image C:\Users\sam.hamer\Downloads\MH2Files\motionhanging2\mh2 new movement\Library\ScriptAssemblies\Unity.EditorCoroutines.Editor.dll
Symbol file LoadedFromMemory is not a mono symbol file
Symbol file data-0000016102595430 doesn't match image C:\Users\sam.hamer\Downloads\MH2Files\motionhanging2\mh2 new movement\Library\ScriptAssemblies\Unity.AI.Navigation.dll
Symbol file LoadedFromMemory is not a mono symbol file
Symbol file data-0000016100A2E060 doesn't match image C:\Users\sam.hamer\Downloads\MH2Files\motionhanging2\mh2 new movement\Library\ScriptAssemblies\Unity.ProBuilder.Stl.dll
Symbol file LoadedFromMemory is not a mono symbol file
Symbol file data-0000016144FF5820 doesn't match image C:\Users\sam.hamer\Downloads\MH2Files\motionhanging2\mh2 new movement\Library\ScriptAssemblies\Unity.ProBuilder.dll
Symbol file LoadedFromMemory is not a mono symbol file
Symbol file data-000001614545B420 doesn't match image C:\Users\sam.hamer\Downloads\MH2Files\motionhanging2\mh2 new movement\Library\ScriptAssemblies\Unity.Timeline.Editor.dll
Symbol file LoadedFromMemory is not a mono symbol file
Symbol file data-00000160FDC60A50 doesn't match image C:\Users\sam.hamer\Downloads\MH2Files\motionhanging2\mh2 new movement\Library\ScriptAssemblies\Unity.VisualScripting.Shared.Editor.dll
Symbol file LoadedFromMemory is not a mono symbol file
Symbol file data-0000016100CF6030 doesn't match image C:\Users\sam.hamer\Downloads\MH2Files\motionhanging2\mh2 new movement\Library\ScriptAssemblies\Unity.VisualStudio.Editor.dll
Symbol file LoadedFromMemory is not a mono symbol file
Symbol file data-0000016103CA0030 doesn't match image C:\Users\sam.hamer\Downloads\MH2Files\motionhanging2\mh2 new movement\Library\ScriptAssemblies\UnityEditor.UI.dll
Symbol file LoadedFromMemory is not a mono symbol file
Symbol file data-0000016149010080 doesn't match image C:\Users\sam.hamer\Downloads\MH2Files\motionhanging2\mh2 new movement\Library\ScriptAssemblies\Unity.VisualScripting.Core.dll
Symbol file LoadedFromMemory is not a mono symbol file
Symbol file data-0000016100335050 doesn't match image C:\Users\sam.hamer\Downloads\MH2Files\motionhanging2\mh2 new movement\Library\ScriptAssemblies\Unity.VisualScripting.Core.Editor.dll
Symbol file LoadedFromMemory is not a mono symbol file
Symbol file data-00000160FB8770D0 doesn't match image C:\Users\sam.hamer\Downloads\MH2Files\motionhanging2\mh2 new movement\Library\ScriptAssemblies\Unity.Rider.Editor.dll
Symbol file LoadedFromMemory is not a mono symbol file
Symbol file data-000001614924ED00 doesn't match image C:\Users\sam.hamer\Downloads\MH2Files\motionhanging2\mh2 new movement\Library\ScriptAssemblies\Unity.ProBuilder.AddOns.Editor.dll
Symbol file LoadedFromMemory is not a mono symbol file
Symbol file data-0000016144BF00A0 doesn't match image C:\Users\sam.hamer\Downloads\MH2Files\motionhanging2\mh2 new movement\Library\ScriptAssemblies\UnityEngine.UI.dll
Symbol file LoadedFromMemory is not a mono symbol file
Symbol file data-0000016145CE4190 doesn't match image C:\Users\sam.hamer\Downloads\MH2Files\motionhanging2\mh2 new movement\Library\ScriptAssemblies\Unity.ProBuilder.Csg.dll
Symbol file LoadedFromMemory is not a mono symbol file
Symbol file data-0000016103DE4080 doesn't match image C:\Users\sam.hamer\Downloads\MH2Files\motionhanging2\mh2 new movement\Library\ScriptAssemblies\Unity.VisualScripting.Flow.dll
Symbol file LoadedFromMemory is not a mono symbol file
Symbol file data-00000161009F6030 doesn't match image C:\Users\sam.hamer\Downloads\MH2Files\motionhanging2\mh2 new movement\Library\ScriptAssemblies\Unity.VisualScripting.Flow.Editor.dll
Symbol file LoadedFromMemory is not a mono symbol file
Symbol file data-000001614914F050 doesn't match image C:\Users\sam.hamer\Downloads\MH2Files\motionhanging2\mh2 new movement\Library\ScriptAssemblies\Unity.Timeline.dll
Symbol file LoadedFromMemory is not a mono symbol file
Symbol file data-0000016100A2E060 doesn't match image C:\Users\sam.hamer\Downloads\MH2Files\motionhanging2\mh2 new movement\Library\ScriptAssemblies\Unity.TestTools.CodeCoverage.Editor.OpenCover.Mono.Reflection.dll
Symbol file LoadedFromMemory is not a mono symbol file
Symbol file data-00000160FC5A8010 doesn't match image C:\Users\sam.hamer\Downloads\MH2Files\motionhanging2\mh2 new movement\Library\ScriptAssemblies\Unity.ProBuilder.Editor.dll
Symbol file LoadedFromMemory is not a mono symbol file
Symbol file data-00000160FD1F2EF0 doesn't match image C:\Users\sam.hamer\Downloads\MH2Files\motionhanging2\mh2 new movement\Library\ScriptAssemblies\Unity.VisualScripting.SettingsProvider.Editor.dll
Symbol file LoadedFromMemory is not a mono symbol file
Symbol file data-00000161009F6030 doesn't match image C:\Users\sam.hamer\Downloads\MH2Files\motionhanging2\mh2 new movement\Library\ScriptAssemblies\Unity.Performance.Profile-Analyzer.Editor.dll
Symbol file LoadedFromMemory is not a mono symbol file
Symbol file data-0000016100CF6030 doesn't match image C:\Users\sam.hamer\Downloads\MH2Files\motionhanging2\mh2 new movement\Library\ScriptAssemblies\Unity.TestTools.CodeCoverage.Editor.dll
Symbol file LoadedFromMemory is not a mono symbol file
Symbol file data-00000160FAD3D020 doesn't match image C:\Users\sam.hamer\Downloads\MH2Files\motionhanging2\mh2 new movement\Library\ScriptAssemblies\Unity.TestTools.CodeCoverage.Editor.OpenCover.Model.dll
Symbol file LoadedFromMemory is not a mono symbol file
Symbol file data-00000160B72815F0 doesn't match image C:\Users\sam.hamer\Downloads\MH2Files\motionhanging2\mh2 new movement\Library\ScriptAssemblies\Unity.PlasticSCM.Editor.dll
Symbol file LoadedFromMemory is not a mono symbol file
Symbol file data-00000160FDC60A50 doesn't match image C:\Users\sam.hamer\Downloads\MH2Files\motionhanging2\mh2 new movement\Library\ScriptAssemblies\Unity.AI.Navigation.Updater.dll
Symbol file LoadedFromMemory is not a mono symbol file
Symbol file data-0000016102F80050 doesn't match image C:\Users\sam.hamer\Downloads\MH2Files\motionhanging2\mh2 new movement\Library\ScriptAssemblies\Unity.ProBuilder.Poly2Tri.dll
Symbol file LoadedFromMemory is not a mono symbol file
Symbol file data-0000015F46DB0010 doesn't match image C:\Users\sam.hamer\Downloads\MH2Files\motionhanging2\mh2 new movement\Library\ScriptAssemblies\Unity.VisualScripting.State.Editor.dll
Symbol file LoadedFromMemory is not a mono symbol file
Symbol file data-00000160FB6F1010 doesn't match image C:\Users\sam.hamer\Downloads\MH2Files\motionhanging2\mh2 new movement\Library\ScriptAssemblies\Unity.Settings.Editor.dll
Symbol file LoadedFromMemory is not a mono symbol file
Symbol file data-0000016144D05310 doesn't match image C:\Users\sam.hamer\Downloads\MH2Files\motionhanging2\mh2 new movement\Library\ScriptAssemblies\Unity.ProBuilder.KdTree.dll
Symbol file LoadedFromMemory is not a mono symbol file
Symbol file data-0000016100D4D010 doesn't match image C:\Users\sam.hamer\Downloads\MH2Files\motionhanging2\mh2 new movement\Library\ScriptAssemblies\Unity.CollabProxy.Editor.dll
Symbol file LoadedFromMemory is not a mono symbol file
Symbol file data-0000016144FF5820 doesn't match image C:\Users\sam.hamer\Downloads\MH2Files\motionhanging2\mh2 new movement\Library\ScriptAssemblies\Unity.TextMeshPro.dll
Symbol file LoadedFromMemory is not a mono symbol file
Symbol file data-00000160FD14E010 doesn't match image C:\Users\sam.hamer\Downloads\MH2Files\motionhanging2\mh2 new movement\Library\ScriptAssemblies\Unity.TextMeshPro.Editor.dll
Symbol file LoadedFromMemory is not a mono symbol file
Symbol file data-000001614AC74250 doesn't match image C:\Users\sam.hamer\Downloads\MH2Files\motionhanging2\mh2 new movement\Library\ScriptAssemblies\Unity.AI.Navigation.Editor.dll
Symbol file LoadedFromMemory is not a mono symbol file
Symbol file data-00000160FAD3D020 doesn't match image C:\Users\sam.hamer\Downloads\MH2Files\motionhanging2\mh2 new movement\Library\ScriptAssemblies\Unity.ProBuilder.AssetIdRemapUtility.dll
Symbol file LoadedFromMemory is not a mono symbol file
Symbol file data-0000016148205010 doesn't match image C:\Users\sam.hamer\Downloads\MH2Files\motionhanging2\mh2 new movement\Library\ScriptAssemblies\Unity.VisualScripting.State.dll
Symbol file LoadedFromMemory is not a mono symbol file
Symbol file data-00000161456F8030 doesn't match image C:\Users\sam.hamer\Downloads\MH2Files\motionhanging2\mh2 new movement\Library\ScriptAssemblies\Unity.AI.Navigation.Editor.ConversionSystem.dll
Symbol file LoadedFromMemory is not a mono symbol file
Symbol file data-00000160FAD3D020 doesn't match image C:\Users\sam.hamer\Downloads\MH2Files\motionhanging2\mh2 new movement\Library\ScriptAssemblies\Unity.VSCode.Editor.dll
Symbol file LoadedFromMemory is not a mono symbol file
- Loaded All Assemblies, in  1.577 seconds
Native extension for WindowsStandalone target not found
Mono: successfully reloaded assembly
- Finished resetting the current domain, in  1.654 seconds
Domain Reload Profiling: 3235ms
	BeginReloadAssembly (469ms)
		ExecutionOrderSort (0ms)
		DisableScriptedObjects (9ms)
		BackupInstance (0ms)
		ReleaseScriptingObjects (1ms)
		CreateAndSetChildDomain (217ms)
	RebuildCommonClasses (40ms)
	RebuildNativeTypeToScriptingClass (8ms)
	initialDomainReloadingComplete (34ms)
	LoadAllAssembliesAndSetupDomain (1029ms)
		LoadAssemblies (864ms)
		RebuildTransferFunctionScriptingTraits (0ms)
		AnalyzeDomain (284ms)
			TypeCache.Refresh (174ms)
				TypeCache.ScanAssembly (10ms)
			ScanForSourceGeneratedMonoScriptInfo (91ms)
			ResolveRequiredComponents (18ms)
	FinalizeReload (1655ms)
		ReleaseScriptCaches (0ms)
		RebuildScriptCaches (0ms)
		SetupLoadedEditorAssemblies (497ms)
			LogAssemblyErrors (0ms)
			InitializePlatformSupportModulesInManaged (9ms)
			SetLoadedEditorAssemblies (6ms)
			RefreshPlugins (0ms)
			BeforeProcessingInitializeOnLoad (79ms)
			ProcessInitializeOnLoadAttributes (328ms)
			ProcessInitializeOnLoadMethodAttributes (70ms)
			AfterProcessingInitializeOnLoad (4ms)
			EditorAssembliesLoaded (1ms)
		ExecutionOrderSort2 (0ms)
		AwakeInstancesAfterBackupRestoration (7ms)
Refreshing native plugins compatible for Editor in 2.60 ms, found 3 plugins.
Preloading 0 native plugins for Editor in 0.00 ms.
Unloading 5275 Unused Serialized files (Serialized files now loaded: 0)
Unloading 24 unused Assets / (0.7 MB). Loaded Objects now: 5947.
Memory consumption went from 188.7 MB to 188.0 MB.
Total: 4.729300 ms (FindLiveObjects: 0.452800 ms CreateObjectMapping: 0.199600 ms MarkObjects: 3.426900 ms  DeleteObjects: 0.649000 ms)

Prepare: number of updated asset objects reloaded= 0
AssetImportParameters requested are different than current active one (requested -> active):
  custom:container-demuxer-ogg: 62fdf1f143b41e24485cea50d1cbac27 -> 
  custom:video-codec-MediaFoundation-h265: 746d11721c4dcdbdad8f713fa42b33f4 -> 
  custom:video-decoder-ogg-theora: a1e56fd34408186e4bbccfd4996cb3dc -> 
  custom:framework-win-MediaFoundation: 216162199b28c13a410421893ffa2e32 -> 
  custom:CustomObjectIndexerAttribute: 72b91833f83ae208fae7752999fa3104 -> 
  custom:container-demuxer-webm: 4f35f7cbe854078d1ac9338744f61a02 -> 
  custom:container-muxer-webm: aa71ff27fc2769a1b78a27578f13a17b -> 
  custom:video-decoder-webm-vp8: 9c59270c3fd7afecdb556c50c9e8de78 -> 
  custom:SearchIndexIgnoredProperties: e643bd26f0fe6173181afceb89e7c659 -> 
  custom:AudioImporter_EditorPlatform: d09bf68614088b80899f8185d706f6e7 -> 
  custom:video-encoder-webm-vp8: eb34c28f22e8b96e1ab97ce403110664 -> 
  custom:audio-decoder-ogg-vorbis: bf7c407c2cedff20999df2af8eb42d56 -> 
  custom:audio-encoder-webm-vorbis: bf7c407c2cedff20999df2af8eb42d56 -> 
  custom:scripting/precompiled-assembly-types:Assembly-CSharp: 8fae6a922ebb8c58051e2d0bc9e2f8d7 -> f9cc845100246f9e19ea0cb9b596e49b
========================================================================
Received Prepare
Caller must complete domain reload
Begin MonoManager ReloadAssembly
Symbol file data-00000161003A1E60 doesn't match image C:\Users\sam.hamer\Downloads\MH2Files\motionhanging2\mh2 new movement\Library\ScriptAssemblies\Unity.EditorCoroutines.Editor.dll
Symbol file LoadedFromMemory is not a mono symbol file
Symbol file data-0000016102595430 doesn't match image C:\Users\sam.hamer\Downloads\MH2Files\motionhanging2\mh2 new movement\Library\ScriptAssemblies\Unity.AI.Navigation.dll
Symbol file LoadedFromMemory is not a mono symbol file
Symbol file data-0000016100A2E060 doesn't match image C:\Users\sam.hamer\Downloads\MH2Files\motionhanging2\mh2 new movement\Library\ScriptAssemblies\Unity.ProBuilder.Stl.dll
Symbol file LoadedFromMemory is not a mono symbol file
Symbol file data-0000016103DE4080 doesn't match image C:\Users\sam.hamer\Downloads\MH2Files\motionhanging2\mh2 new movement\Library\ScriptAssemblies\Unity.ProBuilder.dll
Symbol file LoadedFromMemory is not a mono symbol file
Symbol file data-0000016148076020 doesn't match image C:\Users\sam.hamer\Downloads\MH2Files\motionhanging2\mh2 new movement\Library\ScriptAssemblies\Unity.Timeline.Editor.dll
Symbol file LoadedFromMemory is not a mono symbol file
Symbol file data-00000160FDC60A50 doesn't match image C:\Users\sam.hamer\Downloads\MH2Files\motionhanging2\mh2 new movement\Library\ScriptAssemblies\Unity.VisualScripting.Shared.Editor.dll
Symbol file LoadedFromMemory is not a mono symbol file
Symbol file data-0000016100CF6030 doesn't match image C:\Users\sam.hamer\Downloads\MH2Files\motionhanging2\mh2 new movement\Library\ScriptAssemblies\Unity.VisualStudio.Editor.dll
Symbol file LoadedFromMemory is not a mono symbol file
Symbol file data-0000016103CA0030 doesn't match image C:\Users\sam.hamer\Downloads\MH2Files\motionhanging2\mh2 new movement\Library\ScriptAssemblies\UnityEditor.UI.dll
Symbol file LoadedFromMemory is not a mono symbol file
Symbol file data-0000016149010080 doesn't match image C:\Users\sam.hamer\Downloads\MH2Files\motionhanging2\mh2 new movement\Library\ScriptAssemblies\Unity.VisualScripting.Core.dll
Symbol file LoadedFromMemory is not a mono symbol file
Symbol file data-0000016100335050 doesn't match image C:\Users\sam.hamer\Downloads\MH2Files\motionhanging2\mh2 new movement\Library\ScriptAssemblies\Unity.VisualScripting.Core.Editor.dll
Symbol file LoadedFromMemory is not a mono symbol file
Symbol file data-00000160FB8770D0 doesn't match image C:\Users\sam.hamer\Downloads\MH2Files\motionhanging2\mh2 new movement\Library\ScriptAssemblies\Unity.Rider.Editor.dll
Symbol file LoadedFromMemory is not a mono symbol file
Symbol file data-000001614924ED00 doesn't match image C:\Users\sam.hamer\Downloads\MH2Files\motionhanging2\mh2 new movement\Library\ScriptAssemblies\Unity.ProBuilder.AddOns.Editor.dll
Symbol file LoadedFromMemory is not a mono symbol file
Symbol file data-0000016144BF00A0 doesn't match image C:\Users\sam.hamer\Downloads\MH2Files\motionhanging2\mh2 new movement\Library\ScriptAssemblies\UnityEngine.UI.dll
Symbol file LoadedFromMemory is not a mono symbol file
Symbol file data-0000016145CE4190 doesn't match image C:\Users\sam.hamer\Downloads\MH2Files\motionhanging2\mh2 new movement\Library\ScriptAssemblies\Unity.ProBuilder.Csg.dll
Symbol file LoadedFromMemory is not a mono symbol file
Symbol file data-0000016103DE4080 doesn't match image C:\Users\sam.hamer\Downloads\MH2Files\motionhanging2\mh2 new movement\Library\ScriptAssemblies\Unity.VisualScripting.Flow.dll
Symbol file LoadedFromMemory is not a mono symbol file
Symbol file data-00000161009F6030 doesn't match image C:\Users\sam.hamer\Downloads\MH2Files\motionhanging2\mh2 new movement\Library\ScriptAssemblies\Unity.VisualScripting.Flow.Editor.dll
Symbol file LoadedFromMemory is not a mono symbol file
Symbol file data-000001614914F050 doesn't match image C:\Users\sam.hamer\Downloads\MH2Files\motionhanging2\mh2 new movement\Library\ScriptAssemblies\Unity.Timeline.dll
Symbol file LoadedFromMemory is not a mono symbol file
Symbol file data-0000016100A2E060 doesn't match image C:\Users\sam.hamer\Downloads\MH2Files\motionhanging2\mh2 new movement\Library\ScriptAssemblies\Unity.TestTools.CodeCoverage.Editor.OpenCover.Mono.Reflection.dll
Symbol file LoadedFromMemory is not a mono symbol file
Symbol file data-00000160FC5A8010 doesn't match image C:\Users\sam.hamer\Downloads\MH2Files\motionhanging2\mh2 new movement\Library\ScriptAssemblies\Unity.ProBuilder.Editor.dll
Symbol file LoadedFromMemory is not a mono symbol file
Symbol file data-00000160FD1F2EF0 doesn't match image C:\Users\sam.hamer\Downloads\MH2Files\motionhanging2\mh2 new movement\Library\ScriptAssemblies\Unity.VisualScripting.SettingsProvider.Editor.dll
Symbol file LoadedFromMemory is not a mono symbol file
Symbol file data-00000161009F6030 doesn't match image C:\Users\sam.hamer\Downloads\MH2Files\motionhanging2\mh2 new movement\Library\ScriptAssemblies\Unity.Performance.Profile-Analyzer.Editor.dll
Symbol file LoadedFromMemory is not a mono symbol file
Symbol file data-0000016100CF6030 doesn't match image C:\Users\sam.hamer\Downloads\MH2Files\motionhanging2\mh2 new movement\Library\ScriptAssemblies\Unity.TestTools.CodeCoverage.Editor.dll
Symbol file LoadedFromMemory is not a mono symbol file
Symbol file data-00000160FAD3D020 doesn't match image C:\Users\sam.hamer\Downloads\MH2Files\motionhanging2\mh2 new movement\Library\ScriptAssemblies\Unity.TestTools.CodeCoverage.Editor.OpenCover.Model.dll
Symbol file LoadedFromMemory is not a mono symbol file
Symbol file data-00000160B72815F0 doesn't match image C:\Users\sam.hamer\Downloads\MH2Files\motionhanging2\mh2 new movement\Library\ScriptAssemblies\Unity.PlasticSCM.Editor.dll
Symbol file LoadedFromMemory is not a mono symbol file
Symbol file data-00000160FDC60A50 doesn't match image C:\Users\sam.hamer\Downloads\MH2Files\motionhanging2\mh2 new movement\Library\ScriptAssemblies\Unity.AI.Navigation.Updater.dll
Symbol file LoadedFromMemory is not a mono symbol file
Symbol file data-0000016102F80050 doesn't match image C:\Users\sam.hamer\Downloads\MH2Files\motionhanging2\mh2 new movement\Library\ScriptAssemblies\Unity.ProBuilder.Poly2Tri.dll
Symbol file LoadedFromMemory is not a mono symbol file
Symbol file data-0000015F46DB0010 doesn't match image C:\Users\sam.hamer\Downloads\MH2Files\motionhanging2\mh2 new movement\Library\ScriptAssemblies\Unity.VisualScripting.State.Editor.dll
Symbol file LoadedFromMemory is not a mono symbol file
Symbol file data-00000160FB6F1010 doesn't match image C:\Users\sam.hamer\Downloads\MH2Files\motionhanging2\mh2 new movement\Library\ScriptAssemblies\Unity.Settings.Editor.dll
Symbol file LoadedFromMemory is not a mono symbol file
Symbol file data-0000016144D05310 doesn't match image C:\Users\sam.hamer\Downloads\MH2Files\motionhanging2\mh2 new movement\Library\ScriptAssemblies\Unity.ProBuilder.KdTree.dll
Symbol file LoadedFromMemory is not a mono symbol file
Symbol file data-0000016100D4D010 doesn't match image C:\Users\sam.hamer\Downloads\MH2Files\motionhanging2\mh2 new movement\Library\ScriptAssemblies\Unity.CollabProxy.Editor.dll
Symbol file LoadedFromMemory is not a mono symbol file
Symbol file data-0000016103DE4080 doesn't match image C:\Users\sam.hamer\Downloads\MH2Files\motionhanging2\mh2 new movement\Library\ScriptAssemblies\Unity.TextMeshPro.dll
Symbol file LoadedFromMemory is not a mono symbol file
Symbol file data-0000016101A8B010 doesn't match image C:\Users\sam.hamer\Downloads\MH2Files\motionhanging2\mh2 new movement\Library\ScriptAssemblies\Unity.TextMeshPro.Editor.dll
Symbol file LoadedFromMemory is not a mono symbol file
Symbol file data-000001614AC74250 doesn't match image C:\Users\sam.hamer\Downloads\MH2Files\motionhanging2\mh2 new movement\Library\ScriptAssemblies\Unity.AI.Navigation.Editor.dll
Symbol file LoadedFromMemory is not a mono symbol file
Symbol file data-00000160FAD3D020 doesn't match image C:\Users\sam.hamer\Downloads\MH2Files\motionhanging2\mh2 new movement\Library\ScriptAssemblies\Unity.ProBuilder.AssetIdRemapUtility.dll
Symbol file LoadedFromMemory is not a mono symbol file
Symbol file data-0000016148205010 doesn't match image C:\Users\sam.hamer\Downloads\MH2Files\motionhanging2\mh2 new movement\Library\ScriptAssemblies\Unity.VisualScripting.State.dll
Symbol file LoadedFromMemory is not a mono symbol file
Symbol file data-00000161456F8030 doesn't match image C:\Users\sam.hamer\Downloads\MH2Files\motionhanging2\mh2 new movement\Library\ScriptAssemblies\Unity.AI.Navigation.Editor.ConversionSystem.dll
Symbol file LoadedFromMemory is not a mono symbol file
Symbol file data-00000160FAD3D020 doesn't match image C:\Users\sam.hamer\Downloads\MH2Files\motionhanging2\mh2 new movement\Library\ScriptAssemblies\Unity.VSCode.Editor.dll
Symbol file LoadedFromMemory is not a mono symbol file
- Loaded All Assemblies, in  1.093 seconds
Native extension for WindowsStandalone target not found
Mono: successfully reloaded assembly
- Finished resetting the current domain, in  1.640 seconds
Domain Reload Profiling: 2731ms
	BeginReloadAssembly (154ms)
		ExecutionOrderSort (0ms)
		DisableScriptedObjects (3ms)
		BackupInstance (0ms)
		ReleaseScriptingObjects (0ms)
		CreateAndSetChildDomain (31ms)
	RebuildCommonClasses (32ms)
	RebuildNativeTypeToScriptingClass (10ms)
	initialDomainReloadingComplete (25ms)
	LoadAllAssembliesAndSetupDomain (871ms)
		LoadAssemblies (934ms)
		RebuildTransferFunctionScriptingTraits (0ms)
		AnalyzeDomain (20ms)
			TypeCache.Refresh (7ms)
				TypeCache.ScanAssembly (0ms)
			ScanForSourceGeneratedMonoScriptInfo (0ms)
			ResolveRequiredComponents (11ms)
	FinalizeReload (1640ms)
		ReleaseScriptCaches (0ms)
		RebuildScriptCaches (0ms)
		SetupLoadedEditorAssemblies (445ms)
			LogAssemblyErrors (0ms)
			InitializePlatformSupportModulesInManaged (6ms)
			SetLoadedEditorAssemblies (4ms)
			RefreshPlugins (0ms)
			BeforeProcessingInitializeOnLoad (78ms)
			ProcessInitializeOnLoadAttributes (287ms)
			ProcessInitializeOnLoadMethodAttributes (64ms)
			AfterProcessingInitializeOnLoad (5ms)
			EditorAssembliesLoaded (0ms)
		ExecutionOrderSort2 (0ms)
		AwakeInstancesAfterBackupRestoration (6ms)
Refreshing native plugins compatible for Editor in 3.55 ms, found 3 plugins.
Preloading 0 native plugins for Editor in 0.00 ms.
Unloading 5275 Unused Serialized files (Serialized files now loaded: 0)
Unloading 24 unused Assets / (0.7 MB). Loaded Objects now: 5950.
Memory consumption went from 188.7 MB to 188.0 MB.
Total: 4.679800 ms (FindLiveObjects: 0.476800 ms CreateObjectMapping: 0.392200 ms MarkObjects: 3.167800 ms  DeleteObjects: 0.641700 ms)

Prepare: number of updated asset objects reloaded= 0
AssetImportParameters requested are different than current active one (requested -> active):
  custom:container-demuxer-ogg: 62fdf1f143b41e24485cea50d1cbac27 -> 
  custom:video-codec-MediaFoundation-h265: 746d11721c4dcdbdad8f713fa42b33f4 -> 
  custom:video-decoder-ogg-theora: a1e56fd34408186e4bbccfd4996cb3dc -> 
  custom:framework-win-MediaFoundation: 216162199b28c13a410421893ffa2e32 -> 
  custom:CustomObjectIndexerAttribute: 72b91833f83ae208fae7752999fa3104 -> 
  custom:container-demuxer-webm: 4f35f7cbe854078d1ac9338744f61a02 -> 
  custom:container-muxer-webm: aa71ff27fc2769a1b78a27578f13a17b -> 
  custom:video-decoder-webm-vp8: 9c59270c3fd7afecdb556c50c9e8de78 -> 
  custom:SearchIndexIgnoredProperties: e643bd26f0fe6173181afceb89e7c659 -> 
  custom:AudioImporter_EditorPlatform: d09bf68614088b80899f8185d706f6e7 -> 
  custom:video-encoder-webm-vp8: eb34c28f22e8b96e1ab97ce403110664 -> 
  custom:audio-decoder-ogg-vorbis: bf7c407c2cedff20999df2af8eb42d56 -> 
  custom:audio-encoder-webm-vorbis: bf7c407c2cedff20999df2af8eb42d56 -> 
  custom:scripting/precompiled-assembly-types:Assembly-CSharp: 8fae6a922ebb8c58051e2d0bc9e2f8d7 -> f9cc845100246f9e19ea0cb9b596e49b
========================================================================
Received Prepare
Caller must complete domain reload
Begin MonoManager ReloadAssembly
Symbol file data-00000161003A1E60 doesn't match image C:\Users\sam.hamer\Downloads\MH2Files\motionhanging2\mh2 new movement\Library\ScriptAssemblies\Unity.EditorCoroutines.Editor.dll
Symbol file LoadedFromMemory is not a mono symbol file
Symbol file data-00000161024FFF40 doesn't match image C:\Users\sam.hamer\Downloads\MH2Files\motionhanging2\mh2 new movement\Library\ScriptAssemblies\Unity.AI.Navigation.dll
Symbol file LoadedFromMemory is not a mono symbol file
Symbol file data-0000016103CB2340 doesn't match image C:\Users\sam.hamer\Downloads\MH2Files\motionhanging2\mh2 new movement\Library\ScriptAssemblies\Unity.ProBuilder.Stl.dll
Symbol file LoadedFromMemory is not a mono symbol file
Symbol file data-0000016144FF5820 doesn't match image C:\Users\sam.hamer\Downloads\MH2Files\motionhanging2\mh2 new movement\Library\ScriptAssemblies\Unity.ProBuilder.dll
Symbol file LoadedFromMemory is not a mono symbol file
Symbol file data-0000016146D75090 doesn't match image C:\Users\sam.hamer\Downloads\MH2Files\motionhanging2\mh2 new movement\Library\ScriptAssemblies\Unity.Timeline.Editor.dll
Symbol file LoadedFromMemory is not a mono symbol file
Symbol file data-00000160FDC60A50 doesn't match image C:\Users\sam.hamer\Downloads\MH2Files\motionhanging2\mh2 new movement\Library\ScriptAssemblies\Unity.VisualScripting.Shared.Editor.dll
Symbol file LoadedFromMemory is not a mono symbol file
Symbol file data-000001614B016020 doesn't match image C:\Users\sam.hamer\Downloads\MH2Files\motionhanging2\mh2 new movement\Library\ScriptAssemblies\Unity.VisualStudio.Editor.dll
Symbol file LoadedFromMemory is not a mono symbol file
Symbol file data-0000016103CA0030 doesn't match image C:\Users\sam.hamer\Downloads\MH2Files\motionhanging2\mh2 new movement\Library\ScriptAssemblies\UnityEditor.UI.dll
Symbol file LoadedFromMemory is not a mono symbol file
Symbol file data-00000161486720B0 doesn't match image C:\Users\sam.hamer\Downloads\MH2Files\motionhanging2\mh2 new movement\Library\ScriptAssemblies\Unity.VisualScripting.Core.dll
Symbol file LoadedFromMemory is not a mono symbol file
Symbol file data-0000016100335050 doesn't match image C:\Users\sam.hamer\Downloads\MH2Files\motionhanging2\mh2 new movement\Library\ScriptAssemblies\Unity.VisualScripting.Core.Editor.dll
Symbol file LoadedFromMemory is not a mono symbol file
Symbol file data-00000160FB8770D0 doesn't match image C:\Users\sam.hamer\Downloads\MH2Files\motionhanging2\mh2 new movement\Library\ScriptAssemblies\Unity.Rider.Editor.dll
Symbol file LoadedFromMemory is not a mono symbol file
Symbol file data-000001614924ED00 doesn't match image C:\Users\sam.hamer\Downloads\MH2Files\motionhanging2\mh2 new movement\Library\ScriptAssemblies\Unity.ProBuilder.AddOns.Editor.dll
Symbol file LoadedFromMemory is not a mono symbol file
Symbol file data-00000160FB8ED020 doesn't match image C:\Users\sam.hamer\Downloads\MH2Files\motionhanging2\mh2 new movement\Library\ScriptAssemblies\UnityEngine.UI.dll
Symbol file LoadedFromMemory is not a mono symbol file
Symbol file data-00000161024FFF40 doesn't match image C:\Users\sam.hamer\Downloads\MH2Files\motionhanging2\mh2 new movement\Library\ScriptAssemblies\Unity.ProBuilder.Csg.dll
Symbol file LoadedFromMemory is not a mono symbol file
Symbol file data-00000160FE486030 doesn't match image C:\Users\sam.hamer\Downloads\MH2Files\motionhanging2\mh2 new movement\Library\ScriptAssemblies\Unity.VisualScripting.Flow.dll
Symbol file LoadedFromMemory is not a mono symbol file
Symbol file data-00000161022A0090 doesn't match image C:\Users\sam.hamer\Downloads\MH2Files\motionhanging2\mh2 new movement\Library\ScriptAssemblies\Unity.VisualScripting.Flow.Editor.dll
Symbol file LoadedFromMemory is not a mono symbol file
Symbol file data-0000016144EDE020 doesn't match image C:\Users\sam.hamer\Downloads\MH2Files\motionhanging2\mh2 new movement\Library\ScriptAssemblies\Unity.Timeline.dll
Symbol file LoadedFromMemory is not a mono symbol file
Symbol file data-0000016103CB2340 doesn't match image C:\Users\sam.hamer\Downloads\MH2Files\motionhanging2\mh2 new movement\Library\ScriptAssemblies\Unity.TestTools.CodeCoverage.Editor.OpenCover.Mono.Reflection.dll
Symbol file LoadedFromMemory is not a mono symbol file
Symbol file data-00000160FC5A8010 doesn't match image C:\Users\sam.hamer\Downloads\MH2Files\motionhanging2\mh2 new movement\Library\ScriptAssemblies\Unity.ProBuilder.Editor.dll
Symbol file LoadedFromMemory is not a mono symbol file
Symbol file data-0000016145706040 doesn't match image C:\Users\sam.hamer\Downloads\MH2Files\motionhanging2\mh2 new movement\Library\ScriptAssemblies\Unity.VisualScripting.SettingsProvider.Editor.dll
Symbol file LoadedFromMemory is not a mono symbol file
Symbol file data-0000016149758020 doesn't match image C:\Users\sam.hamer\Downloads\MH2Files\motionhanging2\mh2 new movement\Library\ScriptAssemblies\Unity.Performance.Profile-Analyzer.Editor.dll
Symbol file LoadedFromMemory is not a mono symbol file
Symbol file data-000001614B016020 doesn't match image C:\Users\sam.hamer\Downloads\MH2Files\motionhanging2\mh2 new movement\Library\ScriptAssemblies\Unity.TestTools.CodeCoverage.Editor.dll
Symbol file LoadedFromMemory is not a mono symbol file
Symbol file data-0000016101FCF090 doesn't match image C:\Users\sam.hamer\Downloads\MH2Files\motionhanging2\mh2 new movement\Library\ScriptAssemblies\Unity.TestTools.CodeCoverage.Editor.OpenCover.Model.dll
Symbol file LoadedFromMemory is not a mono symbol file
Symbol file data-00000160B72815F0 doesn't match image C:\Users\sam.hamer\Downloads\MH2Files\motionhanging2\mh2 new movement\Library\ScriptAssemblies\Unity.PlasticSCM.Editor.dll
Symbol file LoadedFromMemory is not a mono symbol file
Symbol file data-00000160FDC60A50 doesn't match image C:\Users\sam.hamer\Downloads\MH2Files\motionhanging2\mh2 new movement\Library\ScriptAssemblies\Unity.AI.Navigation.Updater.dll
Symbol file LoadedFromMemory is not a mono symbol file
Symbol file data-00000161461F8030 doesn't match image C:\Users\sam.hamer\Downloads\MH2Files\motionhanging2\mh2 new movement\Library\ScriptAssemblies\Unity.ProBuilder.Poly2Tri.dll
Symbol file LoadedFromMemory is not a mono symbol file
Symbol file data-0000016100FB9050 doesn't match image C:\Users\sam.hamer\Downloads\MH2Files\motionhanging2\mh2 new movement\Library\ScriptAssemblies\Unity.VisualScripting.State.Editor.dll
Symbol file LoadedFromMemory is not a mono symbol file
Symbol file data-00000160FB6F1010 doesn't match image C:\Users\sam.hamer\Downloads\MH2Files\motionhanging2\mh2 new movement\Library\ScriptAssemblies\Unity.Settings.Editor.dll
Symbol file LoadedFromMemory is not a mono symbol file
Symbol file data-0000016144D05310 doesn't match image C:\Users\sam.hamer\Downloads\MH2Files\motionhanging2\mh2 new movement\Library\ScriptAssemblies\Unity.ProBuilder.KdTree.dll
Symbol file LoadedFromMemory is not a mono symbol file
Symbol file data-00000161003A1E60 doesn't match image C:\Users\sam.hamer\Downloads\MH2Files\motionhanging2\mh2 new movement\Library\ScriptAssemblies\Unity.CollabProxy.Editor.dll
Symbol file LoadedFromMemory is not a mono symbol file
Symbol file data-0000016144FF5820 doesn't match image C:\Users\sam.hamer\Downloads\MH2Files\motionhanging2\mh2 new movement\Library\ScriptAssemblies\Unity.TextMeshPro.dll
Symbol file LoadedFromMemory is not a mono symbol file
Symbol file data-00000160FD14E010 doesn't match image C:\Users\sam.hamer\Downloads\MH2Files\motionhanging2\mh2 new movement\Library\ScriptAssemblies\Unity.TextMeshPro.Editor.dll
Symbol file LoadedFromMemory is not a mono symbol file
Symbol file data-00000161450B7020 doesn't match image C:\Users\sam.hamer\Downloads\MH2Files\motionhanging2\mh2 new movement\Library\ScriptAssemblies\Unity.AI.Navigation.Editor.dll
Symbol file LoadedFromMemory is not a mono symbol file
Symbol file data-0000016101FCF090 doesn't match image C:\Users\sam.hamer\Downloads\MH2Files\motionhanging2\mh2 new movement\Library\ScriptAssemblies\Unity.ProBuilder.AssetIdRemapUtility.dll
Symbol file LoadedFromMemory is not a mono symbol file
Symbol file data-0000016148205010 doesn't match image C:\Users\sam.hamer\Downloads\MH2Files\motionhanging2\mh2 new movement\Library\ScriptAssemblies\Unity.VisualScripting.State.dll
Symbol file LoadedFromMemory is not a mono symbol file
Symbol file data-0000015F4679F030 doesn't match image C:\Users\sam.hamer\Downloads\MH2Files\motionhanging2\mh2 new movement\Library\ScriptAssemblies\Unity.AI.Navigation.Editor.ConversionSystem.dll
Symbol file LoadedFromMemory is not a mono symbol file
Symbol file data-0000016101FCF090 doesn't match image C:\Users\sam.hamer\Downloads\MH2Files\motionhanging2\mh2 new movement\Library\ScriptAssemblies\Unity.VSCode.Editor.dll
Symbol file LoadedFromMemory is not a mono symbol file
- Loaded All Assemblies, in  0.829 seconds
Native extension for WindowsStandalone target not found
Mono: successfully reloaded assembly
- Finished resetting the current domain, in  1.338 seconds
Domain Reload Profiling: 2165ms
	BeginReloadAssembly (172ms)
		ExecutionOrderSort (0ms)
		DisableScriptedObjects (5ms)
		BackupInstance (0ms)
		ReleaseScriptingObjects (0ms)
		CreateAndSetChildDomain (35ms)
	RebuildCommonClasses (37ms)
	RebuildNativeTypeToScriptingClass (10ms)
	initialDomainReloadingComplete (31ms)
	LoadAllAssembliesAndSetupDomain (576ms)
		LoadAssemblies (626ms)
		RebuildTransferFunctionScriptingTraits (0ms)
		AnalyzeDomain (51ms)
			TypeCache.Refresh (12ms)
				TypeCache.ScanAssembly (0ms)
			ScanForSourceGeneratedMonoScriptInfo (26ms)
			ResolveRequiredComponents (12ms)
	FinalizeReload (1338ms)
		ReleaseScriptCaches (0ms)
		RebuildScriptCaches (0ms)
		SetupLoadedEditorAssemblies (412ms)
			LogAssemblyErrors (0ms)
			InitializePlatformSupportModulesInManaged (6ms)
			SetLoadedEditorAssemblies (6ms)
			RefreshPlugins (0ms)
			BeforeProcessingInitializeOnLoad (73ms)
			ProcessInitializeOnLoadAttributes (266ms)
			ProcessInitializeOnLoadMethodAttributes (55ms)
			AfterProcessingInitializeOnLoad (5ms)
			EditorAssembliesLoaded (0ms)
		ExecutionOrderSort2 (0ms)
		AwakeInstancesAfterBackupRestoration (5ms)
Refreshing native plugins compatible for Editor in 3.53 ms, found 3 plugins.
Preloading 0 native plugins for Editor in 0.00 ms.
Unloading 5275 Unused Serialized files (Serialized files now loaded: 0)
Unloading 24 unused Assets / (0.7 MB). Loaded Objects now: 5953.
Memory consumption went from 188.7 MB to 188.0 MB.
Total: 3.672200 ms (FindLiveObjects: 0.318100 ms CreateObjectMapping: 0.179200 ms MarkObjects: 2.790400 ms  DeleteObjects: 0.383100 ms)

Prepare: number of updated asset objects reloaded= 0
AssetImportParameters requested are different than current active one (requested -> active):
  custom:container-demuxer-ogg: 62fdf1f143b41e24485cea50d1cbac27 -> 
  custom:video-codec-MediaFoundation-h265: 746d11721c4dcdbdad8f713fa42b33f4 -> 
  custom:video-decoder-ogg-theora: a1e56fd34408186e4bbccfd4996cb3dc -> 
  custom:framework-win-MediaFoundation: 216162199b28c13a410421893ffa2e32 -> 
  custom:CustomObjectIndexerAttribute: 72b91833f83ae208fae7752999fa3104 -> 
  custom:container-demuxer-webm: 4f35f7cbe854078d1ac9338744f61a02 -> 
  custom:container-muxer-webm: aa71ff27fc2769a1b78a27578f13a17b -> 
  custom:video-decoder-webm-vp8: 9c59270c3fd7afecdb556c50c9e8de78 -> 
  custom:SearchIndexIgnoredProperties: e643bd26f0fe6173181afceb89e7c659 -> 
  custom:AudioImporter_EditorPlatform: d09bf68614088b80899f8185d706f6e7 -> 
  custom:video-encoder-webm-vp8: eb34c28f22e8b96e1ab97ce403110664 -> 
  custom:audio-decoder-ogg-vorbis: bf7c407c2cedff20999df2af8eb42d56 -> 
  custom:audio-encoder-webm-vorbis: bf7c407c2cedff20999df2af8eb42d56 -> 
========================================================================
Received Prepare
Caller must complete domain reload
Begin MonoManager ReloadAssembly
Symbol file data-00000161003A1E60 doesn't match image C:\Users\sam.hamer\Downloads\MH2Files\motionhanging2\mh2 new movement\Library\ScriptAssemblies\Unity.EditorCoroutines.Editor.dll
Symbol file LoadedFromMemory is not a mono symbol file
Symbol file data-0000015F46BCA360 doesn't match image C:\Users\sam.hamer\Downloads\MH2Files\motionhanging2\mh2 new movement\Library\ScriptAssemblies\Unity.AI.Navigation.dll
Symbol file LoadedFromMemory is not a mono symbol file
Symbol file data-0000016103CB2340 doesn't match image C:\Users\sam.hamer\Downloads\MH2Files\motionhanging2\mh2 new movement\Library\ScriptAssemblies\Unity.ProBuilder.Stl.dll
Symbol file LoadedFromMemory is not a mono symbol file
Symbol file data-0000016103DE4080 doesn't match image C:\Users\sam.hamer\Downloads\MH2Files\motionhanging2\mh2 new movement\Library\ScriptAssemblies\Unity.ProBuilder.dll
Symbol file LoadedFromMemory is not a mono symbol file
Symbol file data-0000016146D75090 doesn't match image C:\Users\sam.hamer\Downloads\MH2Files\motionhanging2\mh2 new movement\Library\ScriptAssemblies\Unity.Timeline.Editor.dll
Symbol file LoadedFromMemory is not a mono symbol file
Symbol file data-00000160FDC60A50 doesn't match image C:\Users\sam.hamer\Downloads\MH2Files\motionhanging2\mh2 new movement\Library\ScriptAssemblies\Unity.VisualScripting.Shared.Editor.dll
Symbol file LoadedFromMemory is not a mono symbol file
Symbol file data-000001614B016020 doesn't match image C:\Users\sam.hamer\Downloads\MH2Files\motionhanging2\mh2 new movement\Library\ScriptAssemblies\Unity.VisualStudio.Editor.dll
Symbol file LoadedFromMemory is not a mono symbol file
Symbol file data-0000016103CA0030 doesn't match image C:\Users\sam.hamer\Downloads\MH2Files\motionhanging2\mh2 new movement\Library\ScriptAssemblies\UnityEditor.UI.dll
Symbol file LoadedFromMemory is not a mono symbol file
Symbol file data-00000161486720B0 doesn't match image C:\Users\sam.hamer\Downloads\MH2Files\motionhanging2\mh2 new movement\Library\ScriptAssemblies\Unity.VisualScripting.Core.dll
Symbol file LoadedFromMemory is not a mono symbol file
Symbol file data-0000016100335050 doesn't match image C:\Users\sam.hamer\Downloads\MH2Files\motionhanging2\mh2 new movement\Library\ScriptAssemblies\Unity.VisualScripting.Core.Editor.dll
Symbol file LoadedFromMemory is not a mono symbol file
Symbol file data-00000160FB8770D0 doesn't match image C:\Users\sam.hamer\Downloads\MH2Files\motionhanging2\mh2 new movement\Library\ScriptAssemblies\Unity.Rider.Editor.dll
Symbol file LoadedFromMemory is not a mono symbol file
Symbol file data-000001614924ED00 doesn't match image C:\Users\sam.hamer\Downloads\MH2Files\motionhanging2\mh2 new movement\Library\ScriptAssemblies\Unity.ProBuilder.AddOns.Editor.dll
Symbol file LoadedFromMemory is not a mono symbol file
Symbol file data-00000160FB8ED020 doesn't match image C:\Users\sam.hamer\Downloads\MH2Files\motionhanging2\mh2 new movement\Library\ScriptAssemblies\UnityEngine.UI.dll
Symbol file LoadedFromMemory is not a mono symbol file
Symbol file data-0000015F46BCA360 doesn't match image C:\Users\sam.hamer\Downloads\MH2Files\motionhanging2\mh2 new movement\Library\ScriptAssemblies\Unity.ProBuilder.Csg.dll
Symbol file LoadedFromMemory is not a mono symbol file
Symbol file data-00000160FE02F040 doesn't match image C:\Users\sam.hamer\Downloads\MH2Files\motionhanging2\mh2 new movement\Library\ScriptAssemblies\Unity.VisualScripting.Flow.dll
Symbol file LoadedFromMemory is not a mono symbol file
Symbol file data-00000161022A0090 doesn't match image C:\Users\sam.hamer\Downloads\MH2Files\motionhanging2\mh2 new movement\Library\ScriptAssemblies\Unity.VisualScripting.Flow.Editor.dll
Symbol file LoadedFromMemory is not a mono symbol file
Symbol file data-0000016144EDE020 doesn't match image C:\Users\sam.hamer\Downloads\MH2Files\motionhanging2\mh2 new movement\Library\ScriptAssemblies\Unity.Timeline.dll
Symbol file LoadedFromMemory is not a mono symbol file
Symbol file data-0000016103CB2340 doesn't match image C:\Users\sam.hamer\Downloads\MH2Files\motionhanging2\mh2 new movement\Library\ScriptAssemblies\Unity.TestTools.CodeCoverage.Editor.OpenCover.Mono.Reflection.dll
Symbol file LoadedFromMemory is not a mono symbol file
Symbol file data-00000160FC5A8010 doesn't match image C:\Users\sam.hamer\Downloads\MH2Files\motionhanging2\mh2 new movement\Library\ScriptAssemblies\Unity.ProBuilder.Editor.dll
Symbol file LoadedFromMemory is not a mono symbol file
Symbol file data-0000016145706040 doesn't match image C:\Users\sam.hamer\Downloads\MH2Files\motionhanging2\mh2 new movement\Library\ScriptAssemblies\Unity.VisualScripting.SettingsProvider.Editor.dll
Symbol file LoadedFromMemory is not a mono symbol file
Symbol file data-0000016149758020 doesn't match image C:\Users\sam.hamer\Downloads\MH2Files\motionhanging2\mh2 new movement\Library\ScriptAssemblies\Unity.Performance.Profile-Analyzer.Editor.dll
Symbol file LoadedFromMemory is not a mono symbol file
Symbol file data-000001614B016020 doesn't match image C:\Users\sam.hamer\Downloads\MH2Files\motionhanging2\mh2 new movement\Library\ScriptAssemblies\Unity.TestTools.CodeCoverage.Editor.dll
Symbol file LoadedFromMemory is not a mono symbol file
Symbol file data-0000016101FCF090 doesn't match image C:\Users\sam.hamer\Downloads\MH2Files\motionhanging2\mh2 new movement\Library\ScriptAssemblies\Unity.TestTools.CodeCoverage.Editor.OpenCover.Model.dll
Symbol file LoadedFromMemory is not a mono symbol file
Symbol file data-00000160B72815F0 doesn't match image C:\Users\sam.hamer\Downloads\MH2Files\motionhanging2\mh2 new movement\Library\ScriptAssemblies\Unity.PlasticSCM.Editor.dll
Symbol file LoadedFromMemory is not a mono symbol file
Symbol file data-00000160FDC60A50 doesn't match image C:\Users\sam.hamer\Downloads\MH2Files\motionhanging2\mh2 new movement\Library\ScriptAssemblies\Unity.AI.Navigation.Updater.dll
Symbol file LoadedFromMemory is not a mono symbol file
Symbol file data-00000161461F8030 doesn't match image C:\Users\sam.hamer\Downloads\MH2Files\motionhanging2\mh2 new movement\Library\ScriptAssemblies\Unity.ProBuilder.Poly2Tri.dll
Symbol file LoadedFromMemory is not a mono symbol file
Symbol file data-0000016100FB9050 doesn't match image C:\Users\sam.hamer\Downloads\MH2Files\motionhanging2\mh2 new movement\Library\ScriptAssemblies\Unity.VisualScripting.State.Editor.dll
Symbol file LoadedFromMemory is not a mono symbol file
Symbol file data-00000160FB6F1010 doesn't match image C:\Users\sam.hamer\Downloads\MH2Files\motionhanging2\mh2 new movement\Library\ScriptAssemblies\Unity.Settings.Editor.dll
Symbol file LoadedFromMemory is not a mono symbol file
Symbol file data-0000016144D05310 doesn't match image C:\Users\sam.hamer\Downloads\MH2Files\motionhanging2\mh2 new movement\Library\ScriptAssemblies\Unity.ProBuilder.KdTree.dll
Symbol file LoadedFromMemory is not a mono symbol file
Symbol file data-00000161003A1E60 doesn't match image C:\Users\sam.hamer\Downloads\MH2Files\motionhanging2\mh2 new movement\Library\ScriptAssemblies\Unity.CollabProxy.Editor.dll
Symbol file LoadedFromMemory is not a mono symbol file
Symbol file data-0000016103DE4080 doesn't match image C:\Users\sam.hamer\Downloads\MH2Files\motionhanging2\mh2 new movement\Library\ScriptAssemblies\Unity.TextMeshPro.dll
Symbol file LoadedFromMemory is not a mono symbol file
Symbol file data-00000160FD14E010 doesn't match image C:\Users\sam.hamer\Downloads\MH2Files\motionhanging2\mh2 new movement\Library\ScriptAssemblies\Unity.TextMeshPro.Editor.dll
Symbol file LoadedFromMemory is not a mono symbol file
Symbol file data-00000161450B7020 doesn't match image C:\Users\sam.hamer\Downloads\MH2Files\motionhanging2\mh2 new movement\Library\ScriptAssemblies\Unity.AI.Navigation.Editor.dll
Symbol file LoadedFromMemory is not a mono symbol file
Symbol file data-0000016101FCF090 doesn't match image C:\Users\sam.hamer\Downloads\MH2Files\motionhanging2\mh2 new movement\Library\ScriptAssemblies\Unity.ProBuilder.AssetIdRemapUtility.dll
Symbol file LoadedFromMemory is not a mono symbol file
Symbol file data-0000016148205010 doesn't match image C:\Users\sam.hamer\Downloads\MH2Files\motionhanging2\mh2 new movement\Library\ScriptAssemblies\Unity.VisualScripting.State.dll
Symbol file LoadedFromMemory is not a mono symbol file
Symbol file data-0000015F4679F030 doesn't match image C:\Users\sam.hamer\Downloads\MH2Files\motionhanging2\mh2 new movement\Library\ScriptAssemblies\Unity.AI.Navigation.Editor.ConversionSystem.dll
Symbol file LoadedFromMemory is not a mono symbol file
Symbol file data-0000016101FCF090 doesn't match image C:\Users\sam.hamer\Downloads\MH2Files\motionhanging2\mh2 new movement\Library\ScriptAssemblies\Unity.VSCode.Editor.dll
Symbol file LoadedFromMemory is not a mono symbol file
- Loaded All Assemblies, in  0.509 seconds
Native extension for WindowsStandalone target not found
Mono: successfully reloaded assembly
- Finished resetting the current domain, in  1.632 seconds
Domain Reload Profiling: 2139ms
	BeginReloadAssembly (158ms)
		ExecutionOrderSort (0ms)
		DisableScriptedObjects (3ms)
		BackupInstance (0ms)
		ReleaseScriptingObjects (0ms)
		CreateAndSetChildDomain (37ms)
	RebuildCommonClasses (33ms)
	RebuildNativeTypeToScriptingClass (9ms)
	initialDomainReloadingComplete (28ms)
	LoadAllAssembliesAndSetupDomain (278ms)
		LoadAssemblies (336ms)
		RebuildTransferFunctionScriptingTraits (0ms)
		AnalyzeDomain (25ms)
			TypeCache.Refresh (11ms)
				TypeCache.ScanAssembly (0ms)
			ScanForSourceGeneratedMonoScriptInfo (0ms)
			ResolveRequiredComponents (12ms)
	FinalizeReload (1633ms)
		ReleaseScriptCaches (0ms)
		RebuildScriptCaches (0ms)
		SetupLoadedEditorAssemblies (484ms)
			LogAssemblyErrors (0ms)
			InitializePlatformSupportModulesInManaged (6ms)
			SetLoadedEditorAssemblies (4ms)
			RefreshPlugins (0ms)
			BeforeProcessingInitializeOnLoad (79ms)
			ProcessInitializeOnLoadAttributes (325ms)
			ProcessInitializeOnLoadMethodAttributes (66ms)
			AfterProcessingInitializeOnLoad (5ms)
			EditorAssembliesLoaded (0ms)
		ExecutionOrderSort2 (0ms)
		AwakeInstancesAfterBackupRestoration (6ms)
Refreshing native plugins compatible for Editor in 3.86 ms, found 3 plugins.
Preloading 0 native plugins for Editor in 0.00 ms.
Unloading 5275 Unused Serialized files (Serialized files now loaded: 0)
Unloading 24 unused Assets / (0.7 MB). Loaded Objects now: 5956.
Memory consumption went from 188.7 MB to 188.0 MB.
Total: 3.652700 ms (FindLiveObjects: 0.449300 ms CreateObjectMapping: 0.229500 ms MarkObjects: 2.560700 ms  DeleteObjects: 0.412000 ms)

Prepare: number of updated asset objects reloaded= 0
AssetImportParameters requested are different than current active one (requested -> active):
  custom:container-demuxer-ogg: 62fdf1f143b41e24485cea50d1cbac27 -> 
  custom:video-codec-MediaFoundation-h265: 746d11721c4dcdbdad8f713fa42b33f4 -> 
  custom:video-decoder-ogg-theora: a1e56fd34408186e4bbccfd4996cb3dc -> 
  custom:framework-win-MediaFoundation: 216162199b28c13a410421893ffa2e32 -> 
  custom:CustomObjectIndexerAttribute: 72b91833f83ae208fae7752999fa3104 -> 
  custom:container-demuxer-webm: 4f35f7cbe854078d1ac9338744f61a02 -> 
  custom:container-muxer-webm: aa71ff27fc2769a1b78a27578f13a17b -> 
  custom:video-decoder-webm-vp8: 9c59270c3fd7afecdb556c50c9e8de78 -> 
  custom:SearchIndexIgnoredProperties: e643bd26f0fe6173181afceb89e7c659 -> 
  custom:AudioImporter_EditorPlatform: d09bf68614088b80899f8185d706f6e7 -> 
  custom:video-encoder-webm-vp8: eb34c28f22e8b96e1ab97ce403110664 -> 
  custom:audio-decoder-ogg-vorbis: bf7c407c2cedff20999df2af8eb42d56 -> 
  custom:audio-encoder-webm-vorbis: bf7c407c2cedff20999df2af8eb42d56 -> 
========================================================================
Received Prepare
Caller must complete domain reload
Begin MonoManager ReloadAssembly
Symbol file data-00000161003A1E60 doesn't match image C:\Users\sam.hamer\Downloads\MH2Files\motionhanging2\mh2 new movement\Library\ScriptAssemblies\Unity.EditorCoroutines.Editor.dll
Symbol file LoadedFromMemory is not a mono symbol file
Symbol file data-0000015F46BCA360 doesn't match image C:\Users\sam.hamer\Downloads\MH2Files\motionhanging2\mh2 new movement\Library\ScriptAssemblies\Unity.AI.Navigation.dll
Symbol file LoadedFromMemory is not a mono symbol file
Symbol file data-0000016103CB2340 doesn't match image C:\Users\sam.hamer\Downloads\MH2Files\motionhanging2\mh2 new movement\Library\ScriptAssemblies\Unity.ProBuilder.Stl.dll
Symbol file LoadedFromMemory is not a mono symbol file
Symbol file data-0000016103DE4080 doesn't match image C:\Users\sam.hamer\Downloads\MH2Files\motionhanging2\mh2 new movement\Library\ScriptAssemblies\Unity.ProBuilder.dll
Symbol file LoadedFromMemory is not a mono symbol file
Symbol file data-0000016147A37010 doesn't match image C:\Users\sam.hamer\Downloads\MH2Files\motionhanging2\mh2 new movement\Library\ScriptAssemblies\Unity.Timeline.Editor.dll
Symbol file LoadedFromMemory is not a mono symbol file
Symbol file data-00000160FDC60A50 doesn't match image C:\Users\sam.hamer\Downloads\MH2Files\motionhanging2\mh2 new movement\Library\ScriptAssemblies\Unity.VisualScripting.Shared.Editor.dll
Symbol file LoadedFromMemory is not a mono symbol file
Symbol file data-000001614B016020 doesn't match image C:\Users\sam.hamer\Downloads\MH2Files\motionhanging2\mh2 new movement\Library\ScriptAssemblies\Unity.VisualStudio.Editor.dll
Symbol file LoadedFromMemory is not a mono symbol file
Symbol file data-0000016100FB9050 doesn't match image C:\Users\sam.hamer\Downloads\MH2Files\motionhanging2\mh2 new movement\Library\ScriptAssemblies\UnityEditor.UI.dll
Symbol file LoadedFromMemory is not a mono symbol file
Symbol file data-0000016145918030 doesn't match image C:\Users\sam.hamer\Downloads\MH2Files\motionhanging2\mh2 new movement\Library\ScriptAssemblies\Unity.VisualScripting.Core.dll
Symbol file LoadedFromMemory is not a mono symbol file
Symbol file data-0000016100335050 doesn't match image C:\Users\sam.hamer\Downloads\MH2Files\motionhanging2\mh2 new movement\Library\ScriptAssemblies\Unity.VisualScripting.Core.Editor.dll
Symbol file LoadedFromMemory is not a mono symbol file
Symbol file data-00000160FB8770D0 doesn't match image C:\Users\sam.hamer\Downloads\MH2Files\motionhanging2\mh2 new movement\Library\ScriptAssemblies\Unity.Rider.Editor.dll
Symbol file LoadedFromMemory is not a mono symbol file
Symbol file data-000001614924ED00 doesn't match image C:\Users\sam.hamer\Downloads\MH2Files\motionhanging2\mh2 new movement\Library\ScriptAssemblies\Unity.ProBuilder.AddOns.Editor.dll
Symbol file LoadedFromMemory is not a mono symbol file
Symbol file data-000001614761A020 doesn't match image C:\Users\sam.hamer\Downloads\MH2Files\motionhanging2\mh2 new movement\Library\ScriptAssemblies\UnityEngine.UI.dll
Symbol file LoadedFromMemory is not a mono symbol file
Symbol file data-0000015F46BCA360 doesn't match image C:\Users\sam.hamer\Downloads\MH2Files\motionhanging2\mh2 new movement\Library\ScriptAssemblies\Unity.ProBuilder.Csg.dll
Symbol file LoadedFromMemory is not a mono symbol file
Symbol file data-00000160FC5A8010 doesn't match image C:\Users\sam.hamer\Downloads\MH2Files\motionhanging2\mh2 new movement\Library\ScriptAssemblies\Unity.VisualScripting.Flow.dll
Symbol file LoadedFromMemory is not a mono symbol file
Symbol file data-0000016149010080 doesn't match image C:\Users\sam.hamer\Downloads\MH2Files\motionhanging2\mh2 new movement\Library\ScriptAssemblies\Unity.VisualScripting.Flow.Editor.dll
Symbol file LoadedFromMemory is not a mono symbol file
Symbol file data-0000016146737020 doesn't match image C:\Users\sam.hamer\Downloads\MH2Files\motionhanging2\mh2 new movement\Library\ScriptAssemblies\Unity.Timeline.dll
Symbol file LoadedFromMemory is not a mono symbol file
Symbol file data-0000016103CB2340 doesn't match image C:\Users\sam.hamer\Downloads\MH2Files\motionhanging2\mh2 new movement\Library\ScriptAssemblies\Unity.TestTools.CodeCoverage.Editor.OpenCover.Mono.Reflection.dll
Symbol file LoadedFromMemory is not a mono symbol file
Symbol file data-00000160FC5A8010 doesn't match image C:\Users\sam.hamer\Downloads\MH2Files\motionhanging2\mh2 new movement\Library\ScriptAssemblies\Unity.ProBuilder.Editor.dll
Symbol file LoadedFromMemory is not a mono symbol file
Symbol file data-0000016100B28010 doesn't match image C:\Users\sam.hamer\Downloads\MH2Files\motionhanging2\mh2 new movement\Library\ScriptAssemblies\Unity.VisualScripting.SettingsProvider.Editor.dll
Symbol file LoadedFromMemory is not a mono symbol file
Symbol file data-0000016149010080 doesn't match image C:\Users\sam.hamer\Downloads\MH2Files\motionhanging2\mh2 new movement\Library\ScriptAssemblies\Unity.Performance.Profile-Analyzer.Editor.dll
Symbol file LoadedFromMemory is not a mono symbol file
Symbol file data-000001614B016020 doesn't match image C:\Users\sam.hamer\Downloads\MH2Files\motionhanging2\mh2 new movement\Library\ScriptAssemblies\Unity.TestTools.CodeCoverage.Editor.dll
Symbol file LoadedFromMemory is not a mono symbol file
Symbol file data-0000016101F37330 doesn't match image C:\Users\sam.hamer\Downloads\MH2Files\motionhanging2\mh2 new movement\Library\ScriptAssemblies\Unity.TestTools.CodeCoverage.Editor.OpenCover.Model.dll
Symbol file LoadedFromMemory is not a mono symbol file
Symbol file data-00000160B72815F0 doesn't match image C:\Users\sam.hamer\Downloads\MH2Files\motionhanging2\mh2 new movement\Library\ScriptAssemblies\Unity.PlasticSCM.Editor.dll
Symbol file LoadedFromMemory is not a mono symbol file
Symbol file data-00000160FDC60A50 doesn't match image C:\Users\sam.hamer\Downloads\MH2Files\motionhanging2\mh2 new movement\Library\ScriptAssemblies\Unity.AI.Navigation.Updater.dll
Symbol file LoadedFromMemory is not a mono symbol file
Symbol file data-0000016102F80050 doesn't match image C:\Users\sam.hamer\Downloads\MH2Files\motionhanging2\mh2 new movement\Library\ScriptAssemblies\Unity.ProBuilder.Poly2Tri.dll
Symbol file LoadedFromMemory is not a mono symbol file
Symbol file data-0000016100FB9050 doesn't match image C:\Users\sam.hamer\Downloads\MH2Files\motionhanging2\mh2 new movement\Library\ScriptAssemblies\Unity.VisualScripting.State.Editor.dll
Symbol file LoadedFromMemory is not a mono symbol file
Symbol file data-000001610323BDF0 doesn't match image C:\Users\sam.hamer\Downloads\MH2Files\motionhanging2\mh2 new movement\Library\ScriptAssemblies\Unity.Settings.Editor.dll
Symbol file LoadedFromMemory is not a mono symbol file
Symbol file data-0000016101F37330 doesn't match image C:\Users\sam.hamer\Downloads\MH2Files\motionhanging2\mh2 new movement\Library\ScriptAssemblies\Unity.ProBuilder.KdTree.dll
Symbol file LoadedFromMemory is not a mono symbol file
Symbol file data-00000160FDC60A50 doesn't match image C:\Users\sam.hamer\Downloads\MH2Files\motionhanging2\mh2 new movement\Library\ScriptAssemblies\Unity.CollabProxy.Editor.dll
Symbol file LoadedFromMemory is not a mono symbol file
Symbol file data-0000016103DE4080 doesn't match image C:\Users\sam.hamer\Downloads\MH2Files\motionhanging2\mh2 new movement\Library\ScriptAssemblies\Unity.TextMeshPro.dll
Symbol file LoadedFromMemory is not a mono symbol file
Symbol file data-0000016146737020 doesn't match image C:\Users\sam.hamer\Downloads\MH2Files\motionhanging2\mh2 new movement\Library\ScriptAssemblies\Unity.TextMeshPro.Editor.dll
Symbol file LoadedFromMemory is not a mono symbol file
Symbol file data-00000161450B7020 doesn't match image C:\Users\sam.hamer\Downloads\MH2Files\motionhanging2\mh2 new movement\Library\ScriptAssemblies\Unity.AI.Navigation.Editor.dll
Symbol file LoadedFromMemory is not a mono symbol file
Symbol file data-0000016101F37330 doesn't match image C:\Users\sam.hamer\Downloads\MH2Files\motionhanging2\mh2 new movement\Library\ScriptAssemblies\Unity.ProBuilder.AssetIdRemapUtility.dll
Symbol file LoadedFromMemory is not a mono symbol file
Symbol file data-0000016101F37330 doesn't match image C:\Users\sam.hamer\Downloads\MH2Files\motionhanging2\mh2 new movement\Library\ScriptAssemblies\Unity.VisualScripting.State.dll
Symbol file LoadedFromMemory is not a mono symbol file
Symbol file data-0000016101F37330 doesn't match image C:\Users\sam.hamer\Downloads\MH2Files\motionhanging2\mh2 new movement\Library\ScriptAssemblies\Unity.AI.Navigation.Editor.ConversionSystem.dll
Symbol file LoadedFromMemory is not a mono symbol file
Symbol file data-0000016101F37330 doesn't match image C:\Users\sam.hamer\Downloads\MH2Files\motionhanging2\mh2 new movement\Library\ScriptAssemblies\Unity.VSCode.Editor.dll
Symbol file LoadedFromMemory is not a mono symbol file
- Loaded All Assemblies, in  0.498 seconds
Native extension for WindowsStandalone target not found
Mono: successfully reloaded assembly
- Finished resetting the current domain, in  1.030 seconds
Domain Reload Profiling: 1526ms
	BeginReloadAssembly (152ms)
		ExecutionOrderSort (0ms)
		DisableScriptedObjects (4ms)
		BackupInstance (0ms)
		ReleaseScriptingObjects (0ms)
		CreateAndSetChildDomain (30ms)
	RebuildCommonClasses (32ms)
	RebuildNativeTypeToScriptingClass (10ms)
	initialDomainReloadingComplete (24ms)
	LoadAllAssembliesAndSetupDomain (279ms)
		LoadAssemblies (312ms)
		RebuildTransferFunctionScriptingTraits (0ms)
		AnalyzeDomain (51ms)
			TypeCache.Refresh (17ms)
				TypeCache.ScanAssembly (1ms)
			ScanForSourceGeneratedMonoScriptInfo (22ms)
			ResolveRequiredComponents (10ms)
	FinalizeReload (1030ms)
		ReleaseScriptCaches (0ms)
		RebuildScriptCaches (0ms)
		SetupLoadedEditorAssemblies (409ms)
			LogAssemblyErrors (0ms)
			InitializePlatformSupportModulesInManaged (4ms)
			SetLoadedEditorAssemblies (5ms)
			RefreshPlugins (0ms)
			BeforeProcessingInitializeOnLoad (71ms)
			ProcessInitializeOnLoadAttributes (268ms)
			ProcessInitializeOnLoadMethodAttributes (54ms)
			AfterProcessingInitializeOnLoad (6ms)
			EditorAssembliesLoaded (0ms)
		ExecutionOrderSort2 (0ms)
		AwakeInstancesAfterBackupRestoration (6ms)
Refreshing native plugins compatible for Editor in 3.01 ms, found 3 plugins.
Preloading 0 native plugins for Editor in 0.00 ms.
Unloading 5275 Unused Serialized files (Serialized files now loaded: 0)
Unloading 24 unused Assets / (0.8 MB). Loaded Objects now: 5959.
Memory consumption went from 188.7 MB to 188.0 MB.
Total: 4.016800 ms (FindLiveObjects: 0.800600 ms CreateObjectMapping: 0.498000 ms MarkObjects: 2.399400 ms  DeleteObjects: 0.315500 ms)

Prepare: number of updated asset objects reloaded= 0
AssetImportParameters requested are different than current active one (requested -> active):
  custom:container-demuxer-ogg: 62fdf1f143b41e24485cea50d1cbac27 -> 
  custom:video-codec-MediaFoundation-h265: 746d11721c4dcdbdad8f713fa42b33f4 -> 
  custom:video-decoder-ogg-theora: a1e56fd34408186e4bbccfd4996cb3dc -> 
  custom:framework-win-MediaFoundation: 216162199b28c13a410421893ffa2e32 -> 
  custom:CustomObjectIndexerAttribute: 72b91833f83ae208fae7752999fa3104 -> 
  custom:container-demuxer-webm: 4f35f7cbe854078d1ac9338744f61a02 -> 
  custom:container-muxer-webm: aa71ff27fc2769a1b78a27578f13a17b -> 
  custom:video-decoder-webm-vp8: 9c59270c3fd7afecdb556c50c9e8de78 -> 
  custom:SearchIndexIgnoredProperties: e643bd26f0fe6173181afceb89e7c659 -> 
  custom:AudioImporter_EditorPlatform: d09bf68614088b80899f8185d706f6e7 -> 
  custom:video-encoder-webm-vp8: eb34c28f22e8b96e1ab97ce403110664 -> 
  custom:audio-decoder-ogg-vorbis: bf7c407c2cedff20999df2af8eb42d56 -> 
  custom:audio-encoder-webm-vorbis: bf7c407c2cedff20999df2af8eb42d56 -> 
========================================================================
Received Prepare
Caller must complete domain reload
Begin MonoManager ReloadAssembly
Symbol file data-00000161003A1E60 doesn't match image C:\Users\sam.hamer\Downloads\MH2Files\motionhanging2\mh2 new movement\Library\ScriptAssemblies\Unity.EditorCoroutines.Editor.dll
Symbol file LoadedFromMemory is not a mono symbol file
Symbol file data-0000015F46BCA360 doesn't match image C:\Users\sam.hamer\Downloads\MH2Files\motionhanging2\mh2 new movement\Library\ScriptAssemblies\Unity.AI.Navigation.dll
Symbol file LoadedFromMemory is not a mono symbol file
Symbol file data-0000016103CB2340 doesn't match image C:\Users\sam.hamer\Downloads\MH2Files\motionhanging2\mh2 new movement\Library\ScriptAssemblies\Unity.ProBuilder.Stl.dll
Symbol file LoadedFromMemory is not a mono symbol file
Symbol file data-0000016103DE4080 doesn't match image C:\Users\sam.hamer\Downloads\MH2Files\motionhanging2\mh2 new movement\Library\ScriptAssemblies\Unity.ProBuilder.dll
Symbol file LoadedFromMemory is not a mono symbol file
Symbol file data-0000016147A37010 doesn't match image C:\Users\sam.hamer\Downloads\MH2Files\motionhanging2\mh2 new movement\Library\ScriptAssemblies\Unity.Timeline.Editor.dll
Symbol file LoadedFromMemory is not a mono symbol file
Symbol file data-00000160FDC60A50 doesn't match image C:\Users\sam.hamer\Downloads\MH2Files\motionhanging2\mh2 new movement\Library\ScriptAssemblies\Unity.VisualScripting.Shared.Editor.dll
Symbol file LoadedFromMemory is not a mono symbol file
Symbol file data-000001614B016020 doesn't match image C:\Users\sam.hamer\Downloads\MH2Files\motionhanging2\mh2 new movement\Library\ScriptAssemblies\Unity.VisualStudio.Editor.dll
Symbol file LoadedFromMemory is not a mono symbol file
Symbol file data-0000015F46DB0010 doesn't match image C:\Users\sam.hamer\Downloads\MH2Files\motionhanging2\mh2 new movement\Library\ScriptAssemblies\UnityEditor.UI.dll
Symbol file LoadedFromMemory is not a mono symbol file
Symbol file data-00000160B72815F0 doesn't match image C:\Users\sam.hamer\Downloads\MH2Files\motionhanging2\mh2 new movement\Library\ScriptAssemblies\Unity.VisualScripting.Core.dll
Symbol file LoadedFromMemory is not a mono symbol file
Symbol file data-0000016100335050 doesn't match image C:\Users\sam.hamer\Downloads\MH2Files\motionhanging2\mh2 new movement\Library\ScriptAssemblies\Unity.VisualScripting.Core.Editor.dll
Symbol file LoadedFromMemory is not a mono symbol file
Symbol file data-00000160FB8770D0 doesn't match image C:\Users\sam.hamer\Downloads\MH2Files\motionhanging2\mh2 new movement\Library\ScriptAssemblies\Unity.Rider.Editor.dll
Symbol file LoadedFromMemory is not a mono symbol file
Symbol file data-0000016100D4D010 doesn't match image C:\Users\sam.hamer\Downloads\MH2Files\motionhanging2\mh2 new movement\Library\ScriptAssemblies\Unity.ProBuilder.AddOns.Editor.dll
Symbol file LoadedFromMemory is not a mono symbol file
Symbol file data-000001614761A020 doesn't match image C:\Users\sam.hamer\Downloads\MH2Files\motionhanging2\mh2 new movement\Library\ScriptAssemblies\UnityEngine.UI.dll
Symbol file LoadedFromMemory is not a mono symbol file
Symbol file data-0000015F46BCA360 doesn't match image C:\Users\sam.hamer\Downloads\MH2Files\motionhanging2\mh2 new movement\Library\ScriptAssemblies\Unity.ProBuilder.Csg.dll
Symbol file LoadedFromMemory is not a mono symbol file
Symbol file data-00000160FC5A8010 doesn't match image C:\Users\sam.hamer\Downloads\MH2Files\motionhanging2\mh2 new movement\Library\ScriptAssemblies\Unity.VisualScripting.Flow.dll
Symbol file LoadedFromMemory is not a mono symbol file
Symbol file data-000001614E46B030 doesn't match image C:\Users\sam.hamer\Downloads\MH2Files\motionhanging2\mh2 new movement\Library\ScriptAssemblies\Unity.VisualScripting.Flow.Editor.dll
Symbol file LoadedFromMemory is not a mono symbol file
Symbol file data-0000016146737020 doesn't match image C:\Users\sam.hamer\Downloads\MH2Files\motionhanging2\mh2 new movement\Library\ScriptAssemblies\Unity.Timeline.dll
Symbol file LoadedFromMemory is not a mono symbol file
Symbol file data-0000016103CB2340 doesn't match image C:\Users\sam.hamer\Downloads\MH2Files\motionhanging2\mh2 new movement\Library\ScriptAssemblies\Unity.TestTools.CodeCoverage.Editor.OpenCover.Mono.Reflection.dll
Symbol file LoadedFromMemory is not a mono symbol file
Symbol file data-00000160FC5A8010 doesn't match image C:\Users\sam.hamer\Downloads\MH2Files\motionhanging2\mh2 new movement\Library\ScriptAssemblies\Unity.ProBuilder.Editor.dll
Symbol file LoadedFromMemory is not a mono symbol file
Symbol file data-0000016100B28010 doesn't match image C:\Users\sam.hamer\Downloads\MH2Files\motionhanging2\mh2 new movement\Library\ScriptAssemblies\Unity.VisualScripting.SettingsProvider.Editor.dll
Symbol file LoadedFromMemory is not a mono symbol file
Symbol file data-000001614E46B030 doesn't match image C:\Users\sam.hamer\Downloads\MH2Files\motionhanging2\mh2 new movement\Library\ScriptAssemblies\Unity.Performance.Profile-Analyzer.Editor.dll
Symbol file LoadedFromMemory is not a mono symbol file
Symbol file data-000001614B016020 doesn't match image C:\Users\sam.hamer\Downloads\MH2Files\motionhanging2\mh2 new movement\Library\ScriptAssemblies\Unity.TestTools.CodeCoverage.Editor.dll
Symbol file LoadedFromMemory is not a mono symbol file
Symbol file data-0000016101F37330 doesn't match image C:\Users\sam.hamer\Downloads\MH2Files\motionhanging2\mh2 new movement\Library\ScriptAssemblies\Unity.TestTools.CodeCoverage.Editor.OpenCover.Model.dll
Symbol file LoadedFromMemory is not a mono symbol file
Symbol file data-00000160B72815F0 doesn't match image C:\Users\sam.hamer\Downloads\MH2Files\motionhanging2\mh2 new movement\Library\ScriptAssemblies\Unity.PlasticSCM.Editor.dll
Symbol file LoadedFromMemory is not a mono symbol file
Symbol file data-0000016103FE7010 doesn't match image C:\Users\sam.hamer\Downloads\MH2Files\motionhanging2\mh2 new movement\Library\ScriptAssemblies\Unity.AI.Navigation.Updater.dll
Symbol file LoadedFromMemory is not a mono symbol file
Symbol file data-0000016102F80050 doesn't match image C:\Users\sam.hamer\Downloads\MH2Files\motionhanging2\mh2 new movement\Library\ScriptAssemblies\Unity.ProBuilder.Poly2Tri.dll
Symbol file LoadedFromMemory is not a mono symbol file
Symbol file data-0000015F46DB0010 doesn't match image C:\Users\sam.hamer\Downloads\MH2Files\motionhanging2\mh2 new movement\Library\ScriptAssemblies\Unity.VisualScripting.State.Editor.dll
Symbol file LoadedFromMemory is not a mono symbol file
Symbol file data-00000161024AE340 doesn't match image C:\Users\sam.hamer\Downloads\MH2Files\motionhanging2\mh2 new movement\Library\ScriptAssemblies\Unity.Settings.Editor.dll
Symbol file LoadedFromMemory is not a mono symbol file
Symbol file data-0000016101F37330 doesn't match image C:\Users\sam.hamer\Downloads\MH2Files\motionhanging2\mh2 new movement\Library\ScriptAssemblies\Unity.ProBuilder.KdTree.dll
Symbol file LoadedFromMemory is not a mono symbol file
Symbol file data-00000160FDC60A50 doesn't match image C:\Users\sam.hamer\Downloads\MH2Files\motionhanging2\mh2 new movement\Library\ScriptAssemblies\Unity.CollabProxy.Editor.dll
Symbol file LoadedFromMemory is not a mono symbol file
Symbol file data-0000016103DE4080 doesn't match image C:\Users\sam.hamer\Downloads\MH2Files\motionhanging2\mh2 new movement\Library\ScriptAssemblies\Unity.TextMeshPro.dll
Symbol file LoadedFromMemory is not a mono symbol file
Symbol file data-0000016146737020 doesn't match image C:\Users\sam.hamer\Downloads\MH2Files\motionhanging2\mh2 new movement\Library\ScriptAssemblies\Unity.TextMeshPro.Editor.dll
Symbol file LoadedFromMemory is not a mono symbol file
Symbol file data-00000161450B7020 doesn't match image C:\Users\sam.hamer\Downloads\MH2Files\motionhanging2\mh2 new movement\Library\ScriptAssemblies\Unity.AI.Navigation.Editor.dll
Symbol file LoadedFromMemory is not a mono symbol file
Symbol file data-0000016101F37330 doesn't match image C:\Users\sam.hamer\Downloads\MH2Files\motionhanging2\mh2 new movement\Library\ScriptAssemblies\Unity.ProBuilder.AssetIdRemapUtility.dll
Symbol file LoadedFromMemory is not a mono symbol file
Symbol file data-0000016101F37330 doesn't match image C:\Users\sam.hamer\Downloads\MH2Files\motionhanging2\mh2 new movement\Library\ScriptAssemblies\Unity.VisualScripting.State.dll
Symbol file LoadedFromMemory is not a mono symbol file
Symbol file data-0000016101F37330 doesn't match image C:\Users\sam.hamer\Downloads\MH2Files\motionhanging2\mh2 new movement\Library\ScriptAssemblies\Unity.AI.Navigation.Editor.ConversionSystem.dll
Symbol file LoadedFromMemory is not a mono symbol file
Symbol file data-0000016101F37330 doesn't match image C:\Users\sam.hamer\Downloads\MH2Files\motionhanging2\mh2 new movement\Library\ScriptAssemblies\Unity.VSCode.Editor.dll
Symbol file LoadedFromMemory is not a mono symbol file
- Loaded All Assemblies, in  0.427 seconds
Native extension for WindowsStandalone target not found
Mono: successfully reloaded assembly
- Finished resetting the current domain, in  1.009 seconds
Domain Reload Profiling: 1434ms
	BeginReloadAssembly (134ms)
		ExecutionOrderSort (0ms)
		DisableScriptedObjects (4ms)
		BackupInstance (0ms)
		ReleaseScriptingObjects (0ms)
		CreateAndSetChildDomain (27ms)
	RebuildCommonClasses (31ms)
	RebuildNativeTypeToScriptingClass (10ms)
	initialDomainReloadingComplete (21ms)
	LoadAllAssembliesAndSetupDomain (229ms)
		LoadAssemblies (277ms)
		RebuildTransferFunctionScriptingTraits (0ms)
		AnalyzeDomain (23ms)
			TypeCache.Refresh (9ms)
				TypeCache.ScanAssembly (0ms)
			ScanForSourceGeneratedMonoScriptInfo (0ms)
			ResolveRequiredComponents (12ms)
	FinalizeReload (1010ms)
		ReleaseScriptCaches (0ms)
		RebuildScriptCaches (0ms)
		SetupLoadedEditorAssemblies (447ms)
			LogAssemblyErrors (0ms)
			InitializePlatformSupportModulesInManaged (5ms)
			SetLoadedEditorAssemblies (5ms)
			RefreshPlugins (0ms)
			BeforeProcessingInitializeOnLoad (73ms)
			ProcessInitializeOnLoadAttributes (295ms)
			ProcessInitializeOnLoadMethodAttributes (63ms)
			AfterProcessingInitializeOnLoad (6ms)
			EditorAssembliesLoaded (0ms)
		ExecutionOrderSort2 (0ms)
		AwakeInstancesAfterBackupRestoration (6ms)
Refreshing native plugins compatible for Editor in 4.17 ms, found 3 plugins.
Preloading 0 native plugins for Editor in 0.00 ms.
Unloading 5275 Unused Serialized files (Serialized files now loaded: 0)
Unloading 24 unused Assets / (0.7 MB). Loaded Objects now: 5962.
Memory consumption went from 188.7 MB to 188.0 MB.
Total: 5.042100 ms (FindLiveObjects: 0.490500 ms CreateObjectMapping: 0.362500 ms MarkObjects: 3.743200 ms  DeleteObjects: 0.444300 ms)

Prepare: number of updated asset objects reloaded= 0
AssetImportParameters requested are different than current active one (requested -> active):
  custom:container-demuxer-ogg: 62fdf1f143b41e24485cea50d1cbac27 -> 
  custom:video-codec-MediaFoundation-h265: 746d11721c4dcdbdad8f713fa42b33f4 -> 
  custom:video-decoder-ogg-theora: a1e56fd34408186e4bbccfd4996cb3dc -> 
  custom:framework-win-MediaFoundation: 216162199b28c13a410421893ffa2e32 -> 
  custom:CustomObjectIndexerAttribute: 72b91833f83ae208fae7752999fa3104 -> 
  custom:container-demuxer-webm: 4f35f7cbe854078d1ac9338744f61a02 -> 
  custom:container-muxer-webm: aa71ff27fc2769a1b78a27578f13a17b -> 
  custom:video-decoder-webm-vp8: 9c59270c3fd7afecdb556c50c9e8de78 -> 
  custom:SearchIndexIgnoredProperties: e643bd26f0fe6173181afceb89e7c659 -> 
  custom:AudioImporter_EditorPlatform: d09bf68614088b80899f8185d706f6e7 -> 
  custom:video-encoder-webm-vp8: eb34c28f22e8b96e1ab97ce403110664 -> 
  custom:audio-decoder-ogg-vorbis: bf7c407c2cedff20999df2af8eb42d56 -> 
  custom:audio-encoder-webm-vorbis: bf7c407c2cedff20999df2af8eb42d56 -> 
========================================================================
Received Import Request.
  Time since last request: 3003.233290 seconds.
  path: Assets/Scenes/Basic Movement/Level1.unity
  artifactKey: Guid(b553dd0cb22a94b49aa8faba9a449662) Importer(815301076,1909f56bfc062723c751e8b465ee728b)
Start importing Assets/Scenes/Basic Movement/Level1.unity using Guid(b553dd0cb22a94b49aa8faba9a449662) Importer(815301076,1909f56bfc062723c751e8b465ee728b) [PhysX] Initialized MultithreadedTaskDispatcher with 12 workers.
 -> (artifact id: 'af3691050adb2f3dbcb2c4ae169faef6') in 0.005370 seconds
Number of updated asset objects reloaded before import = 0
Number of asset objects unloaded after import = 0
========================================================================
Received Prepare
Caller must complete domain reload
Begin MonoManager ReloadAssembly
Symbol file data-00000161003A1E60 doesn't match image C:\Users\sam.hamer\Downloads\MH2Files\motionhanging2\mh2 new movement\Library\ScriptAssemblies\Unity.EditorCoroutines.Editor.dll
Symbol file LoadedFromMemory is not a mono symbol file
Symbol file data-0000016146DBF020 doesn't match image C:\Users\sam.hamer\Downloads\MH2Files\motionhanging2\mh2 new movement\Library\ScriptAssemblies\Unity.AI.Navigation.dll
Symbol file LoadedFromMemory is not a mono symbol file
Symbol file data-0000016103CB2340 doesn't match image C:\Users\sam.hamer\Downloads\MH2Files\motionhanging2\mh2 new movement\Library\ScriptAssemblies\Unity.ProBuilder.Stl.dll
Symbol file LoadedFromMemory is not a mono symbol file
Symbol file data-0000016144FF5820 doesn't match image C:\Users\sam.hamer\Downloads\MH2Files\motionhanging2\mh2 new movement\Library\ScriptAssemblies\Unity.ProBuilder.dll
Symbol file LoadedFromMemory is not a mono symbol file
Symbol file data-000001614C0B2050 doesn't match image C:\Users\sam.hamer\Downloads\MH2Files\motionhanging2\mh2 new movement\Library\ScriptAssemblies\Unity.Timeline.Editor.dll
Symbol file LoadedFromMemory is not a mono symbol file
Symbol file data-0000016146075040 doesn't match image C:\Users\sam.hamer\Downloads\MH2Files\motionhanging2\mh2 new movement\Library\ScriptAssemblies\Unity.VisualScripting.Shared.Editor.dll
Symbol file LoadedFromMemory is not a mono symbol file
Symbol file data-0000016148325040 doesn't match image C:\Users\sam.hamer\Downloads\MH2Files\motionhanging2\mh2 new movement\Library\ScriptAssemblies\Unity.VisualStudio.Editor.dll
Symbol file LoadedFromMemory is not a mono symbol file
Symbol file data-0000016144F54810 doesn't match image C:\Users\sam.hamer\Downloads\MH2Files\motionhanging2\mh2 new movement\Library\ScriptAssemblies\UnityEditor.UI.dll
Symbol file LoadedFromMemory is not a mono symbol file
Symbol file data-0000016103981050 doesn't match image C:\Users\sam.hamer\Downloads\MH2Files\motionhanging2\mh2 new movement\Library\ScriptAssemblies\Unity.VisualScripting.Core.dll
Symbol file LoadedFromMemory is not a mono symbol file
Symbol file data-0000015F46871090 doesn't match image C:\Users\sam.hamer\Downloads\MH2Files\motionhanging2\mh2 new movement\Library\ScriptAssemblies\Unity.VisualScripting.Core.Editor.dll
Symbol file LoadedFromMemory is not a mono symbol file
Symbol file data-00000160FB8770D0 doesn't match image C:\Users\sam.hamer\Downloads\MH2Files\motionhanging2\mh2 new movement\Library\ScriptAssemblies\Unity.Rider.Editor.dll
Symbol file LoadedFromMemory is not a mono symbol file
Symbol file data-000001614674ED00 doesn't match image C:\Users\sam.hamer\Downloads\MH2Files\motionhanging2\mh2 new movement\Library\ScriptAssemblies\Unity.ProBuilder.AddOns.Editor.dll
Symbol file LoadedFromMemory is not a mono symbol file
Symbol file data-000001614A965040 doesn't match image C:\Users\sam.hamer\Downloads\MH2Files\motionhanging2\mh2 new movement\Library\ScriptAssemblies\UnityEngine.UI.dll
Symbol file LoadedFromMemory is not a mono symbol file
Symbol file data-0000016145526020 doesn't match image C:\Users\sam.hamer\Downloads\MH2Files\motionhanging2\mh2 new movement\Library\ScriptAssemblies\Unity.ProBuilder.Csg.dll
Symbol file LoadedFromMemory is not a mono symbol file
Symbol file data-00000161023B4020 doesn't match image C:\Users\sam.hamer\Downloads\MH2Files\motionhanging2\mh2 new movement\Library\ScriptAssemblies\Unity.VisualScripting.Flow.dll
Symbol file LoadedFromMemory is not a mono symbol file
Symbol file data-00000161022A0090 doesn't match image C:\Users\sam.hamer\Downloads\MH2Files\motionhanging2\mh2 new movement\Library\ScriptAssemblies\Unity.VisualScripting.Flow.Editor.dll
Symbol file LoadedFromMemory is not a mono symbol file
Symbol file data-0000016145EAF030 doesn't match image C:\Users\sam.hamer\Downloads\MH2Files\motionhanging2\mh2 new movement\Library\ScriptAssemblies\Unity.Timeline.dll
Symbol file LoadedFromMemory is not a mono symbol file
Symbol file data-0000016145455460 doesn't match image C:\Users\sam.hamer\Downloads\MH2Files\motionhanging2\mh2 new movement\Library\ScriptAssemblies\Unity.TestTools.CodeCoverage.Editor.OpenCover.Mono.Reflection.dll
Symbol file LoadedFromMemory is not a mono symbol file
Symbol file data-00000160FC5A8010 doesn't match image C:\Users\sam.hamer\Downloads\MH2Files\motionhanging2\mh2 new movement\Library\ScriptAssemblies\Unity.ProBuilder.Editor.dll
Symbol file LoadedFromMemory is not a mono symbol file
Symbol file data-00000161039DB030 doesn't match image C:\Users\sam.hamer\Downloads\MH2Files\motionhanging2\mh2 new movement\Library\ScriptAssemblies\Unity.VisualScripting.SettingsProvider.Editor.dll
Symbol file LoadedFromMemory is not a mono symbol file
Symbol file data-0000016146C99040 doesn't match image C:\Users\sam.hamer\Downloads\MH2Files\motionhanging2\mh2 new movement\Library\ScriptAssemblies\Unity.Performance.Profile-Analyzer.Editor.dll
Symbol file LoadedFromMemory is not a mono symbol file
Symbol file data-0000015F46D3F040 doesn't match image C:\Users\sam.hamer\Downloads\MH2Files\motionhanging2\mh2 new movement\Library\ScriptAssemblies\Unity.TestTools.CodeCoverage.Editor.dll
Symbol file LoadedFromMemory is not a mono symbol file
Symbol file data-0000016148AEA040 doesn't match image C:\Users\sam.hamer\Downloads\MH2Files\motionhanging2\mh2 new movement\Library\ScriptAssemblies\Unity.TestTools.CodeCoverage.Editor.OpenCover.Model.dll
Symbol file LoadedFromMemory is not a mono symbol file
Symbol file data-00000160B72815F0 doesn't match image C:\Users\sam.hamer\Downloads\MH2Files\motionhanging2\mh2 new movement\Library\ScriptAssemblies\Unity.PlasticSCM.Editor.dll
Symbol file LoadedFromMemory is not a mono symbol file
Symbol file data-0000016146A71B00 doesn't match image C:\Users\sam.hamer\Downloads\MH2Files\motionhanging2\mh2 new movement\Library\ScriptAssemblies\Unity.AI.Navigation.Updater.dll
Symbol file LoadedFromMemory is not a mono symbol file
Symbol file data-00000160B72CD130 doesn't match image C:\Users\sam.hamer\Downloads\MH2Files\motionhanging2\mh2 new movement\Library\ScriptAssemblies\Unity.ProBuilder.Poly2Tri.dll
Symbol file LoadedFromMemory is not a mono symbol file
Symbol file data-0000015F46A9B260 doesn't match image C:\Users\sam.hamer\Downloads\MH2Files\motionhanging2\mh2 new movement\Library\ScriptAssemblies\Unity.VisualScripting.State.Editor.dll
Symbol file LoadedFromMemory is not a mono symbol file
Symbol file data-0000016147728030 doesn't match image C:\Users\sam.hamer\Downloads\MH2Files\motionhanging2\mh2 new movement\Library\ScriptAssemblies\Unity.Settings.Editor.dll
Symbol file LoadedFromMemory is not a mono symbol file
Symbol file data-0000016144D05310 doesn't match image C:\Users\sam.hamer\Downloads\MH2Files\motionhanging2\mh2 new movement\Library\ScriptAssemblies\Unity.ProBuilder.KdTree.dll
Symbol file LoadedFromMemory is not a mono symbol file
Symbol file data-0000016100D4D010 doesn't match image C:\Users\sam.hamer\Downloads\MH2Files\motionhanging2\mh2 new movement\Library\ScriptAssemblies\Unity.CollabProxy.Editor.dll
Symbol file LoadedFromMemory is not a mono symbol file
Symbol file data-0000016144FF5820 doesn't match image C:\Users\sam.hamer\Downloads\MH2Files\motionhanging2\mh2 new movement\Library\ScriptAssemblies\Unity.TextMeshPro.dll
Symbol file LoadedFromMemory is not a mono symbol file
Symbol file data-00000160FD14E010 doesn't match image C:\Users\sam.hamer\Downloads\MH2Files\motionhanging2\mh2 new movement\Library\ScriptAssemblies\Unity.TextMeshPro.Editor.dll
Symbol file LoadedFromMemory is not a mono symbol file
Symbol file data-000001614B486040 doesn't match image C:\Users\sam.hamer\Downloads\MH2Files\motionhanging2\mh2 new movement\Library\ScriptAssemblies\Unity.AI.Navigation.Editor.dll
Symbol file LoadedFromMemory is not a mono symbol file
Symbol file data-0000016148AEA040 doesn't match image C:\Users\sam.hamer\Downloads\MH2Files\motionhanging2\mh2 new movement\Library\ScriptAssemblies\Unity.ProBuilder.AssetIdRemapUtility.dll
Symbol file LoadedFromMemory is not a mono symbol file
Symbol file data-0000016148205010 doesn't match image C:\Users\sam.hamer\Downloads\MH2Files\motionhanging2\mh2 new movement\Library\ScriptAssemblies\Unity.VisualScripting.State.dll
Symbol file LoadedFromMemory is not a mono symbol file
Symbol file data-0000016146DBF020 doesn't match image C:\Users\sam.hamer\Downloads\MH2Files\motionhanging2\mh2 new movement\Library\ScriptAssemblies\Unity.AI.Navigation.Editor.ConversionSystem.dll
Symbol file LoadedFromMemory is not a mono symbol file
Symbol file data-00000160FAD3D020 doesn't match image C:\Users\sam.hamer\Downloads\MH2Files\motionhanging2\mh2 new movement\Library\ScriptAssemblies\Unity.VSCode.Editor.dll
Symbol file LoadedFromMemory is not a mono symbol file
- Loaded All Assemblies, in  0.453 seconds
Native extension for WindowsStandalone target not found
Mono: successfully reloaded assembly
- Finished resetting the current domain, in  0.992 seconds
Domain Reload Profiling: 1442ms
	BeginReloadAssembly (153ms)
		ExecutionOrderSort (0ms)
		DisableScriptedObjects (3ms)
		BackupInstance (0ms)
		ReleaseScriptingObjects (0ms)
		CreateAndSetChildDomain (34ms)
	RebuildCommonClasses (28ms)
	RebuildNativeTypeToScriptingClass (8ms)
	initialDomainReloadingComplete (31ms)
	LoadAllAssembliesAndSetupDomain (229ms)
		LoadAssemblies (292ms)
		RebuildTransferFunctionScriptingTraits (0ms)
		AnalyzeDomain (19ms)
			TypeCache.Refresh (7ms)
				TypeCache.ScanAssembly (0ms)
			ScanForSourceGeneratedMonoScriptInfo (0ms)
			ResolveRequiredComponents (10ms)
	FinalizeReload (992ms)
		ReleaseScriptCaches (0ms)
		RebuildScriptCaches (0ms)
		SetupLoadedEditorAssemblies (436ms)
			LogAssemblyErrors (0ms)
			InitializePlatformSupportModulesInManaged (6ms)
			SetLoadedEditorAssemblies (4ms)
			RefreshPlugins (0ms)
			BeforeProcessingInitializeOnLoad (74ms)
			ProcessInitializeOnLoadAttributes (278ms)
			ProcessInitializeOnLoadMethodAttributes (69ms)
			AfterProcessingInitializeOnLoad (4ms)
			EditorAssembliesLoaded (0ms)
		ExecutionOrderSort2 (0ms)
		AwakeInstancesAfterBackupRestoration (5ms)
Refreshing native plugins compatible for Editor in 3.29 ms, found 3 plugins.
Preloading 0 native plugins for Editor in 0.00 ms.
Unloading 5274 Unused Serialized files (Serialized files now loaded: 0)
Unloading 24 unused Assets / (0.7 MB). Loaded Objects now: 5965.
Memory consumption went from 188.5 MB to 187.7 MB.
Total: 3.317800 ms (FindLiveObjects: 0.396600 ms CreateObjectMapping: 0.340200 ms MarkObjects: 2.252500 ms  DeleteObjects: 0.327500 ms)

Prepare: number of updated asset objects reloaded= 0
AssetImportParameters requested are different than current active one (requested -> active):
  custom:container-demuxer-ogg: 62fdf1f143b41e24485cea50d1cbac27 -> 
  custom:video-codec-MediaFoundation-h265: 746d11721c4dcdbdad8f713fa42b33f4 -> 
  custom:video-decoder-ogg-theora: a1e56fd34408186e4bbccfd4996cb3dc -> 
  custom:framework-win-MediaFoundation: 216162199b28c13a410421893ffa2e32 -> 
  custom:CustomObjectIndexerAttribute: 72b91833f83ae208fae7752999fa3104 -> 
  custom:container-demuxer-webm: 4f35f7cbe854078d1ac9338744f61a02 -> 
  custom:container-muxer-webm: aa71ff27fc2769a1b78a27578f13a17b -> 
  custom:video-decoder-webm-vp8: 9c59270c3fd7afecdb556c50c9e8de78 -> 
  custom:SearchIndexIgnoredProperties: e643bd26f0fe6173181afceb89e7c659 -> 
  custom:AudioImporter_EditorPlatform: d09bf68614088b80899f8185d706f6e7 -> 
  custom:video-encoder-webm-vp8: eb34c28f22e8b96e1ab97ce403110664 -> 
  custom:audio-decoder-ogg-vorbis: bf7c407c2cedff20999df2af8eb42d56 -> 
  custom:audio-encoder-webm-vorbis: bf7c407c2cedff20999df2af8eb42d56 -> 
========================================================================
Received Import Request.
  Time since last request: 13.771897 seconds.
  path: Assets/Scenes/Basic Movement/Level2.unity
  artifactKey: Guid(f24f75f53e2990647b6a6c43715d71de) Importer(815301076,1909f56bfc062723c751e8b465ee728b)
Start importing Assets/Scenes/Basic Movement/Level2.unity using Guid(f24f75f53e2990647b6a6c43715d71de) Importer(815301076,1909f56bfc062723c751e8b465ee728b) [PhysX] Initialized MultithreadedTaskDispatcher with 12 workers.
 -> (artifact id: 'e116b6d7664091e2ed0f3505c8478bd2') in 0.009190 seconds
Number of updated asset objects reloaded before import = 0
Number of asset objects unloaded after import = 0
========================================================================
Received Prepare
Caller must complete domain reload
Begin MonoManager ReloadAssembly
Symbol file data-000001614F462030 doesn't match image C:\Users\sam.hamer\Downloads\MH2Files\motionhanging2\mh2 new movement\Library\ScriptAssemblies\Unity.EditorCoroutines.Editor.dll
Symbol file LoadedFromMemory is not a mono symbol file
Symbol file data-000001614F6B0A70 doesn't match image C:\Users\sam.hamer\Downloads\MH2Files\motionhanging2\mh2 new movement\Library\ScriptAssemblies\Unity.AI.Navigation.dll
Symbol file LoadedFromMemory is not a mono symbol file
Symbol file data-0000016103CB2340 doesn't match image C:\Users\sam.hamer\Downloads\MH2Files\motionhanging2\mh2 new movement\Library\ScriptAssemblies\Unity.ProBuilder.Stl.dll
Symbol file LoadedFromMemory is not a mono symbol file
Symbol file data-00000161023B4020 doesn't match image C:\Users\sam.hamer\Downloads\MH2Files\motionhanging2\mh2 new movement\Library\ScriptAssemblies\Unity.ProBuilder.dll
Symbol file LoadedFromMemory is not a mono symbol file
Symbol file data-000001614C0B2050 doesn't match image C:\Users\sam.hamer\Downloads\MH2Files\motionhanging2\mh2 new movement\Library\ScriptAssemblies\Unity.Timeline.Editor.dll
Symbol file LoadedFromMemory is not a mono symbol file
Symbol file data-0000016146075040 doesn't match image C:\Users\sam.hamer\Downloads\MH2Files\motionhanging2\mh2 new movement\Library\ScriptAssemblies\Unity.VisualScripting.Shared.Editor.dll
Symbol file LoadedFromMemory is not a mono symbol file
Symbol file data-0000016148325040 doesn't match image C:\Users\sam.hamer\Downloads\MH2Files\motionhanging2\mh2 new movement\Library\ScriptAssemblies\Unity.VisualStudio.Editor.dll
Symbol file LoadedFromMemory is not a mono symbol file
Symbol file data-0000016144F54810 doesn't match image C:\Users\sam.hamer\Downloads\MH2Files\motionhanging2\mh2 new movement\Library\ScriptAssemblies\UnityEditor.UI.dll
Symbol file LoadedFromMemory is not a mono symbol file
Symbol file data-0000016103981050 doesn't match image C:\Users\sam.hamer\Downloads\MH2Files\motionhanging2\mh2 new movement\Library\ScriptAssemblies\Unity.VisualScripting.Core.dll
Symbol file LoadedFromMemory is not a mono symbol file
Symbol file data-0000015F46871090 doesn't match image C:\Users\sam.hamer\Downloads\MH2Files\motionhanging2\mh2 new movement\Library\ScriptAssemblies\Unity.VisualScripting.Core.Editor.dll
Symbol file LoadedFromMemory is not a mono symbol file
Symbol file data-00000160FB8770D0 doesn't match image C:\Users\sam.hamer\Downloads\MH2Files\motionhanging2\mh2 new movement\Library\ScriptAssemblies\Unity.Rider.Editor.dll
Symbol file LoadedFromMemory is not a mono symbol file
Symbol file data-000001614674ED00 doesn't match image C:\Users\sam.hamer\Downloads\MH2Files\motionhanging2\mh2 new movement\Library\ScriptAssemblies\Unity.ProBuilder.AddOns.Editor.dll
Symbol file LoadedFromMemory is not a mono symbol file
Symbol file data-000001614E49B050 doesn't match image C:\Users\sam.hamer\Downloads\MH2Files\motionhanging2\mh2 new movement\Library\ScriptAssemblies\UnityEngine.UI.dll
Symbol file LoadedFromMemory is not a mono symbol file
Symbol file data-0000016145D0D150 doesn't match image C:\Users\sam.hamer\Downloads\MH2Files\motionhanging2\mh2 new movement\Library\ScriptAssemblies\Unity.ProBuilder.Csg.dll
Symbol file LoadedFromMemory is not a mono symbol file
Symbol file data-00000161023B4020 doesn't match image C:\Users\sam.hamer\Downloads\MH2Files\motionhanging2\mh2 new movement\Library\ScriptAssemblies\Unity.VisualScripting.Flow.dll
Symbol file LoadedFromMemory is not a mono symbol file
Symbol file data-0000016145415440 doesn't match image C:\Users\sam.hamer\Downloads\MH2Files\motionhanging2\mh2 new movement\Library\ScriptAssemblies\Unity.VisualScripting.Flow.Editor.dll
Symbol file LoadedFromMemory is not a mono symbol file
Symbol file data-0000016145EAF030 doesn't match image C:\Users\sam.hamer\Downloads\MH2Files\motionhanging2\mh2 new movement\Library\ScriptAssemblies\Unity.Timeline.dll
Symbol file LoadedFromMemory is not a mono symbol file
Symbol file data-0000016145455460 doesn't match image C:\Users\sam.hamer\Downloads\MH2Files\motionhanging2\mh2 new movement\Library\ScriptAssemblies\Unity.TestTools.CodeCoverage.Editor.OpenCover.Mono.Reflection.dll
Symbol file LoadedFromMemory is not a mono symbol file
Symbol file data-0000016101F87010 doesn't match image C:\Users\sam.hamer\Downloads\MH2Files\motionhanging2\mh2 new movement\Library\ScriptAssemblies\Unity.ProBuilder.Editor.dll
Symbol file LoadedFromMemory is not a mono symbol file
Symbol file data-0000016146A628E0 doesn't match image C:\Users\sam.hamer\Downloads\MH2Files\motionhanging2\mh2 new movement\Library\ScriptAssemblies\Unity.VisualScripting.SettingsProvider.Editor.dll
Symbol file LoadedFromMemory is not a mono symbol file
Symbol file data-0000016146C99040 doesn't match image C:\Users\sam.hamer\Downloads\MH2Files\motionhanging2\mh2 new movement\Library\ScriptAssemblies\Unity.Performance.Profile-Analyzer.Editor.dll
Symbol file LoadedFromMemory is not a mono symbol file
Symbol file data-0000015F46D3F040 doesn't match image C:\Users\sam.hamer\Downloads\MH2Files\motionhanging2\mh2 new movement\Library\ScriptAssemblies\Unity.TestTools.CodeCoverage.Editor.dll
Symbol file LoadedFromMemory is not a mono symbol file
Symbol file data-000001614F97A040 doesn't match image C:\Users\sam.hamer\Downloads\MH2Files\motionhanging2\mh2 new movement\Library\ScriptAssemblies\Unity.TestTools.CodeCoverage.Editor.OpenCover.Model.dll
Symbol file LoadedFromMemory is not a mono symbol file
Symbol file data-00000160B72815F0 doesn't match image C:\Users\sam.hamer\Downloads\MH2Files\motionhanging2\mh2 new movement\Library\ScriptAssemblies\Unity.PlasticSCM.Editor.dll
Symbol file LoadedFromMemory is not a mono symbol file
Symbol file data-0000016146A71B00 doesn't match image C:\Users\sam.hamer\Downloads\MH2Files\motionhanging2\mh2 new movement\Library\ScriptAssemblies\Unity.AI.Navigation.Updater.dll
Symbol file LoadedFromMemory is not a mono symbol file
Symbol file data-00000160B72CD130 doesn't match image C:\Users\sam.hamer\Downloads\MH2Files\motionhanging2\mh2 new movement\Library\ScriptAssemblies\Unity.ProBuilder.Poly2Tri.dll
Symbol file LoadedFromMemory is not a mono symbol file
Symbol file data-0000015F46A9B260 doesn't match image C:\Users\sam.hamer\Downloads\MH2Files\motionhanging2\mh2 new movement\Library\ScriptAssemblies\Unity.VisualScripting.State.Editor.dll
Symbol file LoadedFromMemory is not a mono symbol file
Symbol file data-0000016147728030 doesn't match image C:\Users\sam.hamer\Downloads\MH2Files\motionhanging2\mh2 new movement\Library\ScriptAssemblies\Unity.Settings.Editor.dll
Symbol file LoadedFromMemory is not a mono symbol file
Symbol file data-0000016144D05310 doesn't match image C:\Users\sam.hamer\Downloads\MH2Files\motionhanging2\mh2 new movement\Library\ScriptAssemblies\Unity.ProBuilder.KdTree.dll
Symbol file LoadedFromMemory is not a mono symbol file
Symbol file data-0000016100D4D010 doesn't match image C:\Users\sam.hamer\Downloads\MH2Files\motionhanging2\mh2 new movement\Library\ScriptAssemblies\Unity.CollabProxy.Editor.dll
Symbol file LoadedFromMemory is not a mono symbol file
Symbol file data-00000161023B4020 doesn't match image C:\Users\sam.hamer\Downloads\MH2Files\motionhanging2\mh2 new movement\Library\ScriptAssemblies\Unity.TextMeshPro.dll
Symbol file LoadedFromMemory is not a mono symbol file
Symbol file data-00000160FD14E010 doesn't match image C:\Users\sam.hamer\Downloads\MH2Files\motionhanging2\mh2 new movement\Library\ScriptAssemblies\Unity.TextMeshPro.Editor.dll
Symbol file LoadedFromMemory is not a mono symbol file
Symbol file data-000001614B486040 doesn't match image C:\Users\sam.hamer\Downloads\MH2Files\motionhanging2\mh2 new movement\Library\ScriptAssemblies\Unity.AI.Navigation.Editor.dll
Symbol file LoadedFromMemory is not a mono symbol file
Symbol file data-000001614F97A040 doesn't match image C:\Users\sam.hamer\Downloads\MH2Files\motionhanging2\mh2 new movement\Library\ScriptAssemblies\Unity.ProBuilder.AssetIdRemapUtility.dll
Symbol file LoadedFromMemory is not a mono symbol file
Symbol file data-0000016148205010 doesn't match image C:\Users\sam.hamer\Downloads\MH2Files\motionhanging2\mh2 new movement\Library\ScriptAssemblies\Unity.VisualScripting.State.dll
Symbol file LoadedFromMemory is not a mono symbol file
Symbol file data-000001614F6B0A70 doesn't match image C:\Users\sam.hamer\Downloads\MH2Files\motionhanging2\mh2 new movement\Library\ScriptAssemblies\Unity.AI.Navigation.Editor.ConversionSystem.dll
Symbol file LoadedFromMemory is not a mono symbol file
Symbol file data-00000160FAD3D020 doesn't match image C:\Users\sam.hamer\Downloads\MH2Files\motionhanging2\mh2 new movement\Library\ScriptAssemblies\Unity.VSCode.Editor.dll
Symbol file LoadedFromMemory is not a mono symbol file
- Loaded All Assemblies, in  0.449 seconds
Native extension for WindowsStandalone target not found
Mono: successfully reloaded assembly
- Finished resetting the current domain, in  1.033 seconds
Domain Reload Profiling: 1480ms
	BeginReloadAssembly (147ms)
		ExecutionOrderSort (0ms)
		DisableScriptedObjects (3ms)
		BackupInstance (0ms)
		ReleaseScriptingObjects (0ms)
		CreateAndSetChildDomain (34ms)
	RebuildCommonClasses (29ms)
	RebuildNativeTypeToScriptingClass (10ms)
	initialDomainReloadingComplete (24ms)
	LoadAllAssembliesAndSetupDomain (236ms)
		LoadAssemblies (296ms)
		RebuildTransferFunctionScriptingTraits (0ms)
		AnalyzeDomain (17ms)
			TypeCache.Refresh (7ms)
				TypeCache.ScanAssembly (0ms)
			ScanForSourceGeneratedMonoScriptInfo (0ms)
			ResolveRequiredComponents (8ms)
	FinalizeReload (1034ms)
		ReleaseScriptCaches (0ms)
		RebuildScriptCaches (0ms)
		SetupLoadedEditorAssemblies (455ms)
			LogAssemblyErrors (0ms)
			InitializePlatformSupportModulesInManaged (6ms)
			SetLoadedEditorAssemblies (5ms)
			RefreshPlugins (0ms)
			BeforeProcessingInitializeOnLoad (74ms)
			ProcessInitializeOnLoadAttributes (303ms)
			ProcessInitializeOnLoadMethodAttributes (63ms)
			AfterProcessingInitializeOnLoad (5ms)
			EditorAssembliesLoaded (0ms)
		ExecutionOrderSort2 (0ms)
		AwakeInstancesAfterBackupRestoration (6ms)
Refreshing native plugins compatible for Editor in 4.21 ms, found 3 plugins.
Preloading 0 native plugins for Editor in 0.00 ms.
Unloading 5274 Unused Serialized files (Serialized files now loaded: 0)
Unloading 24 unused Assets / (0.7 MB). Loaded Objects now: 5968.
Memory consumption went from 188.5 MB to 187.7 MB.
Total: 4.001700 ms (FindLiveObjects: 0.426600 ms CreateObjectMapping: 0.236700 ms MarkObjects: 2.916100 ms  DeleteObjects: 0.420700 ms)

Prepare: number of updated asset objects reloaded= 0
AssetImportParameters requested are different than current active one (requested -> active):
  custom:container-demuxer-ogg: 62fdf1f143b41e24485cea50d1cbac27 -> 
  custom:video-codec-MediaFoundation-h265: 746d11721c4dcdbdad8f713fa42b33f4 -> 
  custom:video-decoder-ogg-theora: a1e56fd34408186e4bbccfd4996cb3dc -> 
  custom:framework-win-MediaFoundation: 216162199b28c13a410421893ffa2e32 -> 
  custom:CustomObjectIndexerAttribute: 72b91833f83ae208fae7752999fa3104 -> 
  custom:container-demuxer-webm: 4f35f7cbe854078d1ac9338744f61a02 -> 
  custom:container-muxer-webm: aa71ff27fc2769a1b78a27578f13a17b -> 
  custom:video-decoder-webm-vp8: 9c59270c3fd7afecdb556c50c9e8de78 -> 
  custom:SearchIndexIgnoredProperties: e643bd26f0fe6173181afceb89e7c659 -> 
  custom:AudioImporter_EditorPlatform: d09bf68614088b80899f8185d706f6e7 -> 
  custom:video-encoder-webm-vp8: eb34c28f22e8b96e1ab97ce403110664 -> 
  custom:audio-decoder-ogg-vorbis: bf7c407c2cedff20999df2af8eb42d56 -> 
  custom:audio-encoder-webm-vorbis: bf7c407c2cedff20999df2af8eb42d56 -> 
========================================================================
Received Import Request.
  Time since last request: 29.025064 seconds.
  path: Assets/Scenes/Basic Movement/Level3.unity
  artifactKey: Guid(82bca4d034f1a394d8dd22ca9f92391d) Importer(815301076,1909f56bfc062723c751e8b465ee728b)
Start importing Assets/Scenes/Basic Movement/Level3.unity using Guid(82bca4d034f1a394d8dd22ca9f92391d) Importer(815301076,1909f56bfc062723c751e8b465ee728b) [PhysX] Initialized MultithreadedTaskDispatcher with 12 workers.
 -> (artifact id: 'ae5e9e90251e449fcb833cc65601f0cf') in 0.010642 seconds
Number of updated asset objects reloaded before import = 0
Number of asset objects unloaded after import = 0
========================================================================
Received Prepare
Caller must complete domain reload
Begin MonoManager ReloadAssembly
Symbol file data-000001614F462030 doesn't match image C:\Users\sam.hamer\Downloads\MH2Files\motionhanging2\mh2 new movement\Library\ScriptAssemblies\Unity.EditorCoroutines.Editor.dll
Symbol file LoadedFromMemory is not a mono symbol file
Symbol file data-000001614F6B0A70 doesn't match image C:\Users\sam.hamer\Downloads\MH2Files\motionhanging2\mh2 new movement\Library\ScriptAssemblies\Unity.AI.Navigation.dll
Symbol file LoadedFromMemory is not a mono symbol file
Symbol file data-0000016103CB2340 doesn't match image C:\Users\sam.hamer\Downloads\MH2Files\motionhanging2\mh2 new movement\Library\ScriptAssemblies\Unity.ProBuilder.Stl.dll
Symbol file LoadedFromMemory is not a mono symbol file
Symbol file data-0000016144FF5820 doesn't match image C:\Users\sam.hamer\Downloads\MH2Files\motionhanging2\mh2 new movement\Library\ScriptAssemblies\Unity.ProBuilder.dll
Symbol file LoadedFromMemory is not a mono symbol file
Symbol file data-000001614C0B2050 doesn't match image C:\Users\sam.hamer\Downloads\MH2Files\motionhanging2\mh2 new movement\Library\ScriptAssemblies\Unity.Timeline.Editor.dll
Symbol file LoadedFromMemory is not a mono symbol file
Symbol file data-000001614AB30030 doesn't match image C:\Users\sam.hamer\Downloads\MH2Files\motionhanging2\mh2 new movement\Library\ScriptAssemblies\Unity.VisualScripting.Shared.Editor.dll
Symbol file LoadedFromMemory is not a mono symbol file
Symbol file data-0000016148325040 doesn't match image C:\Users\sam.hamer\Downloads\MH2Files\motionhanging2\mh2 new movement\Library\ScriptAssemblies\Unity.VisualStudio.Editor.dll
Symbol file LoadedFromMemory is not a mono symbol file
Symbol file data-0000016144F54810 doesn't match image C:\Users\sam.hamer\Downloads\MH2Files\motionhanging2\mh2 new movement\Library\ScriptAssemblies\UnityEditor.UI.dll
Symbol file LoadedFromMemory is not a mono symbol file
Symbol file data-0000016103981050 doesn't match image C:\Users\sam.hamer\Downloads\MH2Files\motionhanging2\mh2 new movement\Library\ScriptAssemblies\Unity.VisualScripting.Core.dll
Symbol file LoadedFromMemory is not a mono symbol file
Symbol file data-000001614E3AB020 doesn't match image C:\Users\sam.hamer\Downloads\MH2Files\motionhanging2\mh2 new movement\Library\ScriptAssemblies\Unity.VisualScripting.Core.Editor.dll
Symbol file LoadedFromMemory is not a mono symbol file
Symbol file data-00000160FB8770D0 doesn't match image C:\Users\sam.hamer\Downloads\MH2Files\motionhanging2\mh2 new movement\Library\ScriptAssemblies\Unity.Rider.Editor.dll
Symbol file LoadedFromMemory is not a mono symbol file
Symbol file data-000001614674ED00 doesn't match image C:\Users\sam.hamer\Downloads\MH2Files\motionhanging2\mh2 new movement\Library\ScriptAssemblies\Unity.ProBuilder.AddOns.Editor.dll
Symbol file LoadedFromMemory is not a mono symbol file
Symbol file data-000001614E49B050 doesn't match image C:\Users\sam.hamer\Downloads\MH2Files\motionhanging2\mh2 new movement\Library\ScriptAssemblies\UnityEngine.UI.dll
Symbol file LoadedFromMemory is not a mono symbol file
Symbol file data-0000016145526020 doesn't match image C:\Users\sam.hamer\Downloads\MH2Files\motionhanging2\mh2 new movement\Library\ScriptAssemblies\Unity.ProBuilder.Csg.dll
Symbol file LoadedFromMemory is not a mono symbol file
Symbol file data-00000161023B4020 doesn't match image C:\Users\sam.hamer\Downloads\MH2Files\motionhanging2\mh2 new movement\Library\ScriptAssemblies\Unity.VisualScripting.Flow.dll
Symbol file LoadedFromMemory is not a mono symbol file
Symbol file data-0000016145415440 doesn't match image C:\Users\sam.hamer\Downloads\MH2Files\motionhanging2\mh2 new movement\Library\ScriptAssemblies\Unity.VisualScripting.Flow.Editor.dll
Symbol file LoadedFromMemory is not a mono symbol file
Symbol file data-0000016145EAF030 doesn't match image C:\Users\sam.hamer\Downloads\MH2Files\motionhanging2\mh2 new movement\Library\ScriptAssemblies\Unity.Timeline.dll
Symbol file LoadedFromMemory is not a mono symbol file
Symbol file data-0000016145455460 doesn't match image C:\Users\sam.hamer\Downloads\MH2Files\motionhanging2\mh2 new movement\Library\ScriptAssemblies\Unity.TestTools.CodeCoverage.Editor.OpenCover.Mono.Reflection.dll
Symbol file LoadedFromMemory is not a mono symbol file
Symbol file data-0000016101F87010 doesn't match image C:\Users\sam.hamer\Downloads\MH2Files\motionhanging2\mh2 new movement\Library\ScriptAssemblies\Unity.ProBuilder.Editor.dll
Symbol file LoadedFromMemory is not a mono symbol file
Symbol file data-0000016146A628E0 doesn't match image C:\Users\sam.hamer\Downloads\MH2Files\motionhanging2\mh2 new movement\Library\ScriptAssemblies\Unity.VisualScripting.SettingsProvider.Editor.dll
Symbol file LoadedFromMemory is not a mono symbol file
Symbol file data-0000016146C99040 doesn't match image C:\Users\sam.hamer\Downloads\MH2Files\motionhanging2\mh2 new movement\Library\ScriptAssemblies\Unity.Performance.Profile-Analyzer.Editor.dll
Symbol file LoadedFromMemory is not a mono symbol file
Symbol file data-0000015F46D3F040 doesn't match image C:\Users\sam.hamer\Downloads\MH2Files\motionhanging2\mh2 new movement\Library\ScriptAssemblies\Unity.TestTools.CodeCoverage.Editor.dll
Symbol file LoadedFromMemory is not a mono symbol file
Symbol file data-000001614F97A040 doesn't match image C:\Users\sam.hamer\Downloads\MH2Files\motionhanging2\mh2 new movement\Library\ScriptAssemblies\Unity.TestTools.CodeCoverage.Editor.OpenCover.Model.dll
Symbol file LoadedFromMemory is not a mono symbol file
Symbol file data-00000160B72815F0 doesn't match image C:\Users\sam.hamer\Downloads\MH2Files\motionhanging2\mh2 new movement\Library\ScriptAssemblies\Unity.PlasticSCM.Editor.dll
Symbol file LoadedFromMemory is not a mono symbol file
Symbol file data-0000016146A71B00 doesn't match image C:\Users\sam.hamer\Downloads\MH2Files\motionhanging2\mh2 new movement\Library\ScriptAssemblies\Unity.AI.Navigation.Updater.dll
Symbol file LoadedFromMemory is not a mono symbol file
Symbol file data-00000160B72CD130 doesn't match image C:\Users\sam.hamer\Downloads\MH2Files\motionhanging2\mh2 new movement\Library\ScriptAssemblies\Unity.ProBuilder.Poly2Tri.dll
Symbol file LoadedFromMemory is not a mono symbol file
Symbol file data-0000015F46A9B260 doesn't match image C:\Users\sam.hamer\Downloads\MH2Files\motionhanging2\mh2 new movement\Library\ScriptAssemblies\Unity.VisualScripting.State.Editor.dll
Symbol file LoadedFromMemory is not a mono symbol file
Symbol file data-0000016147728030 doesn't match image C:\Users\sam.hamer\Downloads\MH2Files\motionhanging2\mh2 new movement\Library\ScriptAssemblies\Unity.Settings.Editor.dll
Symbol file LoadedFromMemory is not a mono symbol file
Symbol file data-0000016144D05310 doesn't match image C:\Users\sam.hamer\Downloads\MH2Files\motionhanging2\mh2 new movement\Library\ScriptAssemblies\Unity.ProBuilder.KdTree.dll
Symbol file LoadedFromMemory is not a mono symbol file
Symbol file data-0000016100D4D010 doesn't match image C:\Users\sam.hamer\Downloads\MH2Files\motionhanging2\mh2 new movement\Library\ScriptAssemblies\Unity.CollabProxy.Editor.dll
Symbol file LoadedFromMemory is not a mono symbol file
Symbol file data-0000016144FF5820 doesn't match image C:\Users\sam.hamer\Downloads\MH2Files\motionhanging2\mh2 new movement\Library\ScriptAssemblies\Unity.TextMeshPro.dll
Symbol file LoadedFromMemory is not a mono symbol file
Symbol file data-00000160FD14E010 doesn't match image C:\Users\sam.hamer\Downloads\MH2Files\motionhanging2\mh2 new movement\Library\ScriptAssemblies\Unity.TextMeshPro.Editor.dll
Symbol file LoadedFromMemory is not a mono symbol file
Symbol file data-000001614B486040 doesn't match image C:\Users\sam.hamer\Downloads\MH2Files\motionhanging2\mh2 new movement\Library\ScriptAssemblies\Unity.AI.Navigation.Editor.dll
Symbol file LoadedFromMemory is not a mono symbol file
Symbol file data-000001614F97A040 doesn't match image C:\Users\sam.hamer\Downloads\MH2Files\motionhanging2\mh2 new movement\Library\ScriptAssemblies\Unity.ProBuilder.AssetIdRemapUtility.dll
Symbol file LoadedFromMemory is not a mono symbol file
Symbol file data-0000016148205010 doesn't match image C:\Users\sam.hamer\Downloads\MH2Files\motionhanging2\mh2 new movement\Library\ScriptAssemblies\Unity.VisualScripting.State.dll
Symbol file LoadedFromMemory is not a mono symbol file
Symbol file data-000001614F6B0A70 doesn't match image C:\Users\sam.hamer\Downloads\MH2Files\motionhanging2\mh2 new movement\Library\ScriptAssemblies\Unity.AI.Navigation.Editor.ConversionSystem.dll
Symbol file LoadedFromMemory is not a mono symbol file
Symbol file data-00000160FAD3D020 doesn't match image C:\Users\sam.hamer\Downloads\MH2Files\motionhanging2\mh2 new movement\Library\ScriptAssemblies\Unity.VSCode.Editor.dll
Symbol file LoadedFromMemory is not a mono symbol file
- Loaded All Assemblies, in  0.457 seconds
Native extension for WindowsStandalone target not found
Mono: successfully reloaded assembly
- Finished resetting the current domain, in  1.014 seconds
Domain Reload Profiling: 1469ms
	BeginReloadAssembly (135ms)
		ExecutionOrderSort (0ms)
		DisableScriptedObjects (3ms)
		BackupInstance (0ms)
		ReleaseScriptingObjects (0ms)
		CreateAndSetChildDomain (28ms)
	RebuildCommonClasses (26ms)
	RebuildNativeTypeToScriptingClass (10ms)
	initialDomainReloadingComplete (26ms)
	LoadAllAssembliesAndSetupDomain (259ms)
		LoadAssemblies (311ms)
		RebuildTransferFunctionScriptingTraits (0ms)
		AnalyzeDomain (18ms)
			TypeCache.Refresh (6ms)
				TypeCache.ScanAssembly (0ms)
			ScanForSourceGeneratedMonoScriptInfo (0ms)
			ResolveRequiredComponents (10ms)
	FinalizeReload (1014ms)
		ReleaseScriptCaches (0ms)
		RebuildScriptCaches (0ms)
		SetupLoadedEditorAssemblies (448ms)
			LogAssemblyErrors (0ms)
			InitializePlatformSupportModulesInManaged (6ms)
			SetLoadedEditorAssemblies (6ms)
			RefreshPlugins (0ms)
			BeforeProcessingInitializeOnLoad (75ms)
			ProcessInitializeOnLoadAttributes (292ms)
			ProcessInitializeOnLoadMethodAttributes (64ms)
			AfterProcessingInitializeOnLoad (5ms)
			EditorAssembliesLoaded (0ms)
		ExecutionOrderSort2 (0ms)
		AwakeInstancesAfterBackupRestoration (6ms)
Refreshing native plugins compatible for Editor in 4.29 ms, found 3 plugins.
Preloading 0 native plugins for Editor in 0.00 ms.
Unloading 5274 Unused Serialized files (Serialized files now loaded: 0)
Unloading 24 unused Assets / (0.7 MB). Loaded Objects now: 5971.
Memory consumption went from 188.5 MB to 187.8 MB.
Total: 3.666200 ms (FindLiveObjects: 0.362500 ms CreateObjectMapping: 0.236200 ms MarkObjects: 2.643500 ms  DeleteObjects: 0.422500 ms)

Prepare: number of updated asset objects reloaded= 0
AssetImportParameters requested are different than current active one (requested -> active):
  custom:container-demuxer-ogg: 62fdf1f143b41e24485cea50d1cbac27 -> 
  custom:video-codec-MediaFoundation-h265: 746d11721c4dcdbdad8f713fa42b33f4 -> 
  custom:video-decoder-ogg-theora: a1e56fd34408186e4bbccfd4996cb3dc -> 
  custom:framework-win-MediaFoundation: 216162199b28c13a410421893ffa2e32 -> 
  custom:CustomObjectIndexerAttribute: 72b91833f83ae208fae7752999fa3104 -> 
  custom:container-demuxer-webm: 4f35f7cbe854078d1ac9338744f61a02 -> 
  custom:container-muxer-webm: aa71ff27fc2769a1b78a27578f13a17b -> 
  custom:video-decoder-webm-vp8: 9c59270c3fd7afecdb556c50c9e8de78 -> 
  custom:SearchIndexIgnoredProperties: e643bd26f0fe6173181afceb89e7c659 -> 
  custom:AudioImporter_EditorPlatform: d09bf68614088b80899f8185d706f6e7 -> 
  custom:video-encoder-webm-vp8: eb34c28f22e8b96e1ab97ce403110664 -> 
  custom:audio-decoder-ogg-vorbis: bf7c407c2cedff20999df2af8eb42d56 -> 
  custom:audio-encoder-webm-vorbis: bf7c407c2cedff20999df2af8eb42d56 -> 
========================================================================
Received Prepare
Caller must complete domain reload
Begin MonoManager ReloadAssembly
Symbol file data-000001614F462030 doesn't match image C:\Users\sam.hamer\Downloads\MH2Files\motionhanging2\mh2 new movement\Library\ScriptAssemblies\Unity.EditorCoroutines.Editor.dll
Symbol file LoadedFromMemory is not a mono symbol file
Symbol file data-000001614F6B0A70 doesn't match image C:\Users\sam.hamer\Downloads\MH2Files\motionhanging2\mh2 new movement\Library\ScriptAssemblies\Unity.AI.Navigation.dll
Symbol file LoadedFromMemory is not a mono symbol file
Symbol file data-0000016103CB2340 doesn't match image C:\Users\sam.hamer\Downloads\MH2Files\motionhanging2\mh2 new movement\Library\ScriptAssemblies\Unity.ProBuilder.Stl.dll
Symbol file LoadedFromMemory is not a mono symbol file
Symbol file data-00000161023B4020 doesn't match image C:\Users\sam.hamer\Downloads\MH2Files\motionhanging2\mh2 new movement\Library\ScriptAssemblies\Unity.ProBuilder.dll
Symbol file LoadedFromMemory is not a mono symbol file
Symbol file data-000001614C0B2050 doesn't match image C:\Users\sam.hamer\Downloads\MH2Files\motionhanging2\mh2 new movement\Library\ScriptAssemblies\Unity.Timeline.Editor.dll
Symbol file LoadedFromMemory is not a mono symbol file
Symbol file data-000001614AB30030 doesn't match image C:\Users\sam.hamer\Downloads\MH2Files\motionhanging2\mh2 new movement\Library\ScriptAssemblies\Unity.VisualScripting.Shared.Editor.dll
Symbol file LoadedFromMemory is not a mono symbol file
Symbol file data-0000016148325040 doesn't match image C:\Users\sam.hamer\Downloads\MH2Files\motionhanging2\mh2 new movement\Library\ScriptAssemblies\Unity.VisualStudio.Editor.dll
Symbol file LoadedFromMemory is not a mono symbol file
Symbol file data-0000016144F54810 doesn't match image C:\Users\sam.hamer\Downloads\MH2Files\motionhanging2\mh2 new movement\Library\ScriptAssemblies\UnityEditor.UI.dll
Symbol file LoadedFromMemory is not a mono symbol file
Symbol file data-0000016103981050 doesn't match image C:\Users\sam.hamer\Downloads\MH2Files\motionhanging2\mh2 new movement\Library\ScriptAssemblies\Unity.VisualScripting.Core.dll
Symbol file LoadedFromMemory is not a mono symbol file
Symbol file data-000001614E3AB020 doesn't match image C:\Users\sam.hamer\Downloads\MH2Files\motionhanging2\mh2 new movement\Library\ScriptAssemblies\Unity.VisualScripting.Core.Editor.dll
Symbol file LoadedFromMemory is not a mono symbol file
Symbol file data-00000160FB8770D0 doesn't match image C:\Users\sam.hamer\Downloads\MH2Files\motionhanging2\mh2 new movement\Library\ScriptAssemblies\Unity.Rider.Editor.dll
Symbol file LoadedFromMemory is not a mono symbol file
Symbol file data-000001614674ED00 doesn't match image C:\Users\sam.hamer\Downloads\MH2Files\motionhanging2\mh2 new movement\Library\ScriptAssemblies\Unity.ProBuilder.AddOns.Editor.dll
Symbol file LoadedFromMemory is not a mono symbol file
Symbol file data-000001614E49B050 doesn't match image C:\Users\sam.hamer\Downloads\MH2Files\motionhanging2\mh2 new movement\Library\ScriptAssemblies\UnityEngine.UI.dll
Symbol file LoadedFromMemory is not a mono symbol file
Symbol file data-0000016145526020 doesn't match image C:\Users\sam.hamer\Downloads\MH2Files\motionhanging2\mh2 new movement\Library\ScriptAssemblies\Unity.ProBuilder.Csg.dll
Symbol file LoadedFromMemory is not a mono symbol file
Symbol file data-00000161023B4020 doesn't match image C:\Users\sam.hamer\Downloads\MH2Files\motionhanging2\mh2 new movement\Library\ScriptAssemblies\Unity.VisualScripting.Flow.dll
Symbol file LoadedFromMemory is not a mono symbol file
Symbol file data-0000016145415440 doesn't match image C:\Users\sam.hamer\Downloads\MH2Files\motionhanging2\mh2 new movement\Library\ScriptAssemblies\Unity.VisualScripting.Flow.Editor.dll
Symbol file LoadedFromMemory is not a mono symbol file
Symbol file data-0000016145EAF030 doesn't match image C:\Users\sam.hamer\Downloads\MH2Files\motionhanging2\mh2 new movement\Library\ScriptAssemblies\Unity.Timeline.dll
Symbol file LoadedFromMemory is not a mono symbol file
Symbol file data-0000016145455460 doesn't match image C:\Users\sam.hamer\Downloads\MH2Files\motionhanging2\mh2 new movement\Library\ScriptAssemblies\Unity.TestTools.CodeCoverage.Editor.OpenCover.Mono.Reflection.dll
Symbol file LoadedFromMemory is not a mono symbol file
Symbol file data-0000016101F87010 doesn't match image C:\Users\sam.hamer\Downloads\MH2Files\motionhanging2\mh2 new movement\Library\ScriptAssemblies\Unity.ProBuilder.Editor.dll
Symbol file LoadedFromMemory is not a mono symbol file
Symbol file data-0000016146A628E0 doesn't match image C:\Users\sam.hamer\Downloads\MH2Files\motionhanging2\mh2 new movement\Library\ScriptAssemblies\Unity.VisualScripting.SettingsProvider.Editor.dll
Symbol file LoadedFromMemory is not a mono symbol file
Symbol file data-0000016146C99040 doesn't match image C:\Users\sam.hamer\Downloads\MH2Files\motionhanging2\mh2 new movement\Library\ScriptAssemblies\Unity.Performance.Profile-Analyzer.Editor.dll
Symbol file LoadedFromMemory is not a mono symbol file
Symbol file data-0000015F46D3F040 doesn't match image C:\Users\sam.hamer\Downloads\MH2Files\motionhanging2\mh2 new movement\Library\ScriptAssemblies\Unity.TestTools.CodeCoverage.Editor.dll
Symbol file LoadedFromMemory is not a mono symbol file
Symbol file data-000001614F97A040 doesn't match image C:\Users\sam.hamer\Downloads\MH2Files\motionhanging2\mh2 new movement\Library\ScriptAssemblies\Unity.TestTools.CodeCoverage.Editor.OpenCover.Model.dll
Symbol file LoadedFromMemory is not a mono symbol file
Symbol file data-00000160B72815F0 doesn't match image C:\Users\sam.hamer\Downloads\MH2Files\motionhanging2\mh2 new movement\Library\ScriptAssemblies\Unity.PlasticSCM.Editor.dll
Symbol file LoadedFromMemory is not a mono symbol file
Symbol file data-0000016146A71B00 doesn't match image C:\Users\sam.hamer\Downloads\MH2Files\motionhanging2\mh2 new movement\Library\ScriptAssemblies\Unity.AI.Navigation.Updater.dll
Symbol file LoadedFromMemory is not a mono symbol file
Symbol file data-00000160B72CD130 doesn't match image C:\Users\sam.hamer\Downloads\MH2Files\motionhanging2\mh2 new movement\Library\ScriptAssemblies\Unity.ProBuilder.Poly2Tri.dll
Symbol file LoadedFromMemory is not a mono symbol file
Symbol file data-0000015F46A9B260 doesn't match image C:\Users\sam.hamer\Downloads\MH2Files\motionhanging2\mh2 new movement\Library\ScriptAssemblies\Unity.VisualScripting.State.Editor.dll
Symbol file LoadedFromMemory is not a mono symbol file
Symbol file data-0000016147728030 doesn't match image C:\Users\sam.hamer\Downloads\MH2Files\motionhanging2\mh2 new movement\Library\ScriptAssemblies\Unity.Settings.Editor.dll
Symbol file LoadedFromMemory is not a mono symbol file
Symbol file data-0000016144D05310 doesn't match image C:\Users\sam.hamer\Downloads\MH2Files\motionhanging2\mh2 new movement\Library\ScriptAssemblies\Unity.ProBuilder.KdTree.dll
Symbol file LoadedFromMemory is not a mono symbol file
Symbol file data-0000016100D4D010 doesn't match image C:\Users\sam.hamer\Downloads\MH2Files\motionhanging2\mh2 new movement\Library\ScriptAssemblies\Unity.CollabProxy.Editor.dll
Symbol file LoadedFromMemory is not a mono symbol file
Symbol file data-00000161023B4020 doesn't match image C:\Users\sam.hamer\Downloads\MH2Files\motionhanging2\mh2 new movement\Library\ScriptAssemblies\Unity.TextMeshPro.dll
Symbol file LoadedFromMemory is not a mono symbol file
Symbol file data-00000160FD14E010 doesn't match image C:\Users\sam.hamer\Downloads\MH2Files\motionhanging2\mh2 new movement\Library\ScriptAssemblies\Unity.TextMeshPro.Editor.dll
Symbol file LoadedFromMemory is not a mono symbol file
Symbol file data-000001614B486040 doesn't match image C:\Users\sam.hamer\Downloads\MH2Files\motionhanging2\mh2 new movement\Library\ScriptAssemblies\Unity.AI.Navigation.Editor.dll
Symbol file LoadedFromMemory is not a mono symbol file
Symbol file data-000001614F97A040 doesn't match image C:\Users\sam.hamer\Downloads\MH2Files\motionhanging2\mh2 new movement\Library\ScriptAssemblies\Unity.ProBuilder.AssetIdRemapUtility.dll
Symbol file LoadedFromMemory is not a mono symbol file
Symbol file data-0000016148205010 doesn't match image C:\Users\sam.hamer\Downloads\MH2Files\motionhanging2\mh2 new movement\Library\ScriptAssemblies\Unity.VisualScripting.State.dll
Symbol file LoadedFromMemory is not a mono symbol file
Symbol file data-000001614F6B0A70 doesn't match image C:\Users\sam.hamer\Downloads\MH2Files\motionhanging2\mh2 new movement\Library\ScriptAssemblies\Unity.AI.Navigation.Editor.ConversionSystem.dll
Symbol file LoadedFromMemory is not a mono symbol file
Symbol file data-00000160FAD3D020 doesn't match image C:\Users\sam.hamer\Downloads\MH2Files\motionhanging2\mh2 new movement\Library\ScriptAssemblies\Unity.VSCode.Editor.dll
Symbol file LoadedFromMemory is not a mono symbol file
- Loaded All Assemblies, in  0.476 seconds
Native extension for WindowsStandalone target not found
Mono: successfully reloaded assembly
- Finished resetting the current domain, in  1.024 seconds
Domain Reload Profiling: 1499ms
	BeginReloadAssembly (145ms)
		ExecutionOrderSort (0ms)
		DisableScriptedObjects (4ms)
		BackupInstance (0ms)
		ReleaseScriptingObjects (0ms)
		CreateAndSetChildDomain (32ms)
	RebuildCommonClasses (26ms)
	RebuildNativeTypeToScriptingClass (8ms)
	initialDomainReloadingComplete (25ms)
	LoadAllAssembliesAndSetupDomain (270ms)
		LoadAssemblies (322ms)
		RebuildTransferFunctionScriptingTraits (0ms)
		AnalyzeDomain (21ms)
			TypeCache.Refresh (11ms)
				TypeCache.ScanAssembly (0ms)
			ScanForSourceGeneratedMonoScriptInfo (0ms)
			ResolveRequiredComponents (8ms)
	FinalizeReload (1025ms)
		ReleaseScriptCaches (0ms)
		RebuildScriptCaches (0ms)
		SetupLoadedEditorAssemblies (460ms)
			LogAssemblyErrors (0ms)
			InitializePlatformSupportModulesInManaged (5ms)
			SetLoadedEditorAssemblies (5ms)
			RefreshPlugins (0ms)
			BeforeProcessingInitializeOnLoad (77ms)
			ProcessInitializeOnLoadAttributes (303ms)
			ProcessInitializeOnLoadMethodAttributes (64ms)
			AfterProcessingInitializeOnLoad (5ms)
			EditorAssembliesLoaded (0ms)
		ExecutionOrderSort2 (0ms)
		AwakeInstancesAfterBackupRestoration (6ms)
Refreshing native plugins compatible for Editor in 3.36 ms, found 3 plugins.
Preloading 0 native plugins for Editor in 0.00 ms.
Unloading 5275 Unused Serialized files (Serialized files now loaded: 0)
Unloading 24 unused Assets / (0.7 MB). Loaded Objects now: 5974.
Memory consumption went from 188.7 MB to 188.0 MB.
Total: 4.320100 ms (FindLiveObjects: 0.601200 ms CreateObjectMapping: 0.313300 ms MarkObjects: 2.821300 ms  DeleteObjects: 0.583100 ms)

Prepare: number of updated asset objects reloaded= 0
AssetImportParameters requested are different than current active one (requested -> active):
  custom:container-demuxer-ogg: 62fdf1f143b41e24485cea50d1cbac27 -> 
  custom:video-codec-MediaFoundation-h265: 746d11721c4dcdbdad8f713fa42b33f4 -> 
  custom:video-decoder-ogg-theora: a1e56fd34408186e4bbccfd4996cb3dc -> 
  custom:framework-win-MediaFoundation: 216162199b28c13a410421893ffa2e32 -> 
  custom:CustomObjectIndexerAttribute: 72b91833f83ae208fae7752999fa3104 -> 
  custom:container-demuxer-webm: 4f35f7cbe854078d1ac9338744f61a02 -> 
  custom:container-muxer-webm: aa71ff27fc2769a1b78a27578f13a17b -> 
  custom:video-decoder-webm-vp8: 9c59270c3fd7afecdb556c50c9e8de78 -> 
  custom:SearchIndexIgnoredProperties: e643bd26f0fe6173181afceb89e7c659 -> 
  custom:AudioImporter_EditorPlatform: d09bf68614088b80899f8185d706f6e7 -> 
  custom:video-encoder-webm-vp8: eb34c28f22e8b96e1ab97ce403110664 -> 
  custom:audio-decoder-ogg-vorbis: bf7c407c2cedff20999df2af8eb42d56 -> 
  custom:audio-encoder-webm-vorbis: bf7c407c2cedff20999df2af8eb42d56 -> 
========================================================================
Received Prepare
Caller must complete domain reload
Begin MonoManager ReloadAssembly
Symbol file data-0000016145B58440 doesn't match image C:\Users\sam.hamer\Downloads\MH2Files\motionhanging2\mh2 new movement\Library\ScriptAssemblies\Unity.EditorCoroutines.Editor.dll
Symbol file LoadedFromMemory is not a mono symbol file
Symbol file data-00000160FB9BF020 doesn't match image C:\Users\sam.hamer\Downloads\MH2Files\motionhanging2\mh2 new movement\Library\ScriptAssemblies\Unity.AI.Navigation.dll
Symbol file LoadedFromMemory is not a mono symbol file
Symbol file data-0000016103CB2340 doesn't match image C:\Users\sam.hamer\Downloads\MH2Files\motionhanging2\mh2 new movement\Library\ScriptAssemblies\Unity.ProBuilder.Stl.dll
Symbol file LoadedFromMemory is not a mono symbol file
Symbol file data-0000016144FF5820 doesn't match image C:\Users\sam.hamer\Downloads\MH2Files\motionhanging2\mh2 new movement\Library\ScriptAssemblies\Unity.ProBuilder.dll
Symbol file LoadedFromMemory is not a mono symbol file
Symbol file data-000001614545B420 doesn't match image C:\Users\sam.hamer\Downloads\MH2Files\motionhanging2\mh2 new movement\Library\ScriptAssemblies\Unity.Timeline.Editor.dll
Symbol file LoadedFromMemory is not a mono symbol file
Symbol file data-0000015F46666030 doesn't match image C:\Users\sam.hamer\Downloads\MH2Files\motionhanging2\mh2 new movement\Library\ScriptAssemblies\Unity.VisualScripting.Shared.Editor.dll
Symbol file LoadedFromMemory is not a mono symbol file
Symbol file data-0000016148325040 doesn't match image C:\Users\sam.hamer\Downloads\MH2Files\motionhanging2\mh2 new movement\Library\ScriptAssemblies\Unity.VisualStudio.Editor.dll
Symbol file LoadedFromMemory is not a mono symbol file
Symbol file data-0000016144F54810 doesn't match image C:\Users\sam.hamer\Downloads\MH2Files\motionhanging2\mh2 new movement\Library\ScriptAssemblies\UnityEditor.UI.dll
Symbol file LoadedFromMemory is not a mono symbol file
Symbol file data-000001614EED3060 doesn't match image C:\Users\sam.hamer\Downloads\MH2Files\motionhanging2\mh2 new movement\Library\ScriptAssemblies\Unity.VisualScripting.Core.dll
Symbol file LoadedFromMemory is not a mono symbol file
Symbol file data-0000016145C65F20 doesn't match image C:\Users\sam.hamer\Downloads\MH2Files\motionhanging2\mh2 new movement\Library\ScriptAssemblies\Unity.VisualScripting.Core.Editor.dll
Symbol file LoadedFromMemory is not a mono symbol file
Symbol file data-00000160FB8770D0 doesn't match image C:\Users\sam.hamer\Downloads\MH2Files\motionhanging2\mh2 new movement\Library\ScriptAssemblies\Unity.Rider.Editor.dll
Symbol file LoadedFromMemory is not a mono symbol file
Symbol file data-000001614674ED00 doesn't match image C:\Users\sam.hamer\Downloads\MH2Files\motionhanging2\mh2 new movement\Library\ScriptAssemblies\Unity.ProBuilder.AddOns.Editor.dll
Symbol file LoadedFromMemory is not a mono symbol file
Symbol file data-000001614A965040 doesn't match image C:\Users\sam.hamer\Downloads\MH2Files\motionhanging2\mh2 new movement\Library\ScriptAssemblies\UnityEngine.UI.dll
Symbol file LoadedFromMemory is not a mono symbol file
Symbol file data-000001614962F060 doesn't match image C:\Users\sam.hamer\Downloads\MH2Files\motionhanging2\mh2 new movement\Library\ScriptAssemblies\Unity.ProBuilder.Csg.dll
Symbol file LoadedFromMemory is not a mono symbol file
Symbol file data-000001614B390010 doesn't match image C:\Users\sam.hamer\Downloads\MH2Files\motionhanging2\mh2 new movement\Library\ScriptAssemblies\Unity.VisualScripting.Flow.dll
Symbol file LoadedFromMemory is not a mono symbol file
Symbol file data-0000016145415440 doesn't match image C:\Users\sam.hamer\Downloads\MH2Files\motionhanging2\mh2 new movement\Library\ScriptAssemblies\Unity.VisualScripting.Flow.Editor.dll
Symbol file LoadedFromMemory is not a mono symbol file
Symbol file data-0000016145EAF030 doesn't match image C:\Users\sam.hamer\Downloads\MH2Files\motionhanging2\mh2 new movement\Library\ScriptAssemblies\Unity.Timeline.dll
Symbol file LoadedFromMemory is not a mono symbol file
Symbol file data-0000016103CB2340 doesn't match image C:\Users\sam.hamer\Downloads\MH2Files\motionhanging2\mh2 new movement\Library\ScriptAssemblies\Unity.TestTools.CodeCoverage.Editor.OpenCover.Mono.Reflection.dll
Symbol file LoadedFromMemory is not a mono symbol file
Symbol file data-0000016101F87010 doesn't match image C:\Users\sam.hamer\Downloads\MH2Files\motionhanging2\mh2 new movement\Library\ScriptAssemblies\Unity.ProBuilder.Editor.dll
Symbol file LoadedFromMemory is not a mono symbol file
Symbol file data-0000016146A628E0 doesn't match image C:\Users\sam.hamer\Downloads\MH2Files\motionhanging2\mh2 new movement\Library\ScriptAssemblies\Unity.VisualScripting.SettingsProvider.Editor.dll
Symbol file LoadedFromMemory is not a mono symbol file
Symbol file data-0000016146C99040 doesn't match image C:\Users\sam.hamer\Downloads\MH2Files\motionhanging2\mh2 new movement\Library\ScriptAssemblies\Unity.Performance.Profile-Analyzer.Editor.dll
Symbol file LoadedFromMemory is not a mono symbol file
Symbol file data-0000015F46D3F040 doesn't match image C:\Users\sam.hamer\Downloads\MH2Files\motionhanging2\mh2 new movement\Library\ScriptAssemblies\Unity.TestTools.CodeCoverage.Editor.dll
Symbol file LoadedFromMemory is not a mono symbol file
Symbol file data-0000016144EEE030 doesn't match image C:\Users\sam.hamer\Downloads\MH2Files\motionhanging2\mh2 new movement\Library\ScriptAssemblies\Unity.TestTools.CodeCoverage.Editor.OpenCover.Model.dll
Symbol file LoadedFromMemory is not a mono symbol file
Symbol file data-00000160B72815F0 doesn't match image C:\Users\sam.hamer\Downloads\MH2Files\motionhanging2\mh2 new movement\Library\ScriptAssemblies\Unity.PlasticSCM.Editor.dll
Symbol file LoadedFromMemory is not a mono symbol file
Symbol file data-0000016146A71B00 doesn't match image C:\Users\sam.hamer\Downloads\MH2Files\motionhanging2\mh2 new movement\Library\ScriptAssemblies\Unity.AI.Navigation.Updater.dll
Symbol file LoadedFromMemory is not a mono symbol file
Symbol file data-000001614AC74250 doesn't match image C:\Users\sam.hamer\Downloads\MH2Files\motionhanging2\mh2 new movement\Library\ScriptAssemblies\Unity.ProBuilder.Poly2Tri.dll
Symbol file LoadedFromMemory is not a mono symbol file
Symbol file data-0000016100FB9050 doesn't match image C:\Users\sam.hamer\Downloads\MH2Files\motionhanging2\mh2 new movement\Library\ScriptAssemblies\Unity.VisualScripting.State.Editor.dll
Symbol file LoadedFromMemory is not a mono symbol file
Symbol file data-000001610323BDF0 doesn't match image C:\Users\sam.hamer\Downloads\MH2Files\motionhanging2\mh2 new movement\Library\ScriptAssemblies\Unity.Settings.Editor.dll
Symbol file LoadedFromMemory is not a mono symbol file
Symbol file data-00000161023E2F50 doesn't match image C:\Users\sam.hamer\Downloads\MH2Files\motionhanging2\mh2 new movement\Library\ScriptAssemblies\Unity.ProBuilder.KdTree.dll
Symbol file LoadedFromMemory is not a mono symbol file
Symbol file data-0000016100D4D010 doesn't match image C:\Users\sam.hamer\Downloads\MH2Files\motionhanging2\mh2 new movement\Library\ScriptAssemblies\Unity.CollabProxy.Editor.dll
Symbol file LoadedFromMemory is not a mono symbol file
Symbol file data-0000016144FF5820 doesn't match image C:\Users\sam.hamer\Downloads\MH2Files\motionhanging2\mh2 new movement\Library\ScriptAssemblies\Unity.TextMeshPro.dll
Symbol file LoadedFromMemory is not a mono symbol file
Symbol file data-000001614AB51060 doesn't match image C:\Users\sam.hamer\Downloads\MH2Files\motionhanging2\mh2 new movement\Library\ScriptAssemblies\Unity.TextMeshPro.Editor.dll
Symbol file LoadedFromMemory is not a mono symbol file
Symbol file data-000001614B486040 doesn't match image C:\Users\sam.hamer\Downloads\MH2Files\motionhanging2\mh2 new movement\Library\ScriptAssemblies\Unity.AI.Navigation.Editor.dll
Symbol file LoadedFromMemory is not a mono symbol file
Symbol file data-0000016144EEE030 doesn't match image C:\Users\sam.hamer\Downloads\MH2Files\motionhanging2\mh2 new movement\Library\ScriptAssemblies\Unity.ProBuilder.AssetIdRemapUtility.dll
Symbol file LoadedFromMemory is not a mono symbol file
Symbol file data-0000016144EEE030 doesn't match image C:\Users\sam.hamer\Downloads\MH2Files\motionhanging2\mh2 new movement\Library\ScriptAssemblies\Unity.VisualScripting.State.dll
Symbol file LoadedFromMemory is not a mono symbol file
Symbol file data-00000160FB9BF020 doesn't match image C:\Users\sam.hamer\Downloads\MH2Files\motionhanging2\mh2 new movement\Library\ScriptAssemblies\Unity.AI.Navigation.Editor.ConversionSystem.dll
Symbol file LoadedFromMemory is not a mono symbol file
Symbol file data-0000016144EEE030 doesn't match image C:\Users\sam.hamer\Downloads\MH2Files\motionhanging2\mh2 new movement\Library\ScriptAssemblies\Unity.VSCode.Editor.dll
Symbol file LoadedFromMemory is not a mono symbol file
- Loaded All Assemblies, in  0.440 seconds
Native extension for WindowsStandalone target not found
Mono: successfully reloaded assembly
- Finished resetting the current domain, in  1.028 seconds
Domain Reload Profiling: 1466ms
	BeginReloadAssembly (148ms)
		ExecutionOrderSort (0ms)
		DisableScriptedObjects (3ms)
		BackupInstance (0ms)
		ReleaseScriptingObjects (0ms)
		CreateAndSetChildDomain (35ms)
	RebuildCommonClasses (29ms)
	RebuildNativeTypeToScriptingClass (8ms)
	initialDomainReloadingComplete (25ms)
	LoadAllAssembliesAndSetupDomain (229ms)
		LoadAssemblies (288ms)
		RebuildTransferFunctionScriptingTraits (0ms)
		AnalyzeDomain (16ms)
			TypeCache.Refresh (6ms)
				TypeCache.ScanAssembly (0ms)
			ScanForSourceGeneratedMonoScriptInfo (0ms)
			ResolveRequiredComponents (9ms)
	FinalizeReload (1028ms)
		ReleaseScriptCaches (0ms)
		RebuildScriptCaches (0ms)
		SetupLoadedEditorAssemblies (459ms)
			LogAssemblyErrors (0ms)
			InitializePlatformSupportModulesInManaged (6ms)
			SetLoadedEditorAssemblies (4ms)
			RefreshPlugins (0ms)
			BeforeProcessingInitializeOnLoad (75ms)
			ProcessInitializeOnLoadAttributes (302ms)
			ProcessInitializeOnLoadMethodAttributes (67ms)
			AfterProcessingInitializeOnLoad (4ms)
			EditorAssembliesLoaded (0ms)
		ExecutionOrderSort2 (0ms)
		AwakeInstancesAfterBackupRestoration (6ms)
Refreshing native plugins compatible for Editor in 3.75 ms, found 3 plugins.
Preloading 0 native plugins for Editor in 0.00 ms.
Unloading 5275 Unused Serialized files (Serialized files now loaded: 0)
Unloading 24 unused Assets / (0.7 MB). Loaded Objects now: 5977.
Memory consumption went from 188.7 MB to 188.0 MB.
Total: 4.378000 ms (FindLiveObjects: 0.549300 ms CreateObjectMapping: 0.452300 ms MarkObjects: 2.871600 ms  DeleteObjects: 0.503400 ms)

Prepare: number of updated asset objects reloaded= 0
AssetImportParameters requested are different than current active one (requested -> active):
  custom:container-demuxer-ogg: 62fdf1f143b41e24485cea50d1cbac27 -> 
  custom:video-codec-MediaFoundation-h265: 746d11721c4dcdbdad8f713fa42b33f4 -> 
  custom:video-decoder-ogg-theora: a1e56fd34408186e4bbccfd4996cb3dc -> 
  custom:framework-win-MediaFoundation: 216162199b28c13a410421893ffa2e32 -> 
  custom:CustomObjectIndexerAttribute: 72b91833f83ae208fae7752999fa3104 -> 
  custom:container-demuxer-webm: 4f35f7cbe854078d1ac9338744f61a02 -> 
  custom:container-muxer-webm: aa71ff27fc2769a1b78a27578f13a17b -> 
  custom:video-decoder-webm-vp8: 9c59270c3fd7afecdb556c50c9e8de78 -> 
  custom:SearchIndexIgnoredProperties: e643bd26f0fe6173181afceb89e7c659 -> 
  custom:AudioImporter_EditorPlatform: d09bf68614088b80899f8185d706f6e7 -> 
  custom:video-encoder-webm-vp8: eb34c28f22e8b96e1ab97ce403110664 -> 
  custom:audio-decoder-ogg-vorbis: bf7c407c2cedff20999df2af8eb42d56 -> 
  custom:audio-encoder-webm-vorbis: bf7c407c2cedff20999df2af8eb42d56 -> 
========================================================================
Received Import Request.
  Time since last request: 61.176422 seconds.
  path: Assets/Scenes/Swinging/Level4.unity
  artifactKey: Guid(7dbb866c688a1f042854748b15994f04) Importer(815301076,1909f56bfc062723c751e8b465ee728b)
Start importing Assets/Scenes/Swinging/Level4.unity using Guid(7dbb866c688a1f042854748b15994f04) Importer(815301076,1909f56bfc062723c751e8b465ee728b) [PhysX] Initialized MultithreadedTaskDispatcher with 12 workers.
 -> (artifact id: 'b04a24e5e3f718066b4200a10127f5e4') in 0.008785 seconds
Number of updated asset objects reloaded before import = 0
Number of asset objects unloaded after import = 0
========================================================================
Received Import Request.
  Time since last request: 10.632552 seconds.
  path: Assets/Scenes/Swinging/Level5.unity
  artifactKey: Guid(72d3a48354206f34d9847b428fabb7e6) Importer(815301076,1909f56bfc062723c751e8b465ee728b)
Start importing Assets/Scenes/Swinging/Level5.unity using Guid(72d3a48354206f34d9847b428fabb7e6) Importer(815301076,1909f56bfc062723c751e8b465ee728b) [PhysX] Initialized MultithreadedTaskDispatcher with 12 workers.
 -> (artifact id: '4caaf094a97a8e7db83f32fb8e5eb66f') in 0.000533 seconds
Number of updated asset objects reloaded before import = 0
Number of asset objects unloaded after import = 0
========================================================================
Received Import Request.
  Time since last request: 6.093984 seconds.
  path: Assets/Scenes/Swinging/Level6.unity
  artifactKey: Guid(563a84878e199074382018f4dad577d4) Importer(815301076,1909f56bfc062723c751e8b465ee728b)
Start importing Assets/Scenes/Swinging/Level6.unity using Guid(563a84878e199074382018f4dad577d4) Importer(815301076,1909f56bfc062723c751e8b465ee728b) [PhysX] Initialized MultithreadedTaskDispatcher with 12 workers.
 -> (artifact id: '0e199e5e2e8e22c67029a7a9319641a9') in 0.000837 seconds
Number of updated asset objects reloaded before import = 0
Number of asset objects unloaded after import = 0
========================================================================
Received Import Request.
  Time since last request: 9.094686 seconds.
  path: Assets/Scenes/Wall Movement/Level7.unity
  artifactKey: Guid(70dc6346b694b664aabcba92efe943fd) Importer(815301076,1909f56bfc062723c751e8b465ee728b)
Start importing Assets/Scenes/Wall Movement/Level7.unity using Guid(70dc6346b694b664aabcba92efe943fd) Importer(815301076,1909f56bfc062723c751e8b465ee728b) [PhysX] Initialized MultithreadedTaskDispatcher with 12 workers.
 -> (artifact id: '7ebd6cd5be86d4a25ed934e208ed5c84') in 0.000701 seconds
Number of updated asset objects reloaded before import = 0
Number of asset objects unloaded after import = 0
========================================================================
Received Import Request.
  Time since last request: 4.440659 seconds.
  path: Assets/Scenes/Wall Movement/Level8.unity
  artifactKey: Guid(dc1b3fe0963cfce49bf294d21f836eb1) Importer(815301076,1909f56bfc062723c751e8b465ee728b)
Start importing Assets/Scenes/Wall Movement/Level8.unity using Guid(dc1b3fe0963cfce49bf294d21f836eb1) Importer(815301076,1909f56bfc062723c751e8b465ee728b) [PhysX] Initialized MultithreadedTaskDispatcher with 12 workers.
 -> (artifact id: '702931a26ff0bc64854c77c148bc0983') in 0.000738 seconds
Number of updated asset objects reloaded before import = 0
Number of asset objects unloaded after import = 0
========================================================================
Received Import Request.
  Time since last request: 4.117070 seconds.
  path: Assets/Scenes/Wall Movement/Level9.unity
  artifactKey: Guid(221dfbfca5c47b14ba5fe0910182d7af) Importer(815301076,1909f56bfc062723c751e8b465ee728b)
Start importing Assets/Scenes/Wall Movement/Level9.unity using Guid(221dfbfca5c47b14ba5fe0910182d7af) Importer(815301076,1909f56bfc062723c751e8b465ee728b) [PhysX] Initialized MultithreadedTaskDispatcher with 12 workers.
 -> (artifact id: 'fced8dd79aefee9efb84923a1ad323af') in 0.001082 seconds
Number of updated asset objects reloaded before import = 0
Number of asset objects unloaded after import = 0
========================================================================
Received Import Request.
  Time since last request: 7.667964 seconds.
  path: Assets/Scenes/Basic Movement/Level3.unity
  artifactKey: Guid(82bca4d034f1a394d8dd22ca9f92391d) Importer(815301076,1909f56bfc062723c751e8b465ee728b)
Start importing Assets/Scenes/Basic Movement/Level3.unity using Guid(82bca4d034f1a394d8dd22ca9f92391d) Importer(815301076,1909f56bfc062723c751e8b465ee728b) [PhysX] Initialized MultithreadedTaskDispatcher with 12 workers.
 -> (artifact id: 'd80202fd81ef31bc7051a5d56ced4624') in 0.009101 seconds
Number of updated asset objects reloaded before import = 0
Number of asset objects unloaded after import = 0
========================================================================
Received Prepare
Caller must complete domain reload
Begin MonoManager ReloadAssembly
Symbol file data-0000016145B58440 doesn't match image C:\Users\sam.hamer\Downloads\MH2Files\motionhanging2\mh2 new movement\Library\ScriptAssemblies\Unity.EditorCoroutines.Editor.dll
Symbol file LoadedFromMemory is not a mono symbol file
Symbol file data-00000161490C0070 doesn't match image C:\Users\sam.hamer\Downloads\MH2Files\motionhanging2\mh2 new movement\Library\ScriptAssemblies\Unity.AI.Navigation.dll
Symbol file LoadedFromMemory is not a mono symbol file
Symbol file data-0000016103CB2340 doesn't match image C:\Users\sam.hamer\Downloads\MH2Files\motionhanging2\mh2 new movement\Library\ScriptAssemblies\Unity.ProBuilder.Stl.dll
Symbol file LoadedFromMemory is not a mono symbol file
Symbol file data-0000016144FF5820 doesn't match image C:\Users\sam.hamer\Downloads\MH2Files\motionhanging2\mh2 new movement\Library\ScriptAssemblies\Unity.ProBuilder.dll
Symbol file LoadedFromMemory is not a mono symbol file
Symbol file data-0000016102350FC0 doesn't match image C:\Users\sam.hamer\Downloads\MH2Files\motionhanging2\mh2 new movement\Library\ScriptAssemblies\Unity.Timeline.Editor.dll
Symbol file LoadedFromMemory is not a mono symbol file
Symbol file data-0000016146EB0030 doesn't match image C:\Users\sam.hamer\Downloads\MH2Files\motionhanging2\mh2 new movement\Library\ScriptAssemblies\Unity.VisualScripting.Shared.Editor.dll
Symbol file LoadedFromMemory is not a mono symbol file
Symbol file data-0000016148325040 doesn't match image C:\Users\sam.hamer\Downloads\MH2Files\motionhanging2\mh2 new movement\Library\ScriptAssemblies\Unity.VisualStudio.Editor.dll
Symbol file LoadedFromMemory is not a mono symbol file
Symbol file data-0000016144F54810 doesn't match image C:\Users\sam.hamer\Downloads\MH2Files\motionhanging2\mh2 new movement\Library\ScriptAssemblies\UnityEditor.UI.dll
Symbol file LoadedFromMemory is not a mono symbol file
Symbol file data-00000160FE4B6050 doesn't match image C:\Users\sam.hamer\Downloads\MH2Files\motionhanging2\mh2 new movement\Library\ScriptAssemblies\Unity.VisualScripting.Core.dll
Symbol file LoadedFromMemory is not a mono symbol file
Symbol file data-0000016145C65F20 doesn't match image C:\Users\sam.hamer\Downloads\MH2Files\motionhanging2\mh2 new movement\Library\ScriptAssemblies\Unity.VisualScripting.Core.Editor.dll
Symbol file LoadedFromMemory is not a mono symbol file
Symbol file data-00000160FB8770D0 doesn't match image C:\Users\sam.hamer\Downloads\MH2Files\motionhanging2\mh2 new movement\Library\ScriptAssemblies\Unity.Rider.Editor.dll
Symbol file LoadedFromMemory is not a mono symbol file
Symbol file data-000001614674ED00 doesn't match image C:\Users\sam.hamer\Downloads\MH2Files\motionhanging2\mh2 new movement\Library\ScriptAssemblies\Unity.ProBuilder.AddOns.Editor.dll
Symbol file LoadedFromMemory is not a mono symbol file
Symbol file data-000001614A965040 doesn't match image C:\Users\sam.hamer\Downloads\MH2Files\motionhanging2\mh2 new movement\Library\ScriptAssemblies\UnityEngine.UI.dll
Symbol file LoadedFromMemory is not a mono symbol file
Symbol file data-000001614962F060 doesn't match image C:\Users\sam.hamer\Downloads\MH2Files\motionhanging2\mh2 new movement\Library\ScriptAssemblies\Unity.ProBuilder.Csg.dll
Symbol file LoadedFromMemory is not a mono symbol file
Symbol file data-000001614B390010 doesn't match image C:\Users\sam.hamer\Downloads\MH2Files\motionhanging2\mh2 new movement\Library\ScriptAssemblies\Unity.VisualScripting.Flow.dll
Symbol file LoadedFromMemory is not a mono symbol file
Symbol file data-0000016145415440 doesn't match image C:\Users\sam.hamer\Downloads\MH2Files\motionhanging2\mh2 new movement\Library\ScriptAssemblies\Unity.VisualScripting.Flow.Editor.dll
Symbol file LoadedFromMemory is not a mono symbol file
Symbol file data-0000016145EAF030 doesn't match image C:\Users\sam.hamer\Downloads\MH2Files\motionhanging2\mh2 new movement\Library\ScriptAssemblies\Unity.Timeline.dll
Symbol file LoadedFromMemory is not a mono symbol file
Symbol file data-0000016103CB2340 doesn't match image C:\Users\sam.hamer\Downloads\MH2Files\motionhanging2\mh2 new movement\Library\ScriptAssemblies\Unity.TestTools.CodeCoverage.Editor.OpenCover.Mono.Reflection.dll
Symbol file LoadedFromMemory is not a mono symbol file
Symbol file data-00000161023B4020 doesn't match image C:\Users\sam.hamer\Downloads\MH2Files\motionhanging2\mh2 new movement\Library\ScriptAssemblies\Unity.ProBuilder.Editor.dll
Symbol file LoadedFromMemory is not a mono symbol file
Symbol file data-00000160B71BAE90 doesn't match image C:\Users\sam.hamer\Downloads\MH2Files\motionhanging2\mh2 new movement\Library\ScriptAssemblies\Unity.VisualScripting.SettingsProvider.Editor.dll
Symbol file LoadedFromMemory is not a mono symbol file
Symbol file data-0000016146C99040 doesn't match image C:\Users\sam.hamer\Downloads\MH2Files\motionhanging2\mh2 new movement\Library\ScriptAssemblies\Unity.Performance.Profile-Analyzer.Editor.dll
Symbol file LoadedFromMemory is not a mono symbol file
Symbol file data-0000016147A79020 doesn't match image C:\Users\sam.hamer\Downloads\MH2Files\motionhanging2\mh2 new movement\Library\ScriptAssemblies\Unity.TestTools.CodeCoverage.Editor.dll
Symbol file LoadedFromMemory is not a mono symbol file
Symbol file data-0000016144EEE030 doesn't match image C:\Users\sam.hamer\Downloads\MH2Files\motionhanging2\mh2 new movement\Library\ScriptAssemblies\Unity.TestTools.CodeCoverage.Editor.OpenCover.Model.dll
Symbol file LoadedFromMemory is not a mono symbol file
Symbol file data-00000160B72815F0 doesn't match image C:\Users\sam.hamer\Downloads\MH2Files\motionhanging2\mh2 new movement\Library\ScriptAssemblies\Unity.PlasticSCM.Editor.dll
Symbol file LoadedFromMemory is not a mono symbol file
Symbol file data-0000016146EB0030 doesn't match image C:\Users\sam.hamer\Downloads\MH2Files\motionhanging2\mh2 new movement\Library\ScriptAssemblies\Unity.AI.Navigation.Updater.dll
Symbol file LoadedFromMemory is not a mono symbol file
Symbol file data-00000160FDCB6380 doesn't match image C:\Users\sam.hamer\Downloads\MH2Files\motionhanging2\mh2 new movement\Library\ScriptAssemblies\Unity.ProBuilder.Poly2Tri.dll
Symbol file LoadedFromMemory is not a mono symbol file
Symbol file data-0000016100FB9050 doesn't match image C:\Users\sam.hamer\Downloads\MH2Files\motionhanging2\mh2 new movement\Library\ScriptAssemblies\Unity.VisualScripting.State.Editor.dll
Symbol file LoadedFromMemory is not a mono symbol file
Symbol file data-000001610323BDF0 doesn't match image C:\Users\sam.hamer\Downloads\MH2Files\motionhanging2\mh2 new movement\Library\ScriptAssemblies\Unity.Settings.Editor.dll
Symbol file LoadedFromMemory is not a mono symbol file
Symbol file data-0000016144EEE030 doesn't match image C:\Users\sam.hamer\Downloads\MH2Files\motionhanging2\mh2 new movement\Library\ScriptAssemblies\Unity.ProBuilder.KdTree.dll
Symbol file LoadedFromMemory is not a mono symbol file
Symbol file data-0000016100D4D010 doesn't match image C:\Users\sam.hamer\Downloads\MH2Files\motionhanging2\mh2 new movement\Library\ScriptAssemblies\Unity.CollabProxy.Editor.dll
Symbol file LoadedFromMemory is not a mono symbol file
Symbol file data-0000016144FF5820 doesn't match image C:\Users\sam.hamer\Downloads\MH2Files\motionhanging2\mh2 new movement\Library\ScriptAssemblies\Unity.TextMeshPro.dll
Symbol file LoadedFromMemory is not a mono symbol file
Symbol file data-00000161463A2030 doesn't match image C:\Users\sam.hamer\Downloads\MH2Files\motionhanging2\mh2 new movement\Library\ScriptAssemblies\Unity.TextMeshPro.Editor.dll
Symbol file LoadedFromMemory is not a mono symbol file
Symbol file data-000001614B486040 doesn't match image C:\Users\sam.hamer\Downloads\MH2Files\motionhanging2\mh2 new movement\Library\ScriptAssemblies\Unity.AI.Navigation.Editor.dll
Symbol file LoadedFromMemory is not a mono symbol file
Symbol file data-0000016144EEE030 doesn't match image C:\Users\sam.hamer\Downloads\MH2Files\motionhanging2\mh2 new movement\Library\ScriptAssemblies\Unity.ProBuilder.AssetIdRemapUtility.dll
Symbol file LoadedFromMemory is not a mono symbol file
Symbol file data-0000016144EEE030 doesn't match image C:\Users\sam.hamer\Downloads\MH2Files\motionhanging2\mh2 new movement\Library\ScriptAssemblies\Unity.VisualScripting.State.dll
Symbol file LoadedFromMemory is not a mono symbol file
Symbol file data-00000161490C0070 doesn't match image C:\Users\sam.hamer\Downloads\MH2Files\motionhanging2\mh2 new movement\Library\ScriptAssemblies\Unity.AI.Navigation.Editor.ConversionSystem.dll
Symbol file LoadedFromMemory is not a mono symbol file
Symbol file data-0000016144EEE030 doesn't match image C:\Users\sam.hamer\Downloads\MH2Files\motionhanging2\mh2 new movement\Library\ScriptAssemblies\Unity.VSCode.Editor.dll
Symbol file LoadedFromMemory is not a mono symbol file
- Loaded All Assemblies, in  0.449 seconds
Native extension for WindowsStandalone target not found
Mono: successfully reloaded assembly
- Finished resetting the current domain, in  1.031 seconds
Domain Reload Profiling: 1479ms
	BeginReloadAssembly (160ms)
		ExecutionOrderSort (0ms)
		DisableScriptedObjects (4ms)
		BackupInstance (0ms)
		ReleaseScriptingObjects (0ms)
		CreateAndSetChildDomain (41ms)
	RebuildCommonClasses (23ms)
	RebuildNativeTypeToScriptingClass (8ms)
	initialDomainReloadingComplete (22ms)
	LoadAllAssembliesAndSetupDomain (235ms)
		LoadAssemblies (295ms)
		RebuildTransferFunctionScriptingTraits (0ms)
		AnalyzeDomain (21ms)
			TypeCache.Refresh (7ms)
				TypeCache.ScanAssembly (0ms)
			ScanForSourceGeneratedMonoScriptInfo (0ms)
			ResolveRequiredComponents (12ms)
	FinalizeReload (1032ms)
		ReleaseScriptCaches (0ms)
		RebuildScriptCaches (0ms)
		SetupLoadedEditorAssemblies (472ms)
			LogAssemblyErrors (0ms)
			InitializePlatformSupportModulesInManaged (6ms)
			SetLoadedEditorAssemblies (5ms)
			RefreshPlugins (0ms)
			BeforeProcessingInitializeOnLoad (78ms)
			ProcessInitializeOnLoadAttributes (305ms)
			ProcessInitializeOnLoadMethodAttributes (73ms)
			AfterProcessingInitializeOnLoad (5ms)
			EditorAssembliesLoaded (0ms)
		ExecutionOrderSort2 (0ms)
		AwakeInstancesAfterBackupRestoration (6ms)
Refreshing native plugins compatible for Editor in 4.59 ms, found 3 plugins.
Preloading 0 native plugins for Editor in 0.00 ms.
Unloading 5274 Unused Serialized files (Serialized files now loaded: 0)
Unloading 24 unused Assets / (0.7 MB). Loaded Objects now: 5980.
Memory consumption went from 188.5 MB to 187.8 MB.
Total: 3.229200 ms (FindLiveObjects: 0.382200 ms CreateObjectMapping: 0.195000 ms MarkObjects: 2.357100 ms  DeleteObjects: 0.294000 ms)

Prepare: number of updated asset objects reloaded= 0
AssetImportParameters requested are different than current active one (requested -> active):
  custom:container-demuxer-ogg: 62fdf1f143b41e24485cea50d1cbac27 -> 
  custom:video-codec-MediaFoundation-h265: 746d11721c4dcdbdad8f713fa42b33f4 -> 
  custom:video-decoder-ogg-theora: a1e56fd34408186e4bbccfd4996cb3dc -> 
  custom:framework-win-MediaFoundation: 216162199b28c13a410421893ffa2e32 -> 
  custom:CustomObjectIndexerAttribute: 72b91833f83ae208fae7752999fa3104 -> 
  custom:container-demuxer-webm: 4f35f7cbe854078d1ac9338744f61a02 -> 
  custom:container-muxer-webm: aa71ff27fc2769a1b78a27578f13a17b -> 
  custom:video-decoder-webm-vp8: 9c59270c3fd7afecdb556c50c9e8de78 -> 
  custom:SearchIndexIgnoredProperties: e643bd26f0fe6173181afceb89e7c659 -> 
  custom:AudioImporter_EditorPlatform: d09bf68614088b80899f8185d706f6e7 -> 
  custom:video-encoder-webm-vp8: eb34c28f22e8b96e1ab97ce403110664 -> 
  custom:audio-decoder-ogg-vorbis: bf7c407c2cedff20999df2af8eb42d56 -> 
  custom:audio-encoder-webm-vorbis: bf7c407c2cedff20999df2af8eb42d56 -> 
========================================================================
Received Import Request.
  Time since last request: 25.236519 seconds.
  path: Assets/Scenes/Menus/Menu.unity
  artifactKey: Guid(5e4cfc83f75cc1346ac613a1c8917927) Importer(815301076,1909f56bfc062723c751e8b465ee728b)
Start importing Assets/Scenes/Menus/Menu.unity using Guid(5e4cfc83f75cc1346ac613a1c8917927) Importer(815301076,1909f56bfc062723c751e8b465ee728b) [PhysX] Initialized MultithreadedTaskDispatcher with 12 workers.
 -> (artifact id: '302c1b9f862da8b52ee3cfcd7e974779') in 0.007731 seconds
Number of updated asset objects reloaded before import = 0
Number of asset objects unloaded after import = 0
========================================================================
Received Import Request.
  Time since last request: 2.084422 seconds.
  path: Assets/Scenes/Swinging/Level4.unity
  artifactKey: Guid(7dbb866c688a1f042854748b15994f04) Importer(815301076,1909f56bfc062723c751e8b465ee728b)
Start importing Assets/Scenes/Swinging/Level4.unity using Guid(7dbb866c688a1f042854748b15994f04) Importer(815301076,1909f56bfc062723c751e8b465ee728b) [PhysX] Initialized MultithreadedTaskDispatcher with 12 workers.
 -> (artifact id: '0315934c2dcfbc5340bfef355f1f93d3') in 0.000535 seconds
Number of updated asset objects reloaded before import = 0
Number of asset objects unloaded after import = 0
========================================================================
Received Prepare
Caller must complete domain reload
Begin MonoManager ReloadAssembly
Symbol file data-0000016146A71B00 doesn't match image C:\Users\sam.hamer\Downloads\MH2Files\motionhanging2\mh2 new movement\Library\ScriptAssemblies\Unity.EditorCoroutines.Editor.dll
Symbol file LoadedFromMemory is not a mono symbol file
Symbol file data-00000161490C0070 doesn't match image C:\Users\sam.hamer\Downloads\MH2Files\motionhanging2\mh2 new movement\Library\ScriptAssemblies\Unity.AI.Navigation.dll
Symbol file LoadedFromMemory is not a mono symbol file
Symbol file data-0000016103CB2340 doesn't match image C:\Users\sam.hamer\Downloads\MH2Files\motionhanging2\mh2 new movement\Library\ScriptAssemblies\Unity.ProBuilder.Stl.dll
Symbol file LoadedFromMemory is not a mono symbol file
Symbol file data-0000016144FF5820 doesn't match image C:\Users\sam.hamer\Downloads\MH2Files\motionhanging2\mh2 new movement\Library\ScriptAssemblies\Unity.ProBuilder.dll
Symbol file LoadedFromMemory is not a mono symbol file
Symbol file data-000001614F43E010 doesn't match image C:\Users\sam.hamer\Downloads\MH2Files\motionhanging2\mh2 new movement\Library\ScriptAssemblies\Unity.Timeline.Editor.dll
Symbol file LoadedFromMemory is not a mono symbol file
Symbol file data-0000016146EB0030 doesn't match image C:\Users\sam.hamer\Downloads\MH2Files\motionhanging2\mh2 new movement\Library\ScriptAssemblies\Unity.VisualScripting.Shared.Editor.dll
Symbol file LoadedFromMemory is not a mono symbol file
Symbol file data-0000016148325040 doesn't match image C:\Users\sam.hamer\Downloads\MH2Files\motionhanging2\mh2 new movement\Library\ScriptAssemblies\Unity.VisualStudio.Editor.dll
Symbol file LoadedFromMemory is not a mono symbol file
Symbol file data-0000016144F54810 doesn't match image C:\Users\sam.hamer\Downloads\MH2Files\motionhanging2\mh2 new movement\Library\ScriptAssemblies\UnityEditor.UI.dll
Symbol file LoadedFromMemory is not a mono symbol file
Symbol file data-0000016149010080 doesn't match image C:\Users\sam.hamer\Downloads\MH2Files\motionhanging2\mh2 new movement\Library\ScriptAssemblies\Unity.VisualScripting.Core.dll
Symbol file LoadedFromMemory is not a mono symbol file
Symbol file data-0000016145C65F20 doesn't match image C:\Users\sam.hamer\Downloads\MH2Files\motionhanging2\mh2 new movement\Library\ScriptAssemblies\Unity.VisualScripting.Core.Editor.dll
Symbol file LoadedFromMemory is not a mono symbol file
Symbol file data-00000160FB8770D0 doesn't match image C:\Users\sam.hamer\Downloads\MH2Files\motionhanging2\mh2 new movement\Library\ScriptAssemblies\Unity.Rider.Editor.dll
Symbol file LoadedFromMemory is not a mono symbol file
Symbol file data-000001614674ED00 doesn't match image C:\Users\sam.hamer\Downloads\MH2Files\motionhanging2\mh2 new movement\Library\ScriptAssemblies\Unity.ProBuilder.AddOns.Editor.dll
Symbol file LoadedFromMemory is not a mono symbol file
Symbol file data-000001614A965040 doesn't match image C:\Users\sam.hamer\Downloads\MH2Files\motionhanging2\mh2 new movement\Library\ScriptAssemblies\UnityEngine.UI.dll
Symbol file LoadedFromMemory is not a mono symbol file
Symbol file data-000001614962F060 doesn't match image C:\Users\sam.hamer\Downloads\MH2Files\motionhanging2\mh2 new movement\Library\ScriptAssemblies\Unity.ProBuilder.Csg.dll
Symbol file LoadedFromMemory is not a mono symbol file
Symbol file data-000001614B390010 doesn't match image C:\Users\sam.hamer\Downloads\MH2Files\motionhanging2\mh2 new movement\Library\ScriptAssemblies\Unity.VisualScripting.Flow.dll
Symbol file LoadedFromMemory is not a mono symbol file
Symbol file data-0000016145415440 doesn't match image C:\Users\sam.hamer\Downloads\MH2Files\motionhanging2\mh2 new movement\Library\ScriptAssemblies\Unity.VisualScripting.Flow.Editor.dll
Symbol file LoadedFromMemory is not a mono symbol file
Symbol file data-0000016145EAF030 doesn't match image C:\Users\sam.hamer\Downloads\MH2Files\motionhanging2\mh2 new movement\Library\ScriptAssemblies\Unity.Timeline.dll
Symbol file LoadedFromMemory is not a mono symbol file
Symbol file data-0000016103CB2340 doesn't match image C:\Users\sam.hamer\Downloads\MH2Files\motionhanging2\mh2 new movement\Library\ScriptAssemblies\Unity.TestTools.CodeCoverage.Editor.OpenCover.Mono.Reflection.dll
Symbol file LoadedFromMemory is not a mono symbol file
Symbol file data-00000161023B4020 doesn't match image C:\Users\sam.hamer\Downloads\MH2Files\motionhanging2\mh2 new movement\Library\ScriptAssemblies\Unity.ProBuilder.Editor.dll
Symbol file LoadedFromMemory is not a mono symbol file
Symbol file data-00000160B71BAE90 doesn't match image C:\Users\sam.hamer\Downloads\MH2Files\motionhanging2\mh2 new movement\Library\ScriptAssemblies\Unity.VisualScripting.SettingsProvider.Editor.dll
Symbol file LoadedFromMemory is not a mono symbol file
Symbol file data-0000016146C99040 doesn't match image C:\Users\sam.hamer\Downloads\MH2Files\motionhanging2\mh2 new movement\Library\ScriptAssemblies\Unity.Performance.Profile-Analyzer.Editor.dll
Symbol file LoadedFromMemory is not a mono symbol file
Symbol file data-0000016147A79020 doesn't match image C:\Users\sam.hamer\Downloads\MH2Files\motionhanging2\mh2 new movement\Library\ScriptAssemblies\Unity.TestTools.CodeCoverage.Editor.dll
Symbol file LoadedFromMemory is not a mono symbol file
Symbol file data-0000016144EEE030 doesn't match image C:\Users\sam.hamer\Downloads\MH2Files\motionhanging2\mh2 new movement\Library\ScriptAssemblies\Unity.TestTools.CodeCoverage.Editor.OpenCover.Model.dll
Symbol file LoadedFromMemory is not a mono symbol file
Symbol file data-00000160B72815F0 doesn't match image C:\Users\sam.hamer\Downloads\MH2Files\motionhanging2\mh2 new movement\Library\ScriptAssemblies\Unity.PlasticSCM.Editor.dll
Symbol file LoadedFromMemory is not a mono symbol file
Symbol file data-0000015F46666030 doesn't match image C:\Users\sam.hamer\Downloads\MH2Files\motionhanging2\mh2 new movement\Library\ScriptAssemblies\Unity.AI.Navigation.Updater.dll
Symbol file LoadedFromMemory is not a mono symbol file
Symbol file data-00000160FDCB6380 doesn't match image C:\Users\sam.hamer\Downloads\MH2Files\motionhanging2\mh2 new movement\Library\ScriptAssemblies\Unity.ProBuilder.Poly2Tri.dll
Symbol file LoadedFromMemory is not a mono symbol file
Symbol file data-0000016100FB9050 doesn't match image C:\Users\sam.hamer\Downloads\MH2Files\motionhanging2\mh2 new movement\Library\ScriptAssemblies\Unity.VisualScripting.State.Editor.dll
Symbol file LoadedFromMemory is not a mono symbol file
Symbol file data-000001610323BDF0 doesn't match image C:\Users\sam.hamer\Downloads\MH2Files\motionhanging2\mh2 new movement\Library\ScriptAssemblies\Unity.Settings.Editor.dll
Symbol file LoadedFromMemory is not a mono symbol file
Symbol file data-0000016144EEE030 doesn't match image C:\Users\sam.hamer\Downloads\MH2Files\motionhanging2\mh2 new movement\Library\ScriptAssemblies\Unity.ProBuilder.KdTree.dll
Symbol file LoadedFromMemory is not a mono symbol file
Symbol file data-0000016100D4D010 doesn't match image C:\Users\sam.hamer\Downloads\MH2Files\motionhanging2\mh2 new movement\Library\ScriptAssemblies\Unity.CollabProxy.Editor.dll
Symbol file LoadedFromMemory is not a mono symbol file
Symbol file data-0000016144FF5820 doesn't match image C:\Users\sam.hamer\Downloads\MH2Files\motionhanging2\mh2 new movement\Library\ScriptAssemblies\Unity.TextMeshPro.dll
Symbol file LoadedFromMemory is not a mono symbol file
Symbol file data-00000161463A2030 doesn't match image C:\Users\sam.hamer\Downloads\MH2Files\motionhanging2\mh2 new movement\Library\ScriptAssemblies\Unity.TextMeshPro.Editor.dll
Symbol file LoadedFromMemory is not a mono symbol file
Symbol file data-000001614B486040 doesn't match image C:\Users\sam.hamer\Downloads\MH2Files\motionhanging2\mh2 new movement\Library\ScriptAssemblies\Unity.AI.Navigation.Editor.dll
Symbol file LoadedFromMemory is not a mono symbol file
Symbol file data-0000016144EEE030 doesn't match image C:\Users\sam.hamer\Downloads\MH2Files\motionhanging2\mh2 new movement\Library\ScriptAssemblies\Unity.ProBuilder.AssetIdRemapUtility.dll
Symbol file LoadedFromMemory is not a mono symbol file
Symbol file data-0000016144EEE030 doesn't match image C:\Users\sam.hamer\Downloads\MH2Files\motionhanging2\mh2 new movement\Library\ScriptAssemblies\Unity.VisualScripting.State.dll
Symbol file LoadedFromMemory is not a mono symbol file
Symbol file data-00000161490C0070 doesn't match image C:\Users\sam.hamer\Downloads\MH2Files\motionhanging2\mh2 new movement\Library\ScriptAssemblies\Unity.AI.Navigation.Editor.ConversionSystem.dll
Symbol file LoadedFromMemory is not a mono symbol file
Symbol file data-0000016144EEE030 doesn't match image C:\Users\sam.hamer\Downloads\MH2Files\motionhanging2\mh2 new movement\Library\ScriptAssemblies\Unity.VSCode.Editor.dll
Symbol file LoadedFromMemory is not a mono symbol file
- Loaded All Assemblies, in  0.470 seconds
Native extension for WindowsStandalone target not found
Mono: successfully reloaded assembly
- Finished resetting the current domain, in  1.023 seconds
Domain Reload Profiling: 1490ms
	BeginReloadAssembly (147ms)
		ExecutionOrderSort (0ms)
		DisableScriptedObjects (3ms)
		BackupInstance (0ms)
		ReleaseScriptingObjects (0ms)
		CreateAndSetChildDomain (30ms)
	RebuildCommonClasses (37ms)
	RebuildNativeTypeToScriptingClass (9ms)
	initialDomainReloadingComplete (27ms)
	LoadAllAssembliesAndSetupDomain (248ms)
		LoadAssemblies (299ms)
		RebuildTransferFunctionScriptingTraits (0ms)
		AnalyzeDomain (25ms)
			TypeCache.Refresh (10ms)
				TypeCache.ScanAssembly (0ms)
			ScanForSourceGeneratedMonoScriptInfo (0ms)
			ResolveRequiredComponents (13ms)
	FinalizeReload (1023ms)
		ReleaseScriptCaches (0ms)
		RebuildScriptCaches (0ms)
		SetupLoadedEditorAssemblies (449ms)
			LogAssemblyErrors (0ms)
			InitializePlatformSupportModulesInManaged (6ms)
			SetLoadedEditorAssemblies (5ms)
			RefreshPlugins (0ms)
			BeforeProcessingInitializeOnLoad (72ms)
			ProcessInitializeOnLoadAttributes (285ms)
			ProcessInitializeOnLoadMethodAttributes (72ms)
			AfterProcessingInitializeOnLoad (9ms)
			EditorAssembliesLoaded (0ms)
		ExecutionOrderSort2 (0ms)
		AwakeInstancesAfterBackupRestoration (6ms)
Refreshing native plugins compatible for Editor in 3.85 ms, found 3 plugins.
Preloading 0 native plugins for Editor in 0.00 ms.
Unloading 5274 Unused Serialized files (Serialized files now loaded: 0)
Unloading 24 unused Assets / (0.7 MB). Loaded Objects now: 5983.
Memory consumption went from 188.5 MB to 187.8 MB.
Total: 4.436300 ms (FindLiveObjects: 0.628400 ms CreateObjectMapping: 0.301100 ms MarkObjects: 3.115900 ms  DeleteObjects: 0.388700 ms)

Prepare: number of updated asset objects reloaded= 0
AssetImportParameters requested are different than current active one (requested -> active):
  custom:container-demuxer-ogg: 62fdf1f143b41e24485cea50d1cbac27 -> 
  custom:video-codec-MediaFoundation-h265: 746d11721c4dcdbdad8f713fa42b33f4 -> 
  custom:video-decoder-ogg-theora: a1e56fd34408186e4bbccfd4996cb3dc -> 
  custom:framework-win-MediaFoundation: 216162199b28c13a410421893ffa2e32 -> 
  custom:CustomObjectIndexerAttribute: 72b91833f83ae208fae7752999fa3104 -> 
  custom:container-demuxer-webm: 4f35f7cbe854078d1ac9338744f61a02 -> 
  custom:container-muxer-webm: aa71ff27fc2769a1b78a27578f13a17b -> 
  custom:video-decoder-webm-vp8: 9c59270c3fd7afecdb556c50c9e8de78 -> 
  custom:SearchIndexIgnoredProperties: e643bd26f0fe6173181afceb89e7c659 -> 
  custom:AudioImporter_EditorPlatform: d09bf68614088b80899f8185d706f6e7 -> 
  custom:video-encoder-webm-vp8: eb34c28f22e8b96e1ab97ce403110664 -> 
  custom:audio-decoder-ogg-vorbis: bf7c407c2cedff20999df2af8eb42d56 -> 
  custom:audio-encoder-webm-vorbis: bf7c407c2cedff20999df2af8eb42d56 -> 
========================================================================
Received Prepare
Caller must complete domain reload
Begin MonoManager ReloadAssembly
Symbol file data-0000016146A71B00 doesn't match image C:\Users\sam.hamer\Downloads\MH2Files\motionhanging2\mh2 new movement\Library\ScriptAssemblies\Unity.EditorCoroutines.Editor.dll
Symbol file LoadedFromMemory is not a mono symbol file
Symbol file data-00000161490C0070 doesn't match image C:\Users\sam.hamer\Downloads\MH2Files\motionhanging2\mh2 new movement\Library\ScriptAssemblies\Unity.AI.Navigation.dll
Symbol file LoadedFromMemory is not a mono symbol file
Symbol file data-0000016103CB2340 doesn't match image C:\Users\sam.hamer\Downloads\MH2Files\motionhanging2\mh2 new movement\Library\ScriptAssemblies\Unity.ProBuilder.Stl.dll
Symbol file LoadedFromMemory is not a mono symbol file
Symbol file data-0000016144FF5820 doesn't match image C:\Users\sam.hamer\Downloads\MH2Files\motionhanging2\mh2 new movement\Library\ScriptAssemblies\Unity.ProBuilder.dll
Symbol file LoadedFromMemory is not a mono symbol file
Symbol file data-000001614F43E010 doesn't match image C:\Users\sam.hamer\Downloads\MH2Files\motionhanging2\mh2 new movement\Library\ScriptAssemblies\Unity.Timeline.Editor.dll
Symbol file LoadedFromMemory is not a mono symbol file
Symbol file data-0000016146EB0030 doesn't match image C:\Users\sam.hamer\Downloads\MH2Files\motionhanging2\mh2 new movement\Library\ScriptAssemblies\Unity.VisualScripting.Shared.Editor.dll
Symbol file LoadedFromMemory is not a mono symbol file
Symbol file data-0000016148325040 doesn't match image C:\Users\sam.hamer\Downloads\MH2Files\motionhanging2\mh2 new movement\Library\ScriptAssemblies\Unity.VisualStudio.Editor.dll
Symbol file LoadedFromMemory is not a mono symbol file
Symbol file data-0000016144F54810 doesn't match image C:\Users\sam.hamer\Downloads\MH2Files\motionhanging2\mh2 new movement\Library\ScriptAssemblies\UnityEditor.UI.dll
Symbol file LoadedFromMemory is not a mono symbol file
Symbol file data-0000016149010080 doesn't match image C:\Users\sam.hamer\Downloads\MH2Files\motionhanging2\mh2 new movement\Library\ScriptAssemblies\Unity.VisualScripting.Core.dll
Symbol file LoadedFromMemory is not a mono symbol file
Symbol file data-0000016145C65F20 doesn't match image C:\Users\sam.hamer\Downloads\MH2Files\motionhanging2\mh2 new movement\Library\ScriptAssemblies\Unity.VisualScripting.Core.Editor.dll
Symbol file LoadedFromMemory is not a mono symbol file
Symbol file data-00000160FB8770D0 doesn't match image C:\Users\sam.hamer\Downloads\MH2Files\motionhanging2\mh2 new movement\Library\ScriptAssemblies\Unity.Rider.Editor.dll
Symbol file LoadedFromMemory is not a mono symbol file
Symbol file data-000001614674ED00 doesn't match image C:\Users\sam.hamer\Downloads\MH2Files\motionhanging2\mh2 new movement\Library\ScriptAssemblies\Unity.ProBuilder.AddOns.Editor.dll
Symbol file LoadedFromMemory is not a mono symbol file
Symbol file data-000001614A965040 doesn't match image C:\Users\sam.hamer\Downloads\MH2Files\motionhanging2\mh2 new movement\Library\ScriptAssemblies\UnityEngine.UI.dll
Symbol file LoadedFromMemory is not a mono symbol file
Symbol file data-000001614962F060 doesn't match image C:\Users\sam.hamer\Downloads\MH2Files\motionhanging2\mh2 new movement\Library\ScriptAssemblies\Unity.ProBuilder.Csg.dll
Symbol file LoadedFromMemory is not a mono symbol file
Symbol file data-000001614B390010 doesn't match image C:\Users\sam.hamer\Downloads\MH2Files\motionhanging2\mh2 new movement\Library\ScriptAssemblies\Unity.VisualScripting.Flow.dll
Symbol file LoadedFromMemory is not a mono symbol file
Symbol file data-0000016145415440 doesn't match image C:\Users\sam.hamer\Downloads\MH2Files\motionhanging2\mh2 new movement\Library\ScriptAssemblies\Unity.VisualScripting.Flow.Editor.dll
Symbol file LoadedFromMemory is not a mono symbol file
Symbol file data-0000016145EAF030 doesn't match image C:\Users\sam.hamer\Downloads\MH2Files\motionhanging2\mh2 new movement\Library\ScriptAssemblies\Unity.Timeline.dll
Symbol file LoadedFromMemory is not a mono symbol file
Symbol file data-0000016103CB2340 doesn't match image C:\Users\sam.hamer\Downloads\MH2Files\motionhanging2\mh2 new movement\Library\ScriptAssemblies\Unity.TestTools.CodeCoverage.Editor.OpenCover.Mono.Reflection.dll
Symbol file LoadedFromMemory is not a mono symbol file
Symbol file data-00000161023B4020 doesn't match image C:\Users\sam.hamer\Downloads\MH2Files\motionhanging2\mh2 new movement\Library\ScriptAssemblies\Unity.ProBuilder.Editor.dll
Symbol file LoadedFromMemory is not a mono symbol file
Symbol file data-00000160B71BAE90 doesn't match image C:\Users\sam.hamer\Downloads\MH2Files\motionhanging2\mh2 new movement\Library\ScriptAssemblies\Unity.VisualScripting.SettingsProvider.Editor.dll
Symbol file LoadedFromMemory is not a mono symbol file
Symbol file data-0000016146C99040 doesn't match image C:\Users\sam.hamer\Downloads\MH2Files\motionhanging2\mh2 new movement\Library\ScriptAssemblies\Unity.Performance.Profile-Analyzer.Editor.dll
Symbol file LoadedFromMemory is not a mono symbol file
Symbol file data-0000016147A79020 doesn't match image C:\Users\sam.hamer\Downloads\MH2Files\motionhanging2\mh2 new movement\Library\ScriptAssemblies\Unity.TestTools.CodeCoverage.Editor.dll
Symbol file LoadedFromMemory is not a mono symbol file
Symbol file data-0000016144EEE030 doesn't match image C:\Users\sam.hamer\Downloads\MH2Files\motionhanging2\mh2 new movement\Library\ScriptAssemblies\Unity.TestTools.CodeCoverage.Editor.OpenCover.Model.dll
Symbol file LoadedFromMemory is not a mono symbol file
Symbol file data-00000160B72815F0 doesn't match image C:\Users\sam.hamer\Downloads\MH2Files\motionhanging2\mh2 new movement\Library\ScriptAssemblies\Unity.PlasticSCM.Editor.dll
Symbol file LoadedFromMemory is not a mono symbol file
Symbol file data-0000015F46666030 doesn't match image C:\Users\sam.hamer\Downloads\MH2Files\motionhanging2\mh2 new movement\Library\ScriptAssemblies\Unity.AI.Navigation.Updater.dll
Symbol file LoadedFromMemory is not a mono symbol file
Symbol file data-00000160FDCB6380 doesn't match image C:\Users\sam.hamer\Downloads\MH2Files\motionhanging2\mh2 new movement\Library\ScriptAssemblies\Unity.ProBuilder.Poly2Tri.dll
Symbol file LoadedFromMemory is not a mono symbol file
Symbol file data-0000016100FB9050 doesn't match image C:\Users\sam.hamer\Downloads\MH2Files\motionhanging2\mh2 new movement\Library\ScriptAssemblies\Unity.VisualScripting.State.Editor.dll
Symbol file LoadedFromMemory is not a mono symbol file
Symbol file data-000001610323BDF0 doesn't match image C:\Users\sam.hamer\Downloads\MH2Files\motionhanging2\mh2 new movement\Library\ScriptAssemblies\Unity.Settings.Editor.dll
Symbol file LoadedFromMemory is not a mono symbol file
Symbol file data-0000016144EEE030 doesn't match image C:\Users\sam.hamer\Downloads\MH2Files\motionhanging2\mh2 new movement\Library\ScriptAssemblies\Unity.ProBuilder.KdTree.dll
Symbol file LoadedFromMemory is not a mono symbol file
Symbol file data-0000016100D4D010 doesn't match image C:\Users\sam.hamer\Downloads\MH2Files\motionhanging2\mh2 new movement\Library\ScriptAssemblies\Unity.CollabProxy.Editor.dll
Symbol file LoadedFromMemory is not a mono symbol file
Symbol file data-0000016144FF5820 doesn't match image C:\Users\sam.hamer\Downloads\MH2Files\motionhanging2\mh2 new movement\Library\ScriptAssemblies\Unity.TextMeshPro.dll
Symbol file LoadedFromMemory is not a mono symbol file
Symbol file data-00000161463A2030 doesn't match image C:\Users\sam.hamer\Downloads\MH2Files\motionhanging2\mh2 new movement\Library\ScriptAssemblies\Unity.TextMeshPro.Editor.dll
Symbol file LoadedFromMemory is not a mono symbol file
Symbol file data-000001614B486040 doesn't match image C:\Users\sam.hamer\Downloads\MH2Files\motionhanging2\mh2 new movement\Library\ScriptAssemblies\Unity.AI.Navigation.Editor.dll
Symbol file LoadedFromMemory is not a mono symbol file
Symbol file data-0000016144EEE030 doesn't match image C:\Users\sam.hamer\Downloads\MH2Files\motionhanging2\mh2 new movement\Library\ScriptAssemblies\Unity.ProBuilder.AssetIdRemapUtility.dll
Symbol file LoadedFromMemory is not a mono symbol file
Symbol file data-0000016144EEE030 doesn't match image C:\Users\sam.hamer\Downloads\MH2Files\motionhanging2\mh2 new movement\Library\ScriptAssemblies\Unity.VisualScripting.State.dll
Symbol file LoadedFromMemory is not a mono symbol file
Symbol file data-00000161490C0070 doesn't match image C:\Users\sam.hamer\Downloads\MH2Files\motionhanging2\mh2 new movement\Library\ScriptAssemblies\Unity.AI.Navigation.Editor.ConversionSystem.dll
Symbol file LoadedFromMemory is not a mono symbol file
Symbol file data-0000016144EEE030 doesn't match image C:\Users\sam.hamer\Downloads\MH2Files\motionhanging2\mh2 new movement\Library\ScriptAssemblies\Unity.VSCode.Editor.dll
Symbol file LoadedFromMemory is not a mono symbol file
- Loaded All Assemblies, in  0.456 seconds
Native extension for WindowsStandalone target not found
Mono: successfully reloaded assembly
- Finished resetting the current domain, in  1.148 seconds
Domain Reload Profiling: 1602ms
	BeginReloadAssembly (144ms)
		ExecutionOrderSort (0ms)
		DisableScriptedObjects (5ms)
		BackupInstance (0ms)
		ReleaseScriptingObjects (0ms)
		CreateAndSetChildDomain (31ms)
	RebuildCommonClasses (24ms)
	RebuildNativeTypeToScriptingClass (8ms)
	initialDomainReloadingComplete (29ms)
	LoadAllAssembliesAndSetupDomain (249ms)
		LoadAssemblies (305ms)
		RebuildTransferFunctionScriptingTraits (0ms)
		AnalyzeDomain (17ms)
			TypeCache.Refresh (6ms)
				TypeCache.ScanAssembly (0ms)
			ScanForSourceGeneratedMonoScriptInfo (0ms)
			ResolveRequiredComponents (9ms)
	FinalizeReload (1148ms)
		ReleaseScriptCaches (0ms)
		RebuildScriptCaches (0ms)
		SetupLoadedEditorAssemblies (426ms)
			LogAssemblyErrors (0ms)
			InitializePlatformSupportModulesInManaged (5ms)
			SetLoadedEditorAssemblies (4ms)
			RefreshPlugins (0ms)
			BeforeProcessingInitializeOnLoad (66ms)
			ProcessInitializeOnLoadAttributes (280ms)
			ProcessInitializeOnLoadMethodAttributes (68ms)
			AfterProcessingInitializeOnLoad (4ms)
			EditorAssembliesLoaded (0ms)
		ExecutionOrderSort2 (0ms)
		AwakeInstancesAfterBackupRestoration (7ms)
Refreshing native plugins compatible for Editor in 3.67 ms, found 3 plugins.
Preloading 0 native plugins for Editor in 0.00 ms.
Unloading 5275 Unused Serialized files (Serialized files now loaded: 0)
Unloading 24 unused Assets / (0.7 MB). Loaded Objects now: 5986.
Memory consumption went from 188.8 MB to 188.0 MB.
Total: 3.928600 ms (FindLiveObjects: 0.393600 ms CreateObjectMapping: 0.279600 ms MarkObjects: 2.760700 ms  DeleteObjects: 0.492900 ms)

Prepare: number of updated asset objects reloaded= 0
AssetImportParameters requested are different than current active one (requested -> active):
  custom:container-demuxer-ogg: 62fdf1f143b41e24485cea50d1cbac27 -> 
  custom:video-codec-MediaFoundation-h265: 746d11721c4dcdbdad8f713fa42b33f4 -> 
  custom:video-decoder-ogg-theora: a1e56fd34408186e4bbccfd4996cb3dc -> 
  custom:framework-win-MediaFoundation: 216162199b28c13a410421893ffa2e32 -> 
  custom:CustomObjectIndexerAttribute: 72b91833f83ae208fae7752999fa3104 -> 
  custom:container-demuxer-webm: 4f35f7cbe854078d1ac9338744f61a02 -> 
  custom:container-muxer-webm: aa71ff27fc2769a1b78a27578f13a17b -> 
  custom:video-decoder-webm-vp8: 9c59270c3fd7afecdb556c50c9e8de78 -> 
  custom:SearchIndexIgnoredProperties: e643bd26f0fe6173181afceb89e7c659 -> 
  custom:AudioImporter_EditorPlatform: d09bf68614088b80899f8185d706f6e7 -> 
  custom:video-encoder-webm-vp8: eb34c28f22e8b96e1ab97ce403110664 -> 
  custom:audio-decoder-ogg-vorbis: bf7c407c2cedff20999df2af8eb42d56 -> 
  custom:audio-encoder-webm-vorbis: bf7c407c2cedff20999df2af8eb42d56 -> 
========================================================================
Received Prepare
Caller must complete domain reload
Begin MonoManager ReloadAssembly
Symbol file data-0000016145B58440 doesn't match image C:\Users\sam.hamer\Downloads\MH2Files\motionhanging2\mh2 new movement\Library\ScriptAssemblies\Unity.EditorCoroutines.Editor.dll
Symbol file LoadedFromMemory is not a mono symbol file
Symbol file data-000001614962F060 doesn't match image C:\Users\sam.hamer\Downloads\MH2Files\motionhanging2\mh2 new movement\Library\ScriptAssemblies\Unity.AI.Navigation.dll
Symbol file LoadedFromMemory is not a mono symbol file
Symbol file data-0000016103CB2340 doesn't match image C:\Users\sam.hamer\Downloads\MH2Files\motionhanging2\mh2 new movement\Library\ScriptAssemblies\Unity.ProBuilder.Stl.dll
Symbol file LoadedFromMemory is not a mono symbol file
Symbol file data-0000016144FF5820 doesn't match image C:\Users\sam.hamer\Downloads\MH2Files\motionhanging2\mh2 new movement\Library\ScriptAssemblies\Unity.ProBuilder.dll
Symbol file LoadedFromMemory is not a mono symbol file
Symbol file data-000001614545B420 doesn't match image C:\Users\sam.hamer\Downloads\MH2Files\motionhanging2\mh2 new movement\Library\ScriptAssemblies\Unity.Timeline.Editor.dll
Symbol file LoadedFromMemory is not a mono symbol file
Symbol file data-0000015F46666030 doesn't match image C:\Users\sam.hamer\Downloads\MH2Files\motionhanging2\mh2 new movement\Library\ScriptAssemblies\Unity.VisualScripting.Shared.Editor.dll
Symbol file LoadedFromMemory is not a mono symbol file
Symbol file data-0000016148325040 doesn't match image C:\Users\sam.hamer\Downloads\MH2Files\motionhanging2\mh2 new movement\Library\ScriptAssemblies\Unity.VisualStudio.Editor.dll
Symbol file LoadedFromMemory is not a mono symbol file
Symbol file data-0000016144F54810 doesn't match image C:\Users\sam.hamer\Downloads\MH2Files\motionhanging2\mh2 new movement\Library\ScriptAssemblies\UnityEditor.UI.dll
Symbol file LoadedFromMemory is not a mono symbol file
Symbol file data-000001614AB76090 doesn't match image C:\Users\sam.hamer\Downloads\MH2Files\motionhanging2\mh2 new movement\Library\ScriptAssemblies\Unity.VisualScripting.Core.dll
Symbol file LoadedFromMemory is not a mono symbol file
Symbol file data-0000016146E02010 doesn't match image C:\Users\sam.hamer\Downloads\MH2Files\motionhanging2\mh2 new movement\Library\ScriptAssemblies\Unity.VisualScripting.Core.Editor.dll
Symbol file LoadedFromMemory is not a mono symbol file
Symbol file data-00000160FB8770D0 doesn't match image C:\Users\sam.hamer\Downloads\MH2Files\motionhanging2\mh2 new movement\Library\ScriptAssemblies\Unity.Rider.Editor.dll
Symbol file LoadedFromMemory is not a mono symbol file
Symbol file data-000001614674ED00 doesn't match image C:\Users\sam.hamer\Downloads\MH2Files\motionhanging2\mh2 new movement\Library\ScriptAssemblies\Unity.ProBuilder.AddOns.Editor.dll
Symbol file LoadedFromMemory is not a mono symbol file
Symbol file data-000001614A965040 doesn't match image C:\Users\sam.hamer\Downloads\MH2Files\motionhanging2\mh2 new movement\Library\ScriptAssemblies\UnityEngine.UI.dll
Symbol file LoadedFromMemory is not a mono symbol file
Symbol file data-000001614962F060 doesn't match image C:\Users\sam.hamer\Downloads\MH2Files\motionhanging2\mh2 new movement\Library\ScriptAssemblies\Unity.ProBuilder.Csg.dll
Symbol file LoadedFromMemory is not a mono symbol file
Symbol file data-0000016150287010 doesn't match image C:\Users\sam.hamer\Downloads\MH2Files\motionhanging2\mh2 new movement\Library\ScriptAssemblies\Unity.VisualScripting.Flow.dll
Symbol file LoadedFromMemory is not a mono symbol file
Symbol file data-0000016145415440 doesn't match image C:\Users\sam.hamer\Downloads\MH2Files\motionhanging2\mh2 new movement\Library\ScriptAssemblies\Unity.VisualScripting.Flow.Editor.dll
Symbol file LoadedFromMemory is not a mono symbol file
Symbol file data-0000016145EAF030 doesn't match image C:\Users\sam.hamer\Downloads\MH2Files\motionhanging2\mh2 new movement\Library\ScriptAssemblies\Unity.Timeline.dll
Symbol file LoadedFromMemory is not a mono symbol file
Symbol file data-0000016103CB2340 doesn't match image C:\Users\sam.hamer\Downloads\MH2Files\motionhanging2\mh2 new movement\Library\ScriptAssemblies\Unity.TestTools.CodeCoverage.Editor.OpenCover.Mono.Reflection.dll
Symbol file LoadedFromMemory is not a mono symbol file
Symbol file data-00000161023B4020 doesn't match image C:\Users\sam.hamer\Downloads\MH2Files\motionhanging2\mh2 new movement\Library\ScriptAssemblies\Unity.ProBuilder.Editor.dll
Symbol file LoadedFromMemory is not a mono symbol file
Symbol file data-0000016146A628E0 doesn't match image C:\Users\sam.hamer\Downloads\MH2Files\motionhanging2\mh2 new movement\Library\ScriptAssemblies\Unity.VisualScripting.SettingsProvider.Editor.dll
Symbol file LoadedFromMemory is not a mono symbol file
Symbol file data-0000016146C99040 doesn't match image C:\Users\sam.hamer\Downloads\MH2Files\motionhanging2\mh2 new movement\Library\ScriptAssemblies\Unity.Performance.Profile-Analyzer.Editor.dll
Symbol file LoadedFromMemory is not a mono symbol file
Symbol file data-0000016102392010 doesn't match image C:\Users\sam.hamer\Downloads\MH2Files\motionhanging2\mh2 new movement\Library\ScriptAssemblies\Unity.TestTools.CodeCoverage.Editor.dll
Symbol file LoadedFromMemory is not a mono symbol file
Symbol file data-0000016101F37330 doesn't match image C:\Users\sam.hamer\Downloads\MH2Files\motionhanging2\mh2 new movement\Library\ScriptAssemblies\Unity.TestTools.CodeCoverage.Editor.OpenCover.Model.dll
Symbol file LoadedFromMemory is not a mono symbol file
Symbol file data-00000160B72815F0 doesn't match image C:\Users\sam.hamer\Downloads\MH2Files\motionhanging2\mh2 new movement\Library\ScriptAssemblies\Unity.PlasticSCM.Editor.dll
Symbol file LoadedFromMemory is not a mono symbol file
Symbol file data-0000016146A71B00 doesn't match image C:\Users\sam.hamer\Downloads\MH2Files\motionhanging2\mh2 new movement\Library\ScriptAssemblies\Unity.AI.Navigation.Updater.dll
Symbol file LoadedFromMemory is not a mono symbol file
Symbol file data-00000160FDCB6380 doesn't match image C:\Users\sam.hamer\Downloads\MH2Files\motionhanging2\mh2 new movement\Library\ScriptAssemblies\Unity.ProBuilder.Poly2Tri.dll
Symbol file LoadedFromMemory is not a mono symbol file
Symbol file data-0000016100FB9050 doesn't match image C:\Users\sam.hamer\Downloads\MH2Files\motionhanging2\mh2 new movement\Library\ScriptAssemblies\Unity.VisualScripting.State.Editor.dll
Symbol file LoadedFromMemory is not a mono symbol file
Symbol file data-0000015F46F619A0 doesn't match image C:\Users\sam.hamer\Downloads\MH2Files\motionhanging2\mh2 new movement\Library\ScriptAssemblies\Unity.Settings.Editor.dll
Symbol file LoadedFromMemory is not a mono symbol file
Symbol file data-00000160FAEA6030 doesn't match image C:\Users\sam.hamer\Downloads\MH2Files\motionhanging2\mh2 new movement\Library\ScriptAssemblies\Unity.ProBuilder.KdTree.dll
Symbol file LoadedFromMemory is not a mono symbol file
Symbol file data-0000016100D4D010 doesn't match image C:\Users\sam.hamer\Downloads\MH2Files\motionhanging2\mh2 new movement\Library\ScriptAssemblies\Unity.CollabProxy.Editor.dll
Symbol file LoadedFromMemory is not a mono symbol file
Symbol file data-0000016144FF5820 doesn't match image C:\Users\sam.hamer\Downloads\MH2Files\motionhanging2\mh2 new movement\Library\ScriptAssemblies\Unity.TextMeshPro.dll
Symbol file LoadedFromMemory is not a mono symbol file
Symbol file data-00000161463A2030 doesn't match image C:\Users\sam.hamer\Downloads\MH2Files\motionhanging2\mh2 new movement\Library\ScriptAssemblies\Unity.TextMeshPro.Editor.dll
Symbol file LoadedFromMemory is not a mono symbol file
Symbol file data-0000016102595430 doesn't match image C:\Users\sam.hamer\Downloads\MH2Files\motionhanging2\mh2 new movement\Library\ScriptAssemblies\Unity.AI.Navigation.Editor.dll
Symbol file LoadedFromMemory is not a mono symbol file
Symbol file data-0000016101F37330 doesn't match image C:\Users\sam.hamer\Downloads\MH2Files\motionhanging2\mh2 new movement\Library\ScriptAssemblies\Unity.ProBuilder.AssetIdRemapUtility.dll
Symbol file LoadedFromMemory is not a mono symbol file
Symbol file data-0000016101F37330 doesn't match image C:\Users\sam.hamer\Downloads\MH2Files\motionhanging2\mh2 new movement\Library\ScriptAssemblies\Unity.VisualScripting.State.dll
Symbol file LoadedFromMemory is not a mono symbol file
Symbol file data-000001614962F060 doesn't match image C:\Users\sam.hamer\Downloads\MH2Files\motionhanging2\mh2 new movement\Library\ScriptAssemblies\Unity.AI.Navigation.Editor.ConversionSystem.dll
Symbol file LoadedFromMemory is not a mono symbol file
Symbol file data-0000016101F37330 doesn't match image C:\Users\sam.hamer\Downloads\MH2Files\motionhanging2\mh2 new movement\Library\ScriptAssemblies\Unity.VSCode.Editor.dll
Symbol file LoadedFromMemory is not a mono symbol file
- Loaded All Assemblies, in  0.495 seconds
Native extension for WindowsStandalone target not found
Mono: successfully reloaded assembly
- Finished resetting the current domain, in  1.721 seconds
Domain Reload Profiling: 2215ms
	BeginReloadAssembly (140ms)
		ExecutionOrderSort (0ms)
		DisableScriptedObjects (4ms)
		BackupInstance (0ms)
		ReleaseScriptingObjects (0ms)
		CreateAndSetChildDomain (31ms)
	RebuildCommonClasses (32ms)
	RebuildNativeTypeToScriptingClass (8ms)
	initialDomainReloadingComplete (23ms)
	LoadAllAssembliesAndSetupDomain (292ms)
		LoadAssemblies (346ms)
		RebuildTransferFunctionScriptingTraits (0ms)
		AnalyzeDomain (18ms)
			TypeCache.Refresh (7ms)
				TypeCache.ScanAssembly (0ms)
			ScanForSourceGeneratedMonoScriptInfo (0ms)
			ResolveRequiredComponents (9ms)
	FinalizeReload (1721ms)
		ReleaseScriptCaches (0ms)
		RebuildScriptCaches (0ms)
		SetupLoadedEditorAssemblies (490ms)
			LogAssemblyErrors (0ms)
			InitializePlatformSupportModulesInManaged (6ms)
			SetLoadedEditorAssemblies (5ms)
			RefreshPlugins (0ms)
			BeforeProcessingInitializeOnLoad (85ms)
			ProcessInitializeOnLoadAttributes (318ms)
			ProcessInitializeOnLoadMethodAttributes (71ms)
			AfterProcessingInitializeOnLoad (5ms)
			EditorAssembliesLoaded (0ms)
		ExecutionOrderSort2 (0ms)
		AwakeInstancesAfterBackupRestoration (7ms)
Refreshing native plugins compatible for Editor in 3.77 ms, found 3 plugins.
Preloading 0 native plugins for Editor in 0.00 ms.
Unloading 5275 Unused Serialized files (Serialized files now loaded: 0)
Unloading 24 unused Assets / (0.7 MB). Loaded Objects now: 5989.
Memory consumption went from 188.8 MB to 188.0 MB.
Total: 4.627700 ms (FindLiveObjects: 0.407100 ms CreateObjectMapping: 0.540300 ms MarkObjects: 3.048200 ms  DeleteObjects: 0.630600 ms)

Prepare: number of updated asset objects reloaded= 0
AssetImportParameters requested are different than current active one (requested -> active):
  custom:container-demuxer-ogg: 62fdf1f143b41e24485cea50d1cbac27 -> 
  custom:video-codec-MediaFoundation-h265: 746d11721c4dcdbdad8f713fa42b33f4 -> 
  custom:video-decoder-ogg-theora: a1e56fd34408186e4bbccfd4996cb3dc -> 
  custom:framework-win-MediaFoundation: 216162199b28c13a410421893ffa2e32 -> 
  custom:CustomObjectIndexerAttribute: 72b91833f83ae208fae7752999fa3104 -> 
  custom:container-demuxer-webm: 4f35f7cbe854078d1ac9338744f61a02 -> 
  custom:container-muxer-webm: aa71ff27fc2769a1b78a27578f13a17b -> 
  custom:video-decoder-webm-vp8: 9c59270c3fd7afecdb556c50c9e8de78 -> 
  custom:SearchIndexIgnoredProperties: e643bd26f0fe6173181afceb89e7c659 -> 
  custom:AudioImporter_EditorPlatform: d09bf68614088b80899f8185d706f6e7 -> 
  custom:video-encoder-webm-vp8: eb34c28f22e8b96e1ab97ce403110664 -> 
  custom:audio-decoder-ogg-vorbis: bf7c407c2cedff20999df2af8eb42d56 -> 
  custom:audio-encoder-webm-vorbis: bf7c407c2cedff20999df2af8eb42d56 -> 
========================================================================
Received Prepare
Caller must complete domain reload
Begin MonoManager ReloadAssembly
Symbol file data-0000016145B58440 doesn't match image C:\Users\sam.hamer\Downloads\MH2Files\motionhanging2\mh2 new movement\Library\ScriptAssemblies\Unity.EditorCoroutines.Editor.dll
Symbol file LoadedFromMemory is not a mono symbol file
Symbol file data-000001614962F060 doesn't match image C:\Users\sam.hamer\Downloads\MH2Files\motionhanging2\mh2 new movement\Library\ScriptAssemblies\Unity.AI.Navigation.dll
Symbol file LoadedFromMemory is not a mono symbol file
Symbol file data-0000016103CB2340 doesn't match image C:\Users\sam.hamer\Downloads\MH2Files\motionhanging2\mh2 new movement\Library\ScriptAssemblies\Unity.ProBuilder.Stl.dll
Symbol file LoadedFromMemory is not a mono symbol file
Symbol file data-0000016144FF5820 doesn't match image C:\Users\sam.hamer\Downloads\MH2Files\motionhanging2\mh2 new movement\Library\ScriptAssemblies\Unity.ProBuilder.dll
Symbol file LoadedFromMemory is not a mono symbol file
Symbol file data-000001614DA31010 doesn't match image C:\Users\sam.hamer\Downloads\MH2Files\motionhanging2\mh2 new movement\Library\ScriptAssemblies\Unity.Timeline.Editor.dll
Symbol file LoadedFromMemory is not a mono symbol file
Symbol file data-0000015F46666030 doesn't match image C:\Users\sam.hamer\Downloads\MH2Files\motionhanging2\mh2 new movement\Library\ScriptAssemblies\Unity.VisualScripting.Shared.Editor.dll
Symbol file LoadedFromMemory is not a mono symbol file
Symbol file data-0000016148325040 doesn't match image C:\Users\sam.hamer\Downloads\MH2Files\motionhanging2\mh2 new movement\Library\ScriptAssemblies\Unity.VisualStudio.Editor.dll
Symbol file LoadedFromMemory is not a mono symbol file
Symbol file data-0000016144F54810 doesn't match image C:\Users\sam.hamer\Downloads\MH2Files\motionhanging2\mh2 new movement\Library\ScriptAssemblies\UnityEditor.UI.dll
Symbol file LoadedFromMemory is not a mono symbol file
Symbol file data-000001614AB76090 doesn't match image C:\Users\sam.hamer\Downloads\MH2Files\motionhanging2\mh2 new movement\Library\ScriptAssemblies\Unity.VisualScripting.Core.dll
Symbol file LoadedFromMemory is not a mono symbol file
Symbol file data-0000016146E02010 doesn't match image C:\Users\sam.hamer\Downloads\MH2Files\motionhanging2\mh2 new movement\Library\ScriptAssemblies\Unity.VisualScripting.Core.Editor.dll
Symbol file LoadedFromMemory is not a mono symbol file
Symbol file data-00000160FB8770D0 doesn't match image C:\Users\sam.hamer\Downloads\MH2Files\motionhanging2\mh2 new movement\Library\ScriptAssemblies\Unity.Rider.Editor.dll
Symbol file LoadedFromMemory is not a mono symbol file
Symbol file data-000001614674ED00 doesn't match image C:\Users\sam.hamer\Downloads\MH2Files\motionhanging2\mh2 new movement\Library\ScriptAssemblies\Unity.ProBuilder.AddOns.Editor.dll
Symbol file LoadedFromMemory is not a mono symbol file
Symbol file data-000001614A965040 doesn't match image C:\Users\sam.hamer\Downloads\MH2Files\motionhanging2\mh2 new movement\Library\ScriptAssemblies\UnityEngine.UI.dll
Symbol file LoadedFromMemory is not a mono symbol file
Symbol file data-000001614962F060 doesn't match image C:\Users\sam.hamer\Downloads\MH2Files\motionhanging2\mh2 new movement\Library\ScriptAssemblies\Unity.ProBuilder.Csg.dll
Symbol file LoadedFromMemory is not a mono symbol file
Symbol file data-000001614B390010 doesn't match image C:\Users\sam.hamer\Downloads\MH2Files\motionhanging2\mh2 new movement\Library\ScriptAssemblies\Unity.VisualScripting.Flow.dll
Symbol file LoadedFromMemory is not a mono symbol file
Symbol file data-0000016145415440 doesn't match image C:\Users\sam.hamer\Downloads\MH2Files\motionhanging2\mh2 new movement\Library\ScriptAssemblies\Unity.VisualScripting.Flow.Editor.dll
Symbol file LoadedFromMemory is not a mono symbol file
Symbol file data-0000016145EAF030 doesn't match image C:\Users\sam.hamer\Downloads\MH2Files\motionhanging2\mh2 new movement\Library\ScriptAssemblies\Unity.Timeline.dll
Symbol file LoadedFromMemory is not a mono symbol file
Symbol file data-0000016103CB2340 doesn't match image C:\Users\sam.hamer\Downloads\MH2Files\motionhanging2\mh2 new movement\Library\ScriptAssemblies\Unity.TestTools.CodeCoverage.Editor.OpenCover.Mono.Reflection.dll
Symbol file LoadedFromMemory is not a mono symbol file
Symbol file data-00000161023B4020 doesn't match image C:\Users\sam.hamer\Downloads\MH2Files\motionhanging2\mh2 new movement\Library\ScriptAssemblies\Unity.ProBuilder.Editor.dll
Symbol file LoadedFromMemory is not a mono symbol file
Symbol file data-0000016146A628E0 doesn't match image C:\Users\sam.hamer\Downloads\MH2Files\motionhanging2\mh2 new movement\Library\ScriptAssemblies\Unity.VisualScripting.SettingsProvider.Editor.dll
Symbol file LoadedFromMemory is not a mono symbol file
Symbol file data-0000016146C99040 doesn't match image C:\Users\sam.hamer\Downloads\MH2Files\motionhanging2\mh2 new movement\Library\ScriptAssemblies\Unity.Performance.Profile-Analyzer.Editor.dll
Symbol file LoadedFromMemory is not a mono symbol file
Symbol file data-0000016102392010 doesn't match image C:\Users\sam.hamer\Downloads\MH2Files\motionhanging2\mh2 new movement\Library\ScriptAssemblies\Unity.TestTools.CodeCoverage.Editor.dll
Symbol file LoadedFromMemory is not a mono symbol file
Symbol file data-0000016101F37330 doesn't match image C:\Users\sam.hamer\Downloads\MH2Files\motionhanging2\mh2 new movement\Library\ScriptAssemblies\Unity.TestTools.CodeCoverage.Editor.OpenCover.Model.dll
Symbol file LoadedFromMemory is not a mono symbol file
Symbol file data-00000160B72815F0 doesn't match image C:\Users\sam.hamer\Downloads\MH2Files\motionhanging2\mh2 new movement\Library\ScriptAssemblies\Unity.PlasticSCM.Editor.dll
Symbol file LoadedFromMemory is not a mono symbol file
Symbol file data-0000016103FE7010 doesn't match image C:\Users\sam.hamer\Downloads\MH2Files\motionhanging2\mh2 new movement\Library\ScriptAssemblies\Unity.AI.Navigation.Updater.dll
Symbol file LoadedFromMemory is not a mono symbol file
Symbol file data-00000160FDCB6380 doesn't match image C:\Users\sam.hamer\Downloads\MH2Files\motionhanging2\mh2 new movement\Library\ScriptAssemblies\Unity.ProBuilder.Poly2Tri.dll
Symbol file LoadedFromMemory is not a mono symbol file
Symbol file data-0000016100FB9050 doesn't match image C:\Users\sam.hamer\Downloads\MH2Files\motionhanging2\mh2 new movement\Library\ScriptAssemblies\Unity.VisualScripting.State.Editor.dll
Symbol file LoadedFromMemory is not a mono symbol file
Symbol file data-0000015F46F619A0 doesn't match image C:\Users\sam.hamer\Downloads\MH2Files\motionhanging2\mh2 new movement\Library\ScriptAssemblies\Unity.Settings.Editor.dll
Symbol file LoadedFromMemory is not a mono symbol file
Symbol file data-00000160FAEA6030 doesn't match image C:\Users\sam.hamer\Downloads\MH2Files\motionhanging2\mh2 new movement\Library\ScriptAssemblies\Unity.ProBuilder.KdTree.dll
Symbol file LoadedFromMemory is not a mono symbol file
Symbol file data-0000016100D4D010 doesn't match image C:\Users\sam.hamer\Downloads\MH2Files\motionhanging2\mh2 new movement\Library\ScriptAssemblies\Unity.CollabProxy.Editor.dll
Symbol file LoadedFromMemory is not a mono symbol file
Symbol file data-0000016144FF5820 doesn't match image C:\Users\sam.hamer\Downloads\MH2Files\motionhanging2\mh2 new movement\Library\ScriptAssemblies\Unity.TextMeshPro.dll
Symbol file LoadedFromMemory is not a mono symbol file
Symbol file data-00000161463A2030 doesn't match image C:\Users\sam.hamer\Downloads\MH2Files\motionhanging2\mh2 new movement\Library\ScriptAssemblies\Unity.TextMeshPro.Editor.dll
Symbol file LoadedFromMemory is not a mono symbol file
Symbol file data-0000016102595430 doesn't match image C:\Users\sam.hamer\Downloads\MH2Files\motionhanging2\mh2 new movement\Library\ScriptAssemblies\Unity.AI.Navigation.Editor.dll
Symbol file LoadedFromMemory is not a mono symbol file
Symbol file data-0000016101F37330 doesn't match image C:\Users\sam.hamer\Downloads\MH2Files\motionhanging2\mh2 new movement\Library\ScriptAssemblies\Unity.ProBuilder.AssetIdRemapUtility.dll
Symbol file LoadedFromMemory is not a mono symbol file
Symbol file data-0000016101F37330 doesn't match image C:\Users\sam.hamer\Downloads\MH2Files\motionhanging2\mh2 new movement\Library\ScriptAssemblies\Unity.VisualScripting.State.dll
Symbol file LoadedFromMemory is not a mono symbol file
Symbol file data-000001614962F060 doesn't match image C:\Users\sam.hamer\Downloads\MH2Files\motionhanging2\mh2 new movement\Library\ScriptAssemblies\Unity.AI.Navigation.Editor.ConversionSystem.dll
Symbol file LoadedFromMemory is not a mono symbol file
Symbol file data-0000016101F37330 doesn't match image C:\Users\sam.hamer\Downloads\MH2Files\motionhanging2\mh2 new movement\Library\ScriptAssemblies\Unity.VSCode.Editor.dll
Symbol file LoadedFromMemory is not a mono symbol file
- Loaded All Assemblies, in  0.465 seconds
Native extension for WindowsStandalone target not found
Mono: successfully reloaded assembly
- Finished resetting the current domain, in  0.997 seconds
Domain Reload Profiling: 1461ms
	BeginReloadAssembly (154ms)
		ExecutionOrderSort (0ms)
		DisableScriptedObjects (4ms)
		BackupInstance (0ms)
		ReleaseScriptingObjects (0ms)
		CreateAndSetChildDomain (33ms)
	RebuildCommonClasses (30ms)
	RebuildNativeTypeToScriptingClass (8ms)
	initialDomainReloadingComplete (30ms)
	LoadAllAssembliesAndSetupDomain (242ms)
		LoadAssemblies (306ms)
		RebuildTransferFunctionScriptingTraits (0ms)
		AnalyzeDomain (20ms)
			TypeCache.Refresh (6ms)
				TypeCache.ScanAssembly (0ms)
			ScanForSourceGeneratedMonoScriptInfo (0ms)
			ResolveRequiredComponents (9ms)
	FinalizeReload (998ms)
		ReleaseScriptCaches (0ms)
		RebuildScriptCaches (0ms)
		SetupLoadedEditorAssemblies (452ms)
			LogAssemblyErrors (0ms)
			InitializePlatformSupportModulesInManaged (5ms)
			SetLoadedEditorAssemblies (5ms)
			RefreshPlugins (0ms)
			BeforeProcessingInitializeOnLoad (64ms)
			ProcessInitializeOnLoadAttributes (304ms)
			ProcessInitializeOnLoadMethodAttributes (70ms)
			AfterProcessingInitializeOnLoad (4ms)
			EditorAssembliesLoaded (0ms)
		ExecutionOrderSort2 (0ms)
		AwakeInstancesAfterBackupRestoration (7ms)
Refreshing native plugins compatible for Editor in 3.61 ms, found 3 plugins.
Preloading 0 native plugins for Editor in 0.00 ms.
Unloading 5275 Unused Serialized files (Serialized files now loaded: 0)
Unloading 24 unused Assets / (0.7 MB). Loaded Objects now: 5992.
Memory consumption went from 188.8 MB to 188.0 MB.
Total: 4.831000 ms (FindLiveObjects: 0.566700 ms CreateObjectMapping: 0.579400 ms MarkObjects: 3.123400 ms  DeleteObjects: 0.559700 ms)

Prepare: number of updated asset objects reloaded= 0
AssetImportParameters requested are different than current active one (requested -> active):
  custom:container-demuxer-ogg: 62fdf1f143b41e24485cea50d1cbac27 -> 
  custom:video-codec-MediaFoundation-h265: 746d11721c4dcdbdad8f713fa42b33f4 -> 
  custom:video-decoder-ogg-theora: a1e56fd34408186e4bbccfd4996cb3dc -> 
  custom:framework-win-MediaFoundation: 216162199b28c13a410421893ffa2e32 -> 
  custom:CustomObjectIndexerAttribute: 72b91833f83ae208fae7752999fa3104 -> 
  custom:container-demuxer-webm: 4f35f7cbe854078d1ac9338744f61a02 -> 
  custom:container-muxer-webm: aa71ff27fc2769a1b78a27578f13a17b -> 
  custom:video-decoder-webm-vp8: 9c59270c3fd7afecdb556c50c9e8de78 -> 
  custom:SearchIndexIgnoredProperties: e643bd26f0fe6173181afceb89e7c659 -> 
  custom:AudioImporter_EditorPlatform: d09bf68614088b80899f8185d706f6e7 -> 
  custom:video-encoder-webm-vp8: eb34c28f22e8b96e1ab97ce403110664 -> 
  custom:audio-decoder-ogg-vorbis: bf7c407c2cedff20999df2af8eb42d56 -> 
  custom:audio-encoder-webm-vorbis: bf7c407c2cedff20999df2af8eb42d56 -> 
========================================================================
Received Prepare
Caller must complete domain reload
Begin MonoManager ReloadAssembly
Symbol file data-00000161003A1E60 doesn't match image C:\Users\sam.hamer\Downloads\MH2Files\motionhanging2\mh2 new movement\Library\ScriptAssemblies\Unity.EditorCoroutines.Editor.dll
Symbol file LoadedFromMemory is not a mono symbol file
Symbol file data-00000161490C0070 doesn't match image C:\Users\sam.hamer\Downloads\MH2Files\motionhanging2\mh2 new movement\Library\ScriptAssemblies\Unity.AI.Navigation.dll
Symbol file LoadedFromMemory is not a mono symbol file
Symbol file data-0000016103CB2340 doesn't match image C:\Users\sam.hamer\Downloads\MH2Files\motionhanging2\mh2 new movement\Library\ScriptAssemblies\Unity.ProBuilder.Stl.dll
Symbol file LoadedFromMemory is not a mono symbol file
Symbol file data-0000016144FF5820 doesn't match image C:\Users\sam.hamer\Downloads\MH2Files\motionhanging2\mh2 new movement\Library\ScriptAssemblies\Unity.ProBuilder.dll
Symbol file LoadedFromMemory is not a mono symbol file
Symbol file data-000001614545B420 doesn't match image C:\Users\sam.hamer\Downloads\MH2Files\motionhanging2\mh2 new movement\Library\ScriptAssemblies\Unity.Timeline.Editor.dll
Symbol file LoadedFromMemory is not a mono symbol file
Symbol file data-0000016102929340 doesn't match image C:\Users\sam.hamer\Downloads\MH2Files\motionhanging2\mh2 new movement\Library\ScriptAssemblies\Unity.VisualScripting.Shared.Editor.dll
Symbol file LoadedFromMemory is not a mono symbol file
Symbol file data-0000016100CF6030 doesn't match image C:\Users\sam.hamer\Downloads\MH2Files\motionhanging2\mh2 new movement\Library\ScriptAssemblies\Unity.VisualStudio.Editor.dll
Symbol file LoadedFromMemory is not a mono symbol file
Symbol file data-0000016144F54810 doesn't match image C:\Users\sam.hamer\Downloads\MH2Files\motionhanging2\mh2 new movement\Library\ScriptAssemblies\UnityEditor.UI.dll
Symbol file LoadedFromMemory is not a mono symbol file
Symbol file data-000001614E2CE0A0 doesn't match image C:\Users\sam.hamer\Downloads\MH2Files\motionhanging2\mh2 new movement\Library\ScriptAssemblies\Unity.VisualScripting.Core.dll
Symbol file LoadedFromMemory is not a mono symbol file
Symbol file data-0000016146FDED80 doesn't match image C:\Users\sam.hamer\Downloads\MH2Files\motionhanging2\mh2 new movement\Library\ScriptAssemblies\Unity.VisualScripting.Core.Editor.dll
Symbol file LoadedFromMemory is not a mono symbol file
Symbol file data-00000160FB8770D0 doesn't match image C:\Users\sam.hamer\Downloads\MH2Files\motionhanging2\mh2 new movement\Library\ScriptAssemblies\Unity.Rider.Editor.dll
Symbol file LoadedFromMemory is not a mono symbol file
Symbol file data-000001614674ED00 doesn't match image C:\Users\sam.hamer\Downloads\MH2Files\motionhanging2\mh2 new movement\Library\ScriptAssemblies\Unity.ProBuilder.AddOns.Editor.dll
Symbol file LoadedFromMemory is not a mono symbol file
Symbol file data-00000160FE4F8010 doesn't match image C:\Users\sam.hamer\Downloads\MH2Files\motionhanging2\mh2 new movement\Library\ScriptAssemblies\UnityEngine.UI.dll
Symbol file LoadedFromMemory is not a mono symbol file
Symbol file data-000001614F9828D0 doesn't match image C:\Users\sam.hamer\Downloads\MH2Files\motionhanging2\mh2 new movement\Library\ScriptAssemblies\Unity.ProBuilder.Csg.dll
Symbol file LoadedFromMemory is not a mono symbol file
Symbol file data-0000016149220010 doesn't match image C:\Users\sam.hamer\Downloads\MH2Files\motionhanging2\mh2 new movement\Library\ScriptAssemblies\Unity.VisualScripting.Flow.dll
Symbol file LoadedFromMemory is not a mono symbol file
Symbol file data-00000161478CF040 doesn't match image C:\Users\sam.hamer\Downloads\MH2Files\motionhanging2\mh2 new movement\Library\ScriptAssemblies\Unity.VisualScripting.Flow.Editor.dll
Symbol file LoadedFromMemory is not a mono symbol file
Symbol file data-0000016146E60050 doesn't match image C:\Users\sam.hamer\Downloads\MH2Files\motionhanging2\mh2 new movement\Library\ScriptAssemblies\Unity.Timeline.dll
Symbol file LoadedFromMemory is not a mono symbol file
Symbol file data-0000016103CB2340 doesn't match image C:\Users\sam.hamer\Downloads\MH2Files\motionhanging2\mh2 new movement\Library\ScriptAssemblies\Unity.TestTools.CodeCoverage.Editor.OpenCover.Mono.Reflection.dll
Symbol file LoadedFromMemory is not a mono symbol file
Symbol file data-00000161023B4020 doesn't match image C:\Users\sam.hamer\Downloads\MH2Files\motionhanging2\mh2 new movement\Library\ScriptAssemblies\Unity.ProBuilder.Editor.dll
Symbol file LoadedFromMemory is not a mono symbol file
Symbol file data-00000160B71BAE90 doesn't match image C:\Users\sam.hamer\Downloads\MH2Files\motionhanging2\mh2 new movement\Library\ScriptAssemblies\Unity.VisualScripting.SettingsProvider.Editor.dll
Symbol file LoadedFromMemory is not a mono symbol file
Symbol file data-00000161478CF040 doesn't match image C:\Users\sam.hamer\Downloads\MH2Files\motionhanging2\mh2 new movement\Library\ScriptAssemblies\Unity.Performance.Profile-Analyzer.Editor.dll
Symbol file LoadedFromMemory is not a mono symbol file
Symbol file data-00000161451DE010 doesn't match image C:\Users\sam.hamer\Downloads\MH2Files\motionhanging2\mh2 new movement\Library\ScriptAssemblies\Unity.TestTools.CodeCoverage.Editor.dll
Symbol file LoadedFromMemory is not a mono symbol file
Symbol file data-0000016104207010 doesn't match image C:\Users\sam.hamer\Downloads\MH2Files\motionhanging2\mh2 new movement\Library\ScriptAssemblies\Unity.TestTools.CodeCoverage.Editor.OpenCover.Model.dll
Symbol file LoadedFromMemory is not a mono symbol file
Symbol file data-00000160B72815F0 doesn't match image C:\Users\sam.hamer\Downloads\MH2Files\motionhanging2\mh2 new movement\Library\ScriptAssemblies\Unity.PlasticSCM.Editor.dll
Symbol file LoadedFromMemory is not a mono symbol file
Symbol file data-0000016103FE7010 doesn't match image C:\Users\sam.hamer\Downloads\MH2Files\motionhanging2\mh2 new movement\Library\ScriptAssemblies\Unity.AI.Navigation.Updater.dll
Symbol file LoadedFromMemory is not a mono symbol file
Symbol file data-0000016147448080 doesn't match image C:\Users\sam.hamer\Downloads\MH2Files\motionhanging2\mh2 new movement\Library\ScriptAssemblies\Unity.ProBuilder.Poly2Tri.dll
Symbol file LoadedFromMemory is not a mono symbol file
Symbol file data-0000016100FB9050 doesn't match image C:\Users\sam.hamer\Downloads\MH2Files\motionhanging2\mh2 new movement\Library\ScriptAssemblies\Unity.VisualScripting.State.Editor.dll
Symbol file LoadedFromMemory is not a mono symbol file
Symbol file data-000001610323BDF0 doesn't match image C:\Users\sam.hamer\Downloads\MH2Files\motionhanging2\mh2 new movement\Library\ScriptAssemblies\Unity.Settings.Editor.dll
Symbol file LoadedFromMemory is not a mono symbol file
Symbol file data-0000016104207010 doesn't match image C:\Users\sam.hamer\Downloads\MH2Files\motionhanging2\mh2 new movement\Library\ScriptAssemblies\Unity.ProBuilder.KdTree.dll
Symbol file LoadedFromMemory is not a mono symbol file
Symbol file data-0000016100D4D010 doesn't match image C:\Users\sam.hamer\Downloads\MH2Files\motionhanging2\mh2 new movement\Library\ScriptAssemblies\Unity.CollabProxy.Editor.dll
Symbol file LoadedFromMemory is not a mono symbol file
Symbol file data-0000016144FF5820 doesn't match image C:\Users\sam.hamer\Downloads\MH2Files\motionhanging2\mh2 new movement\Library\ScriptAssemblies\Unity.TextMeshPro.dll
Symbol file LoadedFromMemory is not a mono symbol file
Symbol file data-000001614AB51060 doesn't match image C:\Users\sam.hamer\Downloads\MH2Files\motionhanging2\mh2 new movement\Library\ScriptAssemblies\Unity.TextMeshPro.Editor.dll
Symbol file LoadedFromMemory is not a mono symbol file
Symbol file data-0000016147B32040 doesn't match image C:\Users\sam.hamer\Downloads\MH2Files\motionhanging2\mh2 new movement\Library\ScriptAssemblies\Unity.AI.Navigation.Editor.dll
Symbol file LoadedFromMemory is not a mono symbol file
Symbol file data-0000016104207010 doesn't match image C:\Users\sam.hamer\Downloads\MH2Files\motionhanging2\mh2 new movement\Library\ScriptAssemblies\Unity.ProBuilder.AssetIdRemapUtility.dll
Symbol file LoadedFromMemory is not a mono symbol file
Symbol file data-0000016101F37330 doesn't match image C:\Users\sam.hamer\Downloads\MH2Files\motionhanging2\mh2 new movement\Library\ScriptAssemblies\Unity.VisualScripting.State.dll
Symbol file LoadedFromMemory is not a mono symbol file
Symbol file data-0000016103310060 doesn't match image C:\Users\sam.hamer\Downloads\MH2Files\motionhanging2\mh2 new movement\Library\ScriptAssemblies\Unity.AI.Navigation.Editor.ConversionSystem.dll
Symbol file LoadedFromMemory is not a mono symbol file
Symbol file data-0000016104207010 doesn't match image C:\Users\sam.hamer\Downloads\MH2Files\motionhanging2\mh2 new movement\Library\ScriptAssemblies\Unity.VSCode.Editor.dll
Symbol file LoadedFromMemory is not a mono symbol file
- Loaded All Assemblies, in  0.422 seconds
Native extension for WindowsStandalone target not found
Mono: successfully reloaded assembly
- Finished resetting the current domain, in  1.023 seconds
Domain Reload Profiling: 1443ms
	BeginReloadAssembly (137ms)
		ExecutionOrderSort (0ms)
		DisableScriptedObjects (4ms)
		BackupInstance (0ms)
		ReleaseScriptingObjects (0ms)
		CreateAndSetChildDomain (31ms)
	RebuildCommonClasses (27ms)
	RebuildNativeTypeToScriptingClass (9ms)
	initialDomainReloadingComplete (22ms)
	LoadAllAssembliesAndSetupDomain (224ms)
		LoadAssemblies (273ms)
		RebuildTransferFunctionScriptingTraits (0ms)
		AnalyzeDomain (20ms)
			TypeCache.Refresh (8ms)
				TypeCache.ScanAssembly (0ms)
			ScanForSourceGeneratedMonoScriptInfo (0ms)
			ResolveRequiredComponents (9ms)
	FinalizeReload (1023ms)
		ReleaseScriptCaches (0ms)
		RebuildScriptCaches (0ms)
		SetupLoadedEditorAssemblies (477ms)
			LogAssemblyErrors (0ms)
			InitializePlatformSupportModulesInManaged (5ms)
			SetLoadedEditorAssemblies (5ms)
			RefreshPlugins (0ms)
			BeforeProcessingInitializeOnLoad (76ms)
			ProcessInitializeOnLoadAttributes (316ms)
			ProcessInitializeOnLoadMethodAttributes (70ms)
			AfterProcessingInitializeOnLoad (5ms)
			EditorAssembliesLoaded (0ms)
		ExecutionOrderSort2 (0ms)
		AwakeInstancesAfterBackupRestoration (6ms)
Refreshing native plugins compatible for Editor in 4.31 ms, found 3 plugins.
Preloading 0 native plugins for Editor in 0.00 ms.
Unloading 5275 Unused Serialized files (Serialized files now loaded: 0)
Unloading 24 unused Assets / (0.7 MB). Loaded Objects now: 5995.
Memory consumption went from 188.8 MB to 188.0 MB.
Total: 3.436300 ms (FindLiveObjects: 0.424100 ms CreateObjectMapping: 0.233200 ms MarkObjects: 2.327400 ms  DeleteObjects: 0.450400 ms)

Prepare: number of updated asset objects reloaded= 0
AssetImportParameters requested are different than current active one (requested -> active):
  custom:container-demuxer-ogg: 62fdf1f143b41e24485cea50d1cbac27 -> 
  custom:video-codec-MediaFoundation-h265: 746d11721c4dcdbdad8f713fa42b33f4 -> 
  custom:video-decoder-ogg-theora: a1e56fd34408186e4bbccfd4996cb3dc -> 
  custom:framework-win-MediaFoundation: 216162199b28c13a410421893ffa2e32 -> 
  custom:CustomObjectIndexerAttribute: 72b91833f83ae208fae7752999fa3104 -> 
  custom:container-demuxer-webm: 4f35f7cbe854078d1ac9338744f61a02 -> 
  custom:container-muxer-webm: aa71ff27fc2769a1b78a27578f13a17b -> 
  custom:video-decoder-webm-vp8: 9c59270c3fd7afecdb556c50c9e8de78 -> 
  custom:SearchIndexIgnoredProperties: e643bd26f0fe6173181afceb89e7c659 -> 
  custom:AudioImporter_EditorPlatform: d09bf68614088b80899f8185d706f6e7 -> 
  custom:video-encoder-webm-vp8: eb34c28f22e8b96e1ab97ce403110664 -> 
  custom:audio-decoder-ogg-vorbis: bf7c407c2cedff20999df2af8eb42d56 -> 
  custom:audio-encoder-webm-vorbis: bf7c407c2cedff20999df2af8eb42d56 -> 
========================================================================
Received Prepare
Caller must complete domain reload
Begin MonoManager ReloadAssembly
Symbol file data-00000161003A1E60 doesn't match image C:\Users\sam.hamer\Downloads\MH2Files\motionhanging2\mh2 new movement\Library\ScriptAssemblies\Unity.EditorCoroutines.Editor.dll
Symbol file LoadedFromMemory is not a mono symbol file
Symbol file data-00000161490C0070 doesn't match image C:\Users\sam.hamer\Downloads\MH2Files\motionhanging2\mh2 new movement\Library\ScriptAssemblies\Unity.AI.Navigation.dll
Symbol file LoadedFromMemory is not a mono symbol file
Symbol file data-0000016103CB2340 doesn't match image C:\Users\sam.hamer\Downloads\MH2Files\motionhanging2\mh2 new movement\Library\ScriptAssemblies\Unity.ProBuilder.Stl.dll
Symbol file LoadedFromMemory is not a mono symbol file
Symbol file data-0000016144FF5820 doesn't match image C:\Users\sam.hamer\Downloads\MH2Files\motionhanging2\mh2 new movement\Library\ScriptAssemblies\Unity.ProBuilder.dll
Symbol file LoadedFromMemory is not a mono symbol file
Symbol file data-000001614545B420 doesn't match image C:\Users\sam.hamer\Downloads\MH2Files\motionhanging2\mh2 new movement\Library\ScriptAssemblies\Unity.Timeline.Editor.dll
Symbol file LoadedFromMemory is not a mono symbol file
Symbol file data-0000016102929340 doesn't match image C:\Users\sam.hamer\Downloads\MH2Files\motionhanging2\mh2 new movement\Library\ScriptAssemblies\Unity.VisualScripting.Shared.Editor.dll
Symbol file LoadedFromMemory is not a mono symbol file
Symbol file data-0000016100CF6030 doesn't match image C:\Users\sam.hamer\Downloads\MH2Files\motionhanging2\mh2 new movement\Library\ScriptAssemblies\Unity.VisualStudio.Editor.dll
Symbol file LoadedFromMemory is not a mono symbol file
Symbol file data-0000016144F54810 doesn't match image C:\Users\sam.hamer\Downloads\MH2Files\motionhanging2\mh2 new movement\Library\ScriptAssemblies\UnityEditor.UI.dll
Symbol file LoadedFromMemory is not a mono symbol file
Symbol file data-000001614E2CE0A0 doesn't match image C:\Users\sam.hamer\Downloads\MH2Files\motionhanging2\mh2 new movement\Library\ScriptAssemblies\Unity.VisualScripting.Core.dll
Symbol file LoadedFromMemory is not a mono symbol file
Symbol file data-0000016146FDED80 doesn't match image C:\Users\sam.hamer\Downloads\MH2Files\motionhanging2\mh2 new movement\Library\ScriptAssemblies\Unity.VisualScripting.Core.Editor.dll
Symbol file LoadedFromMemory is not a mono symbol file
Symbol file data-00000160FB8770D0 doesn't match image C:\Users\sam.hamer\Downloads\MH2Files\motionhanging2\mh2 new movement\Library\ScriptAssemblies\Unity.Rider.Editor.dll
Symbol file LoadedFromMemory is not a mono symbol file
Symbol file data-000001614674ED00 doesn't match image C:\Users\sam.hamer\Downloads\MH2Files\motionhanging2\mh2 new movement\Library\ScriptAssemblies\Unity.ProBuilder.AddOns.Editor.dll
Symbol file LoadedFromMemory is not a mono symbol file
Symbol file data-00000160FE4F8010 doesn't match image C:\Users\sam.hamer\Downloads\MH2Files\motionhanging2\mh2 new movement\Library\ScriptAssemblies\UnityEngine.UI.dll
Symbol file LoadedFromMemory is not a mono symbol file
Symbol file data-000001614F9828D0 doesn't match image C:\Users\sam.hamer\Downloads\MH2Files\motionhanging2\mh2 new movement\Library\ScriptAssemblies\Unity.ProBuilder.Csg.dll
Symbol file LoadedFromMemory is not a mono symbol file
Symbol file data-0000016149220010 doesn't match image C:\Users\sam.hamer\Downloads\MH2Files\motionhanging2\mh2 new movement\Library\ScriptAssemblies\Unity.VisualScripting.Flow.dll
Symbol file LoadedFromMemory is not a mono symbol file
Symbol file data-00000161478CF040 doesn't match image C:\Users\sam.hamer\Downloads\MH2Files\motionhanging2\mh2 new movement\Library\ScriptAssemblies\Unity.VisualScripting.Flow.Editor.dll
Symbol file LoadedFromMemory is not a mono symbol file
Symbol file data-0000016146E60050 doesn't match image C:\Users\sam.hamer\Downloads\MH2Files\motionhanging2\mh2 new movement\Library\ScriptAssemblies\Unity.Timeline.dll
Symbol file LoadedFromMemory is not a mono symbol file
Symbol file data-0000016103CB2340 doesn't match image C:\Users\sam.hamer\Downloads\MH2Files\motionhanging2\mh2 new movement\Library\ScriptAssemblies\Unity.TestTools.CodeCoverage.Editor.OpenCover.Mono.Reflection.dll
Symbol file LoadedFromMemory is not a mono symbol file
Symbol file data-00000161023B4020 doesn't match image C:\Users\sam.hamer\Downloads\MH2Files\motionhanging2\mh2 new movement\Library\ScriptAssemblies\Unity.ProBuilder.Editor.dll
Symbol file LoadedFromMemory is not a mono symbol file
Symbol file data-00000160B71BAE90 doesn't match image C:\Users\sam.hamer\Downloads\MH2Files\motionhanging2\mh2 new movement\Library\ScriptAssemblies\Unity.VisualScripting.SettingsProvider.Editor.dll
Symbol file LoadedFromMemory is not a mono symbol file
Symbol file data-00000161478CF040 doesn't match image C:\Users\sam.hamer\Downloads\MH2Files\motionhanging2\mh2 new movement\Library\ScriptAssemblies\Unity.Performance.Profile-Analyzer.Editor.dll
Symbol file LoadedFromMemory is not a mono symbol file
Symbol file data-00000161451DE010 doesn't match image C:\Users\sam.hamer\Downloads\MH2Files\motionhanging2\mh2 new movement\Library\ScriptAssemblies\Unity.TestTools.CodeCoverage.Editor.dll
Symbol file LoadedFromMemory is not a mono symbol file
Symbol file data-0000016104207010 doesn't match image C:\Users\sam.hamer\Downloads\MH2Files\motionhanging2\mh2 new movement\Library\ScriptAssemblies\Unity.TestTools.CodeCoverage.Editor.OpenCover.Model.dll
Symbol file LoadedFromMemory is not a mono symbol file
Symbol file data-00000160B72815F0 doesn't match image C:\Users\sam.hamer\Downloads\MH2Files\motionhanging2\mh2 new movement\Library\ScriptAssemblies\Unity.PlasticSCM.Editor.dll
Symbol file LoadedFromMemory is not a mono symbol file
Symbol file data-0000016103FE7010 doesn't match image C:\Users\sam.hamer\Downloads\MH2Files\motionhanging2\mh2 new movement\Library\ScriptAssemblies\Unity.AI.Navigation.Updater.dll
Symbol file LoadedFromMemory is not a mono symbol file
Symbol file data-0000016147448080 doesn't match image C:\Users\sam.hamer\Downloads\MH2Files\motionhanging2\mh2 new movement\Library\ScriptAssemblies\Unity.ProBuilder.Poly2Tri.dll
Symbol file LoadedFromMemory is not a mono symbol file
Symbol file data-0000016100FB9050 doesn't match image C:\Users\sam.hamer\Downloads\MH2Files\motionhanging2\mh2 new movement\Library\ScriptAssemblies\Unity.VisualScripting.State.Editor.dll
Symbol file LoadedFromMemory is not a mono symbol file
Symbol file data-000001610323BDF0 doesn't match image C:\Users\sam.hamer\Downloads\MH2Files\motionhanging2\mh2 new movement\Library\ScriptAssemblies\Unity.Settings.Editor.dll
Symbol file LoadedFromMemory is not a mono symbol file
Symbol file data-0000016104207010 doesn't match image C:\Users\sam.hamer\Downloads\MH2Files\motionhanging2\mh2 new movement\Library\ScriptAssemblies\Unity.ProBuilder.KdTree.dll
Symbol file LoadedFromMemory is not a mono symbol file
Symbol file data-0000016100D4D010 doesn't match image C:\Users\sam.hamer\Downloads\MH2Files\motionhanging2\mh2 new movement\Library\ScriptAssemblies\Unity.CollabProxy.Editor.dll
Symbol file LoadedFromMemory is not a mono symbol file
Symbol file data-0000016144FF5820 doesn't match image C:\Users\sam.hamer\Downloads\MH2Files\motionhanging2\mh2 new movement\Library\ScriptAssemblies\Unity.TextMeshPro.dll
Symbol file LoadedFromMemory is not a mono symbol file
Symbol file data-000001614AB51060 doesn't match image C:\Users\sam.hamer\Downloads\MH2Files\motionhanging2\mh2 new movement\Library\ScriptAssemblies\Unity.TextMeshPro.Editor.dll
Symbol file LoadedFromMemory is not a mono symbol file
Symbol file data-0000016147B32040 doesn't match image C:\Users\sam.hamer\Downloads\MH2Files\motionhanging2\mh2 new movement\Library\ScriptAssemblies\Unity.AI.Navigation.Editor.dll
Symbol file LoadedFromMemory is not a mono symbol file
Symbol file data-0000016104207010 doesn't match image C:\Users\sam.hamer\Downloads\MH2Files\motionhanging2\mh2 new movement\Library\ScriptAssemblies\Unity.ProBuilder.AssetIdRemapUtility.dll
Symbol file LoadedFromMemory is not a mono symbol file
Symbol file data-0000016101F37330 doesn't match image C:\Users\sam.hamer\Downloads\MH2Files\motionhanging2\mh2 new movement\Library\ScriptAssemblies\Unity.VisualScripting.State.dll
Symbol file LoadedFromMemory is not a mono symbol file
Symbol file data-0000016103310060 doesn't match image C:\Users\sam.hamer\Downloads\MH2Files\motionhanging2\mh2 new movement\Library\ScriptAssemblies\Unity.AI.Navigation.Editor.ConversionSystem.dll
Symbol file LoadedFromMemory is not a mono symbol file
Symbol file data-0000016104207010 doesn't match image C:\Users\sam.hamer\Downloads\MH2Files\motionhanging2\mh2 new movement\Library\ScriptAssemblies\Unity.VSCode.Editor.dll
Symbol file LoadedFromMemory is not a mono symbol file
- Loaded All Assemblies, in  0.428 seconds
Native extension for WindowsStandalone target not found
Mono: successfully reloaded assembly
- Finished resetting the current domain, in  0.993 seconds
Domain Reload Profiling: 1419ms
	BeginReloadAssembly (138ms)
		ExecutionOrderSort (0ms)
		DisableScriptedObjects (3ms)
		BackupInstance (0ms)
		ReleaseScriptingObjects (0ms)
		CreateAndSetChildDomain (33ms)
	RebuildCommonClasses (30ms)
	RebuildNativeTypeToScriptingClass (8ms)
	initialDomainReloadingComplete (27ms)
	LoadAllAssembliesAndSetupDomain (222ms)
		LoadAssemblies (274ms)
		RebuildTransferFunctionScriptingTraits (0ms)
		AnalyzeDomain (19ms)
			TypeCache.Refresh (6ms)
				TypeCache.ScanAssembly (0ms)
			ScanForSourceGeneratedMonoScriptInfo (0ms)
			ResolveRequiredComponents (11ms)
	FinalizeReload (994ms)
		ReleaseScriptCaches (0ms)
		RebuildScriptCaches (0ms)
		SetupLoadedEditorAssemblies (456ms)
			LogAssemblyErrors (0ms)
			InitializePlatformSupportModulesInManaged (5ms)
			SetLoadedEditorAssemblies (5ms)
			RefreshPlugins (0ms)
			BeforeProcessingInitializeOnLoad (77ms)
			ProcessInitializeOnLoadAttributes (300ms)
			ProcessInitializeOnLoadMethodAttributes (64ms)
			AfterProcessingInitializeOnLoad (5ms)
			EditorAssembliesLoaded (0ms)
		ExecutionOrderSort2 (0ms)
		AwakeInstancesAfterBackupRestoration (6ms)
Refreshing native plugins compatible for Editor in 3.17 ms, found 3 plugins.
Preloading 0 native plugins for Editor in 0.00 ms.
Unloading 5275 Unused Serialized files (Serialized files now loaded: 0)
Unloading 24 unused Assets / (0.7 MB). Loaded Objects now: 5998.
Memory consumption went from 188.8 MB to 188.0 MB.
Total: 3.181900 ms (FindLiveObjects: 0.410600 ms CreateObjectMapping: 0.366400 ms MarkObjects: 2.098000 ms  DeleteObjects: 0.305700 ms)

Prepare: number of updated asset objects reloaded= 0
AssetImportParameters requested are different than current active one (requested -> active):
  custom:container-demuxer-ogg: 62fdf1f143b41e24485cea50d1cbac27 -> 
  custom:video-codec-MediaFoundation-h265: 746d11721c4dcdbdad8f713fa42b33f4 -> 
  custom:video-decoder-ogg-theora: a1e56fd34408186e4bbccfd4996cb3dc -> 
  custom:framework-win-MediaFoundation: 216162199b28c13a410421893ffa2e32 -> 
  custom:CustomObjectIndexerAttribute: 72b91833f83ae208fae7752999fa3104 -> 
  custom:container-demuxer-webm: 4f35f7cbe854078d1ac9338744f61a02 -> 
  custom:container-muxer-webm: aa71ff27fc2769a1b78a27578f13a17b -> 
  custom:video-decoder-webm-vp8: 9c59270c3fd7afecdb556c50c9e8de78 -> 
  custom:SearchIndexIgnoredProperties: e643bd26f0fe6173181afceb89e7c659 -> 
  custom:AudioImporter_EditorPlatform: d09bf68614088b80899f8185d706f6e7 -> 
  custom:video-encoder-webm-vp8: eb34c28f22e8b96e1ab97ce403110664 -> 
  custom:audio-decoder-ogg-vorbis: bf7c407c2cedff20999df2af8eb42d56 -> 
  custom:audio-encoder-webm-vorbis: bf7c407c2cedff20999df2af8eb42d56 -> 
========================================================================
Received Prepare
Caller must complete domain reload
Begin MonoManager ReloadAssembly
Symbol file data-0000016145B58440 doesn't match image C:\Users\sam.hamer\Downloads\MH2Files\motionhanging2\mh2 new movement\Library\ScriptAssemblies\Unity.EditorCoroutines.Editor.dll
Symbol file LoadedFromMemory is not a mono symbol file
Symbol file data-0000016146DBF020 doesn't match image C:\Users\sam.hamer\Downloads\MH2Files\motionhanging2\mh2 new movement\Library\ScriptAssemblies\Unity.AI.Navigation.dll
Symbol file LoadedFromMemory is not a mono symbol file
Symbol file data-0000016103CB2340 doesn't match image C:\Users\sam.hamer\Downloads\MH2Files\motionhanging2\mh2 new movement\Library\ScriptAssemblies\Unity.ProBuilder.Stl.dll
Symbol file LoadedFromMemory is not a mono symbol file
Symbol file data-0000016144FF5820 doesn't match image C:\Users\sam.hamer\Downloads\MH2Files\motionhanging2\mh2 new movement\Library\ScriptAssemblies\Unity.ProBuilder.dll
Symbol file LoadedFromMemory is not a mono symbol file
Symbol file data-000001614DD4F020 doesn't match image C:\Users\sam.hamer\Downloads\MH2Files\motionhanging2\mh2 new movement\Library\ScriptAssemblies\Unity.Timeline.Editor.dll
Symbol file LoadedFromMemory is not a mono symbol file
Symbol file data-0000016146EB0030 doesn't match image C:\Users\sam.hamer\Downloads\MH2Files\motionhanging2\mh2 new movement\Library\ScriptAssemblies\Unity.VisualScripting.Shared.Editor.dll
Symbol file LoadedFromMemory is not a mono symbol file
Symbol file data-0000016100CF6030 doesn't match image C:\Users\sam.hamer\Downloads\MH2Files\motionhanging2\mh2 new movement\Library\ScriptAssemblies\Unity.VisualStudio.Editor.dll
Symbol file LoadedFromMemory is not a mono symbol file
Symbol file data-0000016144F54810 doesn't match image C:\Users\sam.hamer\Downloads\MH2Files\motionhanging2\mh2 new movement\Library\ScriptAssemblies\UnityEditor.UI.dll
Symbol file LoadedFromMemory is not a mono symbol file
Symbol file data-000001614E2CE0A0 doesn't match image C:\Users\sam.hamer\Downloads\MH2Files\motionhanging2\mh2 new movement\Library\ScriptAssemblies\Unity.VisualScripting.Core.dll
Symbol file LoadedFromMemory is not a mono symbol file
Symbol file data-0000016100335050 doesn't match image C:\Users\sam.hamer\Downloads\MH2Files\motionhanging2\mh2 new movement\Library\ScriptAssemblies\Unity.VisualScripting.Core.Editor.dll
Symbol file LoadedFromMemory is not a mono symbol file
Symbol file data-00000160FB8770D0 doesn't match image C:\Users\sam.hamer\Downloads\MH2Files\motionhanging2\mh2 new movement\Library\ScriptAssemblies\Unity.Rider.Editor.dll
Symbol file LoadedFromMemory is not a mono symbol file
Symbol file data-0000016101D09990 doesn't match image C:\Users\sam.hamer\Downloads\MH2Files\motionhanging2\mh2 new movement\Library\ScriptAssemblies\Unity.ProBuilder.AddOns.Editor.dll
Symbol file LoadedFromMemory is not a mono symbol file
Symbol file data-0000016145E9F020 doesn't match image C:\Users\sam.hamer\Downloads\MH2Files\motionhanging2\mh2 new movement\Library\ScriptAssemblies\UnityEngine.UI.dll
Symbol file LoadedFromMemory is not a mono symbol file
Symbol file data-00000161467CD040 doesn't match image C:\Users\sam.hamer\Downloads\MH2Files\motionhanging2\mh2 new movement\Library\ScriptAssemblies\Unity.ProBuilder.Csg.dll
Symbol file LoadedFromMemory is not a mono symbol file
Symbol file data-0000016150287010 doesn't match image C:\Users\sam.hamer\Downloads\MH2Files\motionhanging2\mh2 new movement\Library\ScriptAssemblies\Unity.VisualScripting.Flow.dll
Symbol file LoadedFromMemory is not a mono symbol file
Symbol file data-00000161478CF040 doesn't match image C:\Users\sam.hamer\Downloads\MH2Files\motionhanging2\mh2 new movement\Library\ScriptAssemblies\Unity.VisualScripting.Flow.Editor.dll
Symbol file LoadedFromMemory is not a mono symbol file
Symbol file data-000001614AB51060 doesn't match image C:\Users\sam.hamer\Downloads\MH2Files\motionhanging2\mh2 new movement\Library\ScriptAssemblies\Unity.Timeline.dll
Symbol file LoadedFromMemory is not a mono symbol file
Symbol file data-0000016103CB2340 doesn't match image C:\Users\sam.hamer\Downloads\MH2Files\motionhanging2\mh2 new movement\Library\ScriptAssemblies\Unity.TestTools.CodeCoverage.Editor.OpenCover.Mono.Reflection.dll
Symbol file LoadedFromMemory is not a mono symbol file
Symbol file data-00000161023B4020 doesn't match image C:\Users\sam.hamer\Downloads\MH2Files\motionhanging2\mh2 new movement\Library\ScriptAssemblies\Unity.ProBuilder.Editor.dll
Symbol file LoadedFromMemory is not a mono symbol file
Symbol file data-0000016146A628E0 doesn't match image C:\Users\sam.hamer\Downloads\MH2Files\motionhanging2\mh2 new movement\Library\ScriptAssemblies\Unity.VisualScripting.SettingsProvider.Editor.dll
Symbol file LoadedFromMemory is not a mono symbol file
Symbol file data-00000161478CF040 doesn't match image C:\Users\sam.hamer\Downloads\MH2Files\motionhanging2\mh2 new movement\Library\ScriptAssemblies\Unity.Performance.Profile-Analyzer.Editor.dll
Symbol file LoadedFromMemory is not a mono symbol file
Symbol file data-00000161451DE010 doesn't match image C:\Users\sam.hamer\Downloads\MH2Files\motionhanging2\mh2 new movement\Library\ScriptAssemblies\Unity.TestTools.CodeCoverage.Editor.dll
Symbol file LoadedFromMemory is not a mono symbol file
Symbol file data-0000016104207010 doesn't match image C:\Users\sam.hamer\Downloads\MH2Files\motionhanging2\mh2 new movement\Library\ScriptAssemblies\Unity.TestTools.CodeCoverage.Editor.OpenCover.Model.dll
Symbol file LoadedFromMemory is not a mono symbol file
Symbol file data-00000160B72815F0 doesn't match image C:\Users\sam.hamer\Downloads\MH2Files\motionhanging2\mh2 new movement\Library\ScriptAssemblies\Unity.PlasticSCM.Editor.dll
Symbol file LoadedFromMemory is not a mono symbol file
Symbol file data-0000016146A71B00 doesn't match image C:\Users\sam.hamer\Downloads\MH2Files\motionhanging2\mh2 new movement\Library\ScriptAssemblies\Unity.AI.Navigation.Updater.dll
Symbol file LoadedFromMemory is not a mono symbol file
Symbol file data-0000016147448080 doesn't match image C:\Users\sam.hamer\Downloads\MH2Files\motionhanging2\mh2 new movement\Library\ScriptAssemblies\Unity.ProBuilder.Poly2Tri.dll
Symbol file LoadedFromMemory is not a mono symbol file
Symbol file data-0000016100FB9050 doesn't match image C:\Users\sam.hamer\Downloads\MH2Files\motionhanging2\mh2 new movement\Library\ScriptAssemblies\Unity.VisualScripting.State.Editor.dll
Symbol file LoadedFromMemory is not a mono symbol file
Symbol file data-000001610323BDF0 doesn't match image C:\Users\sam.hamer\Downloads\MH2Files\motionhanging2\mh2 new movement\Library\ScriptAssemblies\Unity.Settings.Editor.dll
Symbol file LoadedFromMemory is not a mono symbol file
Symbol file data-0000016104207010 doesn't match image C:\Users\sam.hamer\Downloads\MH2Files\motionhanging2\mh2 new movement\Library\ScriptAssemblies\Unity.ProBuilder.KdTree.dll
Symbol file LoadedFromMemory is not a mono symbol file
Symbol file data-0000016100D4D010 doesn't match image C:\Users\sam.hamer\Downloads\MH2Files\motionhanging2\mh2 new movement\Library\ScriptAssemblies\Unity.CollabProxy.Editor.dll
Symbol file LoadedFromMemory is not a mono symbol file
Symbol file data-0000016144FF5820 doesn't match image C:\Users\sam.hamer\Downloads\MH2Files\motionhanging2\mh2 new movement\Library\ScriptAssemblies\Unity.TextMeshPro.dll
Symbol file LoadedFromMemory is not a mono symbol file
Symbol file data-000001614AB51060 doesn't match image C:\Users\sam.hamer\Downloads\MH2Files\motionhanging2\mh2 new movement\Library\ScriptAssemblies\Unity.TextMeshPro.Editor.dll
Symbol file LoadedFromMemory is not a mono symbol file
Symbol file data-0000016147B32040 doesn't match image C:\Users\sam.hamer\Downloads\MH2Files\motionhanging2\mh2 new movement\Library\ScriptAssemblies\Unity.AI.Navigation.Editor.dll
Symbol file LoadedFromMemory is not a mono symbol file
Symbol file data-0000016104207010 doesn't match image C:\Users\sam.hamer\Downloads\MH2Files\motionhanging2\mh2 new movement\Library\ScriptAssemblies\Unity.ProBuilder.AssetIdRemapUtility.dll
Symbol file LoadedFromMemory is not a mono symbol file
Symbol file data-0000016148205010 doesn't match image C:\Users\sam.hamer\Downloads\MH2Files\motionhanging2\mh2 new movement\Library\ScriptAssemblies\Unity.VisualScripting.State.dll
Symbol file LoadedFromMemory is not a mono symbol file
Symbol file data-0000016146DBF020 doesn't match image C:\Users\sam.hamer\Downloads\MH2Files\motionhanging2\mh2 new movement\Library\ScriptAssemblies\Unity.AI.Navigation.Editor.ConversionSystem.dll
Symbol file LoadedFromMemory is not a mono symbol file
Symbol file data-0000016104207010 doesn't match image C:\Users\sam.hamer\Downloads\MH2Files\motionhanging2\mh2 new movement\Library\ScriptAssemblies\Unity.VSCode.Editor.dll
Symbol file LoadedFromMemory is not a mono symbol file
- Loaded All Assemblies, in  0.421 seconds
Native extension for WindowsStandalone target not found
Mono: successfully reloaded assembly
- Finished resetting the current domain, in  1.018 seconds
Domain Reload Profiling: 1436ms
	BeginReloadAssembly (138ms)
		ExecutionOrderSort (0ms)
		DisableScriptedObjects (3ms)
		BackupInstance (0ms)
		ReleaseScriptingObjects (0ms)
		CreateAndSetChildDomain (33ms)
	RebuildCommonClasses (24ms)
	RebuildNativeTypeToScriptingClass (8ms)
	initialDomainReloadingComplete (23ms)
	LoadAllAssembliesAndSetupDomain (225ms)
		LoadAssemblies (274ms)
		RebuildTransferFunctionScriptingTraits (0ms)
		AnalyzeDomain (19ms)
			TypeCache.Refresh (8ms)
				TypeCache.ScanAssembly (0ms)
			ScanForSourceGeneratedMonoScriptInfo (0ms)
			ResolveRequiredComponents (9ms)
	FinalizeReload (1019ms)
		ReleaseScriptCaches (0ms)
		RebuildScriptCaches (0ms)
		SetupLoadedEditorAssemblies (461ms)
			LogAssemblyErrors (0ms)
			InitializePlatformSupportModulesInManaged (6ms)
			SetLoadedEditorAssemblies (4ms)
			RefreshPlugins (0ms)
			BeforeProcessingInitializeOnLoad (74ms)
			ProcessInitializeOnLoadAttributes (299ms)
			ProcessInitializeOnLoadMethodAttributes (71ms)
			AfterProcessingInitializeOnLoad (6ms)
			EditorAssembliesLoaded (0ms)
		ExecutionOrderSort2 (0ms)
		AwakeInstancesAfterBackupRestoration (8ms)
Refreshing native plugins compatible for Editor in 3.91 ms, found 3 plugins.
Preloading 0 native plugins for Editor in 0.00 ms.
Unloading 5275 Unused Serialized files (Serialized files now loaded: 0)
Unloading 24 unused Assets / (0.7 MB). Loaded Objects now: 6001.
Memory consumption went from 188.8 MB to 188.0 MB.
Total: 9.383300 ms (FindLiveObjects: 0.457100 ms CreateObjectMapping: 0.442400 ms MarkObjects: 8.150700 ms  DeleteObjects: 0.331000 ms)

Prepare: number of updated asset objects reloaded= 0
AssetImportParameters requested are different than current active one (requested -> active):
  custom:container-demuxer-ogg: 62fdf1f143b41e24485cea50d1cbac27 -> 
  custom:video-codec-MediaFoundation-h265: 746d11721c4dcdbdad8f713fa42b33f4 -> 
  custom:video-decoder-ogg-theora: a1e56fd34408186e4bbccfd4996cb3dc -> 
  custom:framework-win-MediaFoundation: 216162199b28c13a410421893ffa2e32 -> 
  custom:CustomObjectIndexerAttribute: 72b91833f83ae208fae7752999fa3104 -> 
  custom:container-demuxer-webm: 4f35f7cbe854078d1ac9338744f61a02 -> 
  custom:container-muxer-webm: aa71ff27fc2769a1b78a27578f13a17b -> 
  custom:video-decoder-webm-vp8: 9c59270c3fd7afecdb556c50c9e8de78 -> 
  custom:SearchIndexIgnoredProperties: e643bd26f0fe6173181afceb89e7c659 -> 
  custom:AudioImporter_EditorPlatform: d09bf68614088b80899f8185d706f6e7 -> 
  custom:video-encoder-webm-vp8: eb34c28f22e8b96e1ab97ce403110664 -> 
  custom:audio-decoder-ogg-vorbis: bf7c407c2cedff20999df2af8eb42d56 -> 
  custom:audio-encoder-webm-vorbis: bf7c407c2cedff20999df2af8eb42d56 -> 
========================================================================
Received Prepare
Caller must complete domain reload
Begin MonoManager ReloadAssembly
Symbol file data-0000016145B58440 doesn't match image C:\Users\sam.hamer\Downloads\MH2Files\motionhanging2\mh2 new movement\Library\ScriptAssemblies\Unity.EditorCoroutines.Editor.dll
Symbol file LoadedFromMemory is not a mono symbol file
Symbol file data-0000016146DBF020 doesn't match image C:\Users\sam.hamer\Downloads\MH2Files\motionhanging2\mh2 new movement\Library\ScriptAssemblies\Unity.AI.Navigation.dll
Symbol file LoadedFromMemory is not a mono symbol file
Symbol file data-0000016103CB2340 doesn't match image C:\Users\sam.hamer\Downloads\MH2Files\motionhanging2\mh2 new movement\Library\ScriptAssemblies\Unity.ProBuilder.Stl.dll
Symbol file LoadedFromMemory is not a mono symbol file
Symbol file data-0000016144FF5820 doesn't match image C:\Users\sam.hamer\Downloads\MH2Files\motionhanging2\mh2 new movement\Library\ScriptAssemblies\Unity.ProBuilder.dll
Symbol file LoadedFromMemory is not a mono symbol file
Symbol file data-000001614DD4F020 doesn't match image C:\Users\sam.hamer\Downloads\MH2Files\motionhanging2\mh2 new movement\Library\ScriptAssemblies\Unity.Timeline.Editor.dll
Symbol file LoadedFromMemory is not a mono symbol file
Symbol file data-0000016146EB0030 doesn't match image C:\Users\sam.hamer\Downloads\MH2Files\motionhanging2\mh2 new movement\Library\ScriptAssemblies\Unity.VisualScripting.Shared.Editor.dll
Symbol file LoadedFromMemory is not a mono symbol file
Symbol file data-0000016100CF6030 doesn't match image C:\Users\sam.hamer\Downloads\MH2Files\motionhanging2\mh2 new movement\Library\ScriptAssemblies\Unity.VisualStudio.Editor.dll
Symbol file LoadedFromMemory is not a mono symbol file
Symbol file data-0000016144F54810 doesn't match image C:\Users\sam.hamer\Downloads\MH2Files\motionhanging2\mh2 new movement\Library\ScriptAssemblies\UnityEditor.UI.dll
Symbol file LoadedFromMemory is not a mono symbol file
Symbol file data-000001614E2CE0A0 doesn't match image C:\Users\sam.hamer\Downloads\MH2Files\motionhanging2\mh2 new movement\Library\ScriptAssemblies\Unity.VisualScripting.Core.dll
Symbol file LoadedFromMemory is not a mono symbol file
Symbol file data-0000016100335050 doesn't match image C:\Users\sam.hamer\Downloads\MH2Files\motionhanging2\mh2 new movement\Library\ScriptAssemblies\Unity.VisualScripting.Core.Editor.dll
Symbol file LoadedFromMemory is not a mono symbol file
Symbol file data-00000160FB8770D0 doesn't match image C:\Users\sam.hamer\Downloads\MH2Files\motionhanging2\mh2 new movement\Library\ScriptAssemblies\Unity.Rider.Editor.dll
Symbol file LoadedFromMemory is not a mono symbol file
Symbol file data-00000161480CCC80 doesn't match image C:\Users\sam.hamer\Downloads\MH2Files\motionhanging2\mh2 new movement\Library\ScriptAssemblies\Unity.ProBuilder.AddOns.Editor.dll
Symbol file LoadedFromMemory is not a mono symbol file
Symbol file data-0000016145E9F020 doesn't match image C:\Users\sam.hamer\Downloads\MH2Files\motionhanging2\mh2 new movement\Library\ScriptAssemblies\UnityEngine.UI.dll
Symbol file LoadedFromMemory is not a mono symbol file
Symbol file data-00000161467CD040 doesn't match image C:\Users\sam.hamer\Downloads\MH2Files\motionhanging2\mh2 new movement\Library\ScriptAssemblies\Unity.ProBuilder.Csg.dll
Symbol file LoadedFromMemory is not a mono symbol file
Symbol file data-0000016150287010 doesn't match image C:\Users\sam.hamer\Downloads\MH2Files\motionhanging2\mh2 new movement\Library\ScriptAssemblies\Unity.VisualScripting.Flow.dll
Symbol file LoadedFromMemory is not a mono symbol file
Symbol file data-00000161478CF040 doesn't match image C:\Users\sam.hamer\Downloads\MH2Files\motionhanging2\mh2 new movement\Library\ScriptAssemblies\Unity.VisualScripting.Flow.Editor.dll
Symbol file LoadedFromMemory is not a mono symbol file
Symbol file data-000001614AB51060 doesn't match image C:\Users\sam.hamer\Downloads\MH2Files\motionhanging2\mh2 new movement\Library\ScriptAssemblies\Unity.Timeline.dll
Symbol file LoadedFromMemory is not a mono symbol file
Symbol file data-0000016103CB2340 doesn't match image C:\Users\sam.hamer\Downloads\MH2Files\motionhanging2\mh2 new movement\Library\ScriptAssemblies\Unity.TestTools.CodeCoverage.Editor.OpenCover.Mono.Reflection.dll
Symbol file LoadedFromMemory is not a mono symbol file
Symbol file data-00000161023B4020 doesn't match image C:\Users\sam.hamer\Downloads\MH2Files\motionhanging2\mh2 new movement\Library\ScriptAssemblies\Unity.ProBuilder.Editor.dll
Symbol file LoadedFromMemory is not a mono symbol file
Symbol file data-0000016146A628E0 doesn't match image C:\Users\sam.hamer\Downloads\MH2Files\motionhanging2\mh2 new movement\Library\ScriptAssemblies\Unity.VisualScripting.SettingsProvider.Editor.dll
Symbol file LoadedFromMemory is not a mono symbol file
Symbol file data-00000161478CF040 doesn't match image C:\Users\sam.hamer\Downloads\MH2Files\motionhanging2\mh2 new movement\Library\ScriptAssemblies\Unity.Performance.Profile-Analyzer.Editor.dll
Symbol file LoadedFromMemory is not a mono symbol file
Symbol file data-00000161451DE010 doesn't match image C:\Users\sam.hamer\Downloads\MH2Files\motionhanging2\mh2 new movement\Library\ScriptAssemblies\Unity.TestTools.CodeCoverage.Editor.dll
Symbol file LoadedFromMemory is not a mono symbol file
Symbol file data-0000016104207010 doesn't match image C:\Users\sam.hamer\Downloads\MH2Files\motionhanging2\mh2 new movement\Library\ScriptAssemblies\Unity.TestTools.CodeCoverage.Editor.OpenCover.Model.dll
Symbol file LoadedFromMemory is not a mono symbol file
Symbol file data-00000160B72815F0 doesn't match image C:\Users\sam.hamer\Downloads\MH2Files\motionhanging2\mh2 new movement\Library\ScriptAssemblies\Unity.PlasticSCM.Editor.dll
Symbol file LoadedFromMemory is not a mono symbol file
Symbol file data-0000016103FE7010 doesn't match image C:\Users\sam.hamer\Downloads\MH2Files\motionhanging2\mh2 new movement\Library\ScriptAssemblies\Unity.AI.Navigation.Updater.dll
Symbol file LoadedFromMemory is not a mono symbol file
Symbol file data-0000016147448080 doesn't match image C:\Users\sam.hamer\Downloads\MH2Files\motionhanging2\mh2 new movement\Library\ScriptAssemblies\Unity.ProBuilder.Poly2Tri.dll
Symbol file LoadedFromMemory is not a mono symbol file
Symbol file data-0000016100FB9050 doesn't match image C:\Users\sam.hamer\Downloads\MH2Files\motionhanging2\mh2 new movement\Library\ScriptAssemblies\Unity.VisualScripting.State.Editor.dll
Symbol file LoadedFromMemory is not a mono symbol file
Symbol file data-000001610323BDF0 doesn't match image C:\Users\sam.hamer\Downloads\MH2Files\motionhanging2\mh2 new movement\Library\ScriptAssemblies\Unity.Settings.Editor.dll
Symbol file LoadedFromMemory is not a mono symbol file
Symbol file data-0000016104207010 doesn't match image C:\Users\sam.hamer\Downloads\MH2Files\motionhanging2\mh2 new movement\Library\ScriptAssemblies\Unity.ProBuilder.KdTree.dll
Symbol file LoadedFromMemory is not a mono symbol file
Symbol file data-0000016100D4D010 doesn't match image C:\Users\sam.hamer\Downloads\MH2Files\motionhanging2\mh2 new movement\Library\ScriptAssemblies\Unity.CollabProxy.Editor.dll
Symbol file LoadedFromMemory is not a mono symbol file
Symbol file data-0000016144FF5820 doesn't match image C:\Users\sam.hamer\Downloads\MH2Files\motionhanging2\mh2 new movement\Library\ScriptAssemblies\Unity.TextMeshPro.dll
Symbol file LoadedFromMemory is not a mono symbol file
Symbol file data-000001614AB51060 doesn't match image C:\Users\sam.hamer\Downloads\MH2Files\motionhanging2\mh2 new movement\Library\ScriptAssemblies\Unity.TextMeshPro.Editor.dll
Symbol file LoadedFromMemory is not a mono symbol file
Symbol file data-0000016147B32040 doesn't match image C:\Users\sam.hamer\Downloads\MH2Files\motionhanging2\mh2 new movement\Library\ScriptAssemblies\Unity.AI.Navigation.Editor.dll
Symbol file LoadedFromMemory is not a mono symbol file
Symbol file data-0000016104207010 doesn't match image C:\Users\sam.hamer\Downloads\MH2Files\motionhanging2\mh2 new movement\Library\ScriptAssemblies\Unity.ProBuilder.AssetIdRemapUtility.dll
Symbol file LoadedFromMemory is not a mono symbol file
Symbol file data-0000016148205010 doesn't match image C:\Users\sam.hamer\Downloads\MH2Files\motionhanging2\mh2 new movement\Library\ScriptAssemblies\Unity.VisualScripting.State.dll
Symbol file LoadedFromMemory is not a mono symbol file
Symbol file data-0000016146DBF020 doesn't match image C:\Users\sam.hamer\Downloads\MH2Files\motionhanging2\mh2 new movement\Library\ScriptAssemblies\Unity.AI.Navigation.Editor.ConversionSystem.dll
Symbol file LoadedFromMemory is not a mono symbol file
Symbol file data-0000016104207010 doesn't match image C:\Users\sam.hamer\Downloads\MH2Files\motionhanging2\mh2 new movement\Library\ScriptAssemblies\Unity.VSCode.Editor.dll
Symbol file LoadedFromMemory is not a mono symbol file
- Loaded All Assemblies, in  0.442 seconds
Native extension for WindowsStandalone target not found
Mono: successfully reloaded assembly
- Finished resetting the current domain, in  0.978 seconds
Domain Reload Profiling: 1418ms
	BeginReloadAssembly (156ms)
		ExecutionOrderSort (0ms)
		DisableScriptedObjects (3ms)
		BackupInstance (0ms)
		ReleaseScriptingObjects (0ms)
		CreateAndSetChildDomain (39ms)
	RebuildCommonClasses (25ms)
	RebuildNativeTypeToScriptingClass (9ms)
	initialDomainReloadingComplete (25ms)
	LoadAllAssembliesAndSetupDomain (225ms)
		LoadAssemblies (287ms)
		RebuildTransferFunctionScriptingTraits (0ms)
		AnalyzeDomain (20ms)
			TypeCache.Refresh (8ms)
				TypeCache.ScanAssembly (0ms)
			ScanForSourceGeneratedMonoScriptInfo (0ms)
			ResolveRequiredComponents (10ms)
	FinalizeReload (978ms)
		ReleaseScriptCaches (0ms)
		RebuildScriptCaches (0ms)
		SetupLoadedEditorAssemblies (423ms)
			LogAssemblyErrors (0ms)
			InitializePlatformSupportModulesInManaged (6ms)
			SetLoadedEditorAssemblies (5ms)
			RefreshPlugins (0ms)
			BeforeProcessingInitializeOnLoad (65ms)
			ProcessInitializeOnLoadAttributes (276ms)
			ProcessInitializeOnLoadMethodAttributes (66ms)
			AfterProcessingInitializeOnLoad (5ms)
			EditorAssembliesLoaded (0ms)
		ExecutionOrderSort2 (0ms)
		AwakeInstancesAfterBackupRestoration (6ms)
Refreshing native plugins compatible for Editor in 2.57 ms, found 3 plugins.
Preloading 0 native plugins for Editor in 0.00 ms.
Unloading 5275 Unused Serialized files (Serialized files now loaded: 0)
Unloading 24 unused Assets / (0.7 MB). Loaded Objects now: 6004.
Memory consumption went from 188.8 MB to 188.0 MB.
Total: 2.842600 ms (FindLiveObjects: 0.297300 ms CreateObjectMapping: 0.272700 ms MarkObjects: 1.984900 ms  DeleteObjects: 0.286600 ms)

Prepare: number of updated asset objects reloaded= 0
AssetImportParameters requested are different than current active one (requested -> active):
  custom:container-demuxer-ogg: 62fdf1f143b41e24485cea50d1cbac27 -> 
  custom:video-codec-MediaFoundation-h265: 746d11721c4dcdbdad8f713fa42b33f4 -> 
  custom:video-decoder-ogg-theora: a1e56fd34408186e4bbccfd4996cb3dc -> 
  custom:framework-win-MediaFoundation: 216162199b28c13a410421893ffa2e32 -> 
  custom:CustomObjectIndexerAttribute: 72b91833f83ae208fae7752999fa3104 -> 
  custom:container-demuxer-webm: 4f35f7cbe854078d1ac9338744f61a02 -> 
  custom:container-muxer-webm: aa71ff27fc2769a1b78a27578f13a17b -> 
  custom:video-decoder-webm-vp8: 9c59270c3fd7afecdb556c50c9e8de78 -> 
  custom:SearchIndexIgnoredProperties: e643bd26f0fe6173181afceb89e7c659 -> 
  custom:AudioImporter_EditorPlatform: d09bf68614088b80899f8185d706f6e7 -> 
  custom:video-encoder-webm-vp8: eb34c28f22e8b96e1ab97ce403110664 -> 
  custom:audio-decoder-ogg-vorbis: bf7c407c2cedff20999df2af8eb42d56 -> 
  custom:audio-encoder-webm-vorbis: bf7c407c2cedff20999df2af8eb42d56 -> 
========================================================================
Received Prepare
Caller must complete domain reload
Begin MonoManager ReloadAssembly
Symbol file data-00000161003A1E60 doesn't match image C:\Users\sam.hamer\Downloads\MH2Files\motionhanging2\mh2 new movement\Library\ScriptAssemblies\Unity.EditorCoroutines.Editor.dll
Symbol file LoadedFromMemory is not a mono symbol file
Symbol file data-0000016146DBF020 doesn't match image C:\Users\sam.hamer\Downloads\MH2Files\motionhanging2\mh2 new movement\Library\ScriptAssemblies\Unity.AI.Navigation.dll
Symbol file LoadedFromMemory is not a mono symbol file
Symbol file data-0000016103CB2340 doesn't match image C:\Users\sam.hamer\Downloads\MH2Files\motionhanging2\mh2 new movement\Library\ScriptAssemblies\Unity.ProBuilder.Stl.dll
Symbol file LoadedFromMemory is not a mono symbol file
Symbol file data-0000016144FF5820 doesn't match image C:\Users\sam.hamer\Downloads\MH2Files\motionhanging2\mh2 new movement\Library\ScriptAssemblies\Unity.ProBuilder.dll
Symbol file LoadedFromMemory is not a mono symbol file
Symbol file data-000001614DD4F020 doesn't match image C:\Users\sam.hamer\Downloads\MH2Files\motionhanging2\mh2 new movement\Library\ScriptAssemblies\Unity.Timeline.Editor.dll
Symbol file LoadedFromMemory is not a mono symbol file
Symbol file data-0000016146790010 doesn't match image C:\Users\sam.hamer\Downloads\MH2Files\motionhanging2\mh2 new movement\Library\ScriptAssemblies\Unity.VisualScripting.Shared.Editor.dll
Symbol file LoadedFromMemory is not a mono symbol file
Symbol file data-0000016100CF6030 doesn't match image C:\Users\sam.hamer\Downloads\MH2Files\motionhanging2\mh2 new movement\Library\ScriptAssemblies\Unity.VisualStudio.Editor.dll
Symbol file LoadedFromMemory is not a mono symbol file
Symbol file data-0000016144F54810 doesn't match image C:\Users\sam.hamer\Downloads\MH2Files\motionhanging2\mh2 new movement\Library\ScriptAssemblies\UnityEditor.UI.dll
Symbol file LoadedFromMemory is not a mono symbol file
Symbol file data-000001614E2CE0A0 doesn't match image C:\Users\sam.hamer\Downloads\MH2Files\motionhanging2\mh2 new movement\Library\ScriptAssemblies\Unity.VisualScripting.Core.dll
Symbol file LoadedFromMemory is not a mono symbol file
Symbol file data-0000016100335050 doesn't match image C:\Users\sam.hamer\Downloads\MH2Files\motionhanging2\mh2 new movement\Library\ScriptAssemblies\Unity.VisualScripting.Core.Editor.dll
Symbol file LoadedFromMemory is not a mono symbol file
Symbol file data-00000160FB8770D0 doesn't match image C:\Users\sam.hamer\Downloads\MH2Files\motionhanging2\mh2 new movement\Library\ScriptAssemblies\Unity.Rider.Editor.dll
Symbol file LoadedFromMemory is not a mono symbol file
Symbol file data-0000016101D09990 doesn't match image C:\Users\sam.hamer\Downloads\MH2Files\motionhanging2\mh2 new movement\Library\ScriptAssemblies\Unity.ProBuilder.AddOns.Editor.dll
Symbol file LoadedFromMemory is not a mono symbol file
Symbol file data-000001614A9A7010 doesn't match image C:\Users\sam.hamer\Downloads\MH2Files\motionhanging2\mh2 new movement\Library\ScriptAssemblies\UnityEngine.UI.dll
Symbol file LoadedFromMemory is not a mono symbol file
Symbol file data-00000161467CD040 doesn't match image C:\Users\sam.hamer\Downloads\MH2Files\motionhanging2\mh2 new movement\Library\ScriptAssemblies\Unity.ProBuilder.Csg.dll
Symbol file LoadedFromMemory is not a mono symbol file
Symbol file data-0000016150287010 doesn't match image C:\Users\sam.hamer\Downloads\MH2Files\motionhanging2\mh2 new movement\Library\ScriptAssemblies\Unity.VisualScripting.Flow.dll
Symbol file LoadedFromMemory is not a mono symbol file
Symbol file data-00000161478CF040 doesn't match image C:\Users\sam.hamer\Downloads\MH2Files\motionhanging2\mh2 new movement\Library\ScriptAssemblies\Unity.VisualScripting.Flow.Editor.dll
Symbol file LoadedFromMemory is not a mono symbol file
Symbol file data-000001614AB51060 doesn't match image C:\Users\sam.hamer\Downloads\MH2Files\motionhanging2\mh2 new movement\Library\ScriptAssemblies\Unity.Timeline.dll
Symbol file LoadedFromMemory is not a mono symbol file
Symbol file data-0000016103CB2340 doesn't match image C:\Users\sam.hamer\Downloads\MH2Files\motionhanging2\mh2 new movement\Library\ScriptAssemblies\Unity.TestTools.CodeCoverage.Editor.OpenCover.Mono.Reflection.dll
Symbol file LoadedFromMemory is not a mono symbol file
Symbol file data-00000161023B4020 doesn't match image C:\Users\sam.hamer\Downloads\MH2Files\motionhanging2\mh2 new movement\Library\ScriptAssemblies\Unity.ProBuilder.Editor.dll
Symbol file LoadedFromMemory is not a mono symbol file
Symbol file data-0000016146A628E0 doesn't match image C:\Users\sam.hamer\Downloads\MH2Files\motionhanging2\mh2 new movement\Library\ScriptAssemblies\Unity.VisualScripting.SettingsProvider.Editor.dll
Symbol file LoadedFromMemory is not a mono symbol file
Symbol file data-00000161478CF040 doesn't match image C:\Users\sam.hamer\Downloads\MH2Files\motionhanging2\mh2 new movement\Library\ScriptAssemblies\Unity.Performance.Profile-Analyzer.Editor.dll
Symbol file LoadedFromMemory is not a mono symbol file
Symbol file data-00000161451DE010 doesn't match image C:\Users\sam.hamer\Downloads\MH2Files\motionhanging2\mh2 new movement\Library\ScriptAssemblies\Unity.TestTools.CodeCoverage.Editor.dll
Symbol file LoadedFromMemory is not a mono symbol file
Symbol file data-0000016104207010 doesn't match image C:\Users\sam.hamer\Downloads\MH2Files\motionhanging2\mh2 new movement\Library\ScriptAssemblies\Unity.TestTools.CodeCoverage.Editor.OpenCover.Model.dll
Symbol file LoadedFromMemory is not a mono symbol file
Symbol file data-00000160B72815F0 doesn't match image C:\Users\sam.hamer\Downloads\MH2Files\motionhanging2\mh2 new movement\Library\ScriptAssemblies\Unity.PlasticSCM.Editor.dll
Symbol file LoadedFromMemory is not a mono symbol file
Symbol file data-0000016103FE7010 doesn't match image C:\Users\sam.hamer\Downloads\MH2Files\motionhanging2\mh2 new movement\Library\ScriptAssemblies\Unity.AI.Navigation.Updater.dll
Symbol file LoadedFromMemory is not a mono symbol file
Symbol file data-0000016147448080 doesn't match image C:\Users\sam.hamer\Downloads\MH2Files\motionhanging2\mh2 new movement\Library\ScriptAssemblies\Unity.ProBuilder.Poly2Tri.dll
Symbol file LoadedFromMemory is not a mono symbol file
Symbol file data-0000016100FB9050 doesn't match image C:\Users\sam.hamer\Downloads\MH2Files\motionhanging2\mh2 new movement\Library\ScriptAssemblies\Unity.VisualScripting.State.Editor.dll
Symbol file LoadedFromMemory is not a mono symbol file
Symbol file data-000001610323BDF0 doesn't match image C:\Users\sam.hamer\Downloads\MH2Files\motionhanging2\mh2 new movement\Library\ScriptAssemblies\Unity.Settings.Editor.dll
Symbol file LoadedFromMemory is not a mono symbol file
Symbol file data-0000016104207010 doesn't match image C:\Users\sam.hamer\Downloads\MH2Files\motionhanging2\mh2 new movement\Library\ScriptAssemblies\Unity.ProBuilder.KdTree.dll
Symbol file LoadedFromMemory is not a mono symbol file
Symbol file data-0000016100D4D010 doesn't match image C:\Users\sam.hamer\Downloads\MH2Files\motionhanging2\mh2 new movement\Library\ScriptAssemblies\Unity.CollabProxy.Editor.dll
Symbol file LoadedFromMemory is not a mono symbol file
Symbol file data-0000016144FF5820 doesn't match image C:\Users\sam.hamer\Downloads\MH2Files\motionhanging2\mh2 new movement\Library\ScriptAssemblies\Unity.TextMeshPro.dll
Symbol file LoadedFromMemory is not a mono symbol file
Symbol file data-000001614AB51060 doesn't match image C:\Users\sam.hamer\Downloads\MH2Files\motionhanging2\mh2 new movement\Library\ScriptAssemblies\Unity.TextMeshPro.Editor.dll
Symbol file LoadedFromMemory is not a mono symbol file
Symbol file data-0000016147B32040 doesn't match image C:\Users\sam.hamer\Downloads\MH2Files\motionhanging2\mh2 new movement\Library\ScriptAssemblies\Unity.AI.Navigation.Editor.dll
Symbol file LoadedFromMemory is not a mono symbol file
Symbol file data-0000016104207010 doesn't match image C:\Users\sam.hamer\Downloads\MH2Files\motionhanging2\mh2 new movement\Library\ScriptAssemblies\Unity.ProBuilder.AssetIdRemapUtility.dll
Symbol file LoadedFromMemory is not a mono symbol file
Symbol file data-0000016148205010 doesn't match image C:\Users\sam.hamer\Downloads\MH2Files\motionhanging2\mh2 new movement\Library\ScriptAssemblies\Unity.VisualScripting.State.dll
Symbol file LoadedFromMemory is not a mono symbol file
Symbol file data-0000016146DBF020 doesn't match image C:\Users\sam.hamer\Downloads\MH2Files\motionhanging2\mh2 new movement\Library\ScriptAssemblies\Unity.AI.Navigation.Editor.ConversionSystem.dll
Symbol file LoadedFromMemory is not a mono symbol file
Symbol file data-0000016104207010 doesn't match image C:\Users\sam.hamer\Downloads\MH2Files\motionhanging2\mh2 new movement\Library\ScriptAssemblies\Unity.VSCode.Editor.dll
Symbol file LoadedFromMemory is not a mono symbol file
- Loaded All Assemblies, in  0.422 seconds
Native extension for WindowsStandalone target not found
Mono: successfully reloaded assembly
- Finished resetting the current domain, in  1.001 seconds
Domain Reload Profiling: 1421ms
	BeginReloadAssembly (137ms)
		ExecutionOrderSort (0ms)
		DisableScriptedObjects (3ms)
		BackupInstance (0ms)
		ReleaseScriptingObjects (0ms)
		CreateAndSetChildDomain (26ms)
	RebuildCommonClasses (30ms)
	RebuildNativeTypeToScriptingClass (8ms)
	initialDomainReloadingComplete (27ms)
	LoadAllAssembliesAndSetupDomain (218ms)
		LoadAssemblies (278ms)
		RebuildTransferFunctionScriptingTraits (0ms)
		AnalyzeDomain (19ms)
			TypeCache.Refresh (7ms)
				TypeCache.ScanAssembly (0ms)
			ScanForSourceGeneratedMonoScriptInfo (0ms)
			ResolveRequiredComponents (10ms)
	FinalizeReload (1002ms)
		ReleaseScriptCaches (0ms)
		RebuildScriptCaches (0ms)
		SetupLoadedEditorAssemblies (446ms)
			LogAssemblyErrors (0ms)
			InitializePlatformSupportModulesInManaged (5ms)
			SetLoadedEditorAssemblies (5ms)
			RefreshPlugins (0ms)
			BeforeProcessingInitializeOnLoad (67ms)
			ProcessInitializeOnLoadAttributes (301ms)
			ProcessInitializeOnLoadMethodAttributes (65ms)
			AfterProcessingInitializeOnLoad (4ms)
			EditorAssembliesLoaded (0ms)
		ExecutionOrderSort2 (0ms)
		AwakeInstancesAfterBackupRestoration (6ms)
Refreshing native plugins compatible for Editor in 3.53 ms, found 3 plugins.
Preloading 0 native plugins for Editor in 0.00 ms.
Unloading 5275 Unused Serialized files (Serialized files now loaded: 0)
Unloading 24 unused Assets / (0.7 MB). Loaded Objects now: 6007.
Memory consumption went from 188.8 MB to 188.0 MB.
Total: 3.687100 ms (FindLiveObjects: 0.387200 ms CreateObjectMapping: 0.202400 ms MarkObjects: 2.380300 ms  DeleteObjects: 0.716300 ms)

Prepare: number of updated asset objects reloaded= 0
AssetImportParameters requested are different than current active one (requested -> active):
  custom:container-demuxer-ogg: 62fdf1f143b41e24485cea50d1cbac27 -> 
  custom:video-codec-MediaFoundation-h265: 746d11721c4dcdbdad8f713fa42b33f4 -> 
  custom:video-decoder-ogg-theora: a1e56fd34408186e4bbccfd4996cb3dc -> 
  custom:framework-win-MediaFoundation: 216162199b28c13a410421893ffa2e32 -> 
  custom:CustomObjectIndexerAttribute: 72b91833f83ae208fae7752999fa3104 -> 
  custom:container-demuxer-webm: 4f35f7cbe854078d1ac9338744f61a02 -> 
  custom:container-muxer-webm: aa71ff27fc2769a1b78a27578f13a17b -> 
  custom:video-decoder-webm-vp8: 9c59270c3fd7afecdb556c50c9e8de78 -> 
  custom:SearchIndexIgnoredProperties: e643bd26f0fe6173181afceb89e7c659 -> 
  custom:AudioImporter_EditorPlatform: d09bf68614088b80899f8185d706f6e7 -> 
  custom:video-encoder-webm-vp8: eb34c28f22e8b96e1ab97ce403110664 -> 
  custom:audio-decoder-ogg-vorbis: bf7c407c2cedff20999df2af8eb42d56 -> 
  custom:audio-encoder-webm-vorbis: bf7c407c2cedff20999df2af8eb42d56 -> 
========================================================================
Received Prepare
Caller must complete domain reload
Begin MonoManager ReloadAssembly
Symbol file data-00000161003A1E60 doesn't match image C:\Users\sam.hamer\Downloads\MH2Files\motionhanging2\mh2 new movement\Library\ScriptAssemblies\Unity.EditorCoroutines.Editor.dll
Symbol file LoadedFromMemory is not a mono symbol file
Symbol file data-000001614F9828D0 doesn't match image C:\Users\sam.hamer\Downloads\MH2Files\motionhanging2\mh2 new movement\Library\ScriptAssemblies\Unity.AI.Navigation.dll
Symbol file LoadedFromMemory is not a mono symbol file
Symbol file data-0000016103CB2340 doesn't match image C:\Users\sam.hamer\Downloads\MH2Files\motionhanging2\mh2 new movement\Library\ScriptAssemblies\Unity.ProBuilder.Stl.dll
Symbol file LoadedFromMemory is not a mono symbol file
Symbol file data-0000016149220010 doesn't match image C:\Users\sam.hamer\Downloads\MH2Files\motionhanging2\mh2 new movement\Library\ScriptAssemblies\Unity.ProBuilder.dll
Symbol file LoadedFromMemory is not a mono symbol file
Symbol file data-0000016147446030 doesn't match image C:\Users\sam.hamer\Downloads\MH2Files\motionhanging2\mh2 new movement\Library\ScriptAssemblies\Unity.Timeline.Editor.dll
Symbol file LoadedFromMemory is not a mono symbol file
Symbol file data-00000160FDC60A50 doesn't match image C:\Users\sam.hamer\Downloads\MH2Files\motionhanging2\mh2 new movement\Library\ScriptAssemblies\Unity.VisualScripting.Shared.Editor.dll
Symbol file LoadedFromMemory is not a mono symbol file
Symbol file data-0000016145425450 doesn't match image C:\Users\sam.hamer\Downloads\MH2Files\motionhanging2\mh2 new movement\Library\ScriptAssemblies\Unity.VisualStudio.Editor.dll
Symbol file LoadedFromMemory is not a mono symbol file
Symbol file data-0000016100FB9050 doesn't match image C:\Users\sam.hamer\Downloads\MH2Files\motionhanging2\mh2 new movement\Library\ScriptAssemblies\UnityEditor.UI.dll
Symbol file LoadedFromMemory is not a mono symbol file
Symbol file data-000001614E2CE0A0 doesn't match image C:\Users\sam.hamer\Downloads\MH2Files\motionhanging2\mh2 new movement\Library\ScriptAssemblies\Unity.VisualScripting.Core.dll
Symbol file LoadedFromMemory is not a mono symbol file
Symbol file data-0000016100335050 doesn't match image C:\Users\sam.hamer\Downloads\MH2Files\motionhanging2\mh2 new movement\Library\ScriptAssemblies\Unity.VisualScripting.Core.Editor.dll
Symbol file LoadedFromMemory is not a mono symbol file
Symbol file data-00000160FB8770D0 doesn't match image C:\Users\sam.hamer\Downloads\MH2Files\motionhanging2\mh2 new movement\Library\ScriptAssemblies\Unity.Rider.Editor.dll
Symbol file LoadedFromMemory is not a mono symbol file
Symbol file data-0000016101D09990 doesn't match image C:\Users\sam.hamer\Downloads\MH2Files\motionhanging2\mh2 new movement\Library\ScriptAssemblies\Unity.ProBuilder.AddOns.Editor.dll
Symbol file LoadedFromMemory is not a mono symbol file
Symbol file data-000001614DF3A020 doesn't match image C:\Users\sam.hamer\Downloads\MH2Files\motionhanging2\mh2 new movement\Library\ScriptAssemblies\UnityEngine.UI.dll
Symbol file LoadedFromMemory is not a mono symbol file
Symbol file data-000001614F9828D0 doesn't match image C:\Users\sam.hamer\Downloads\MH2Files\motionhanging2\mh2 new movement\Library\ScriptAssemblies\Unity.ProBuilder.Csg.dll
Symbol file LoadedFromMemory is not a mono symbol file
Symbol file data-0000016149220010 doesn't match image C:\Users\sam.hamer\Downloads\MH2Files\motionhanging2\mh2 new movement\Library\ScriptAssemblies\Unity.VisualScripting.Flow.dll
Symbol file LoadedFromMemory is not a mono symbol file
Symbol file data-00000161022A0090 doesn't match image C:\Users\sam.hamer\Downloads\MH2Files\motionhanging2\mh2 new movement\Library\ScriptAssemblies\Unity.VisualScripting.Flow.Editor.dll
Symbol file LoadedFromMemory is not a mono symbol file
Symbol file data-0000016103D81020 doesn't match image C:\Users\sam.hamer\Downloads\MH2Files\motionhanging2\mh2 new movement\Library\ScriptAssemblies\Unity.Timeline.dll
Symbol file LoadedFromMemory is not a mono symbol file
Symbol file data-00000160FCFA7010 doesn't match image C:\Users\sam.hamer\Downloads\MH2Files\motionhanging2\mh2 new movement\Library\ScriptAssemblies\Unity.TestTools.CodeCoverage.Editor.OpenCover.Mono.Reflection.dll
Symbol file LoadedFromMemory is not a mono symbol file
Symbol file data-00000160FC5A8010 doesn't match image C:\Users\sam.hamer\Downloads\MH2Files\motionhanging2\mh2 new movement\Library\ScriptAssemblies\Unity.ProBuilder.Editor.dll
Symbol file LoadedFromMemory is not a mono symbol file
Symbol file data-00000160B71BAE90 doesn't match image C:\Users\sam.hamer\Downloads\MH2Files\motionhanging2\mh2 new movement\Library\ScriptAssemblies\Unity.VisualScripting.SettingsProvider.Editor.dll
Symbol file LoadedFromMemory is not a mono symbol file
Symbol file data-000001614E930020 doesn't match image C:\Users\sam.hamer\Downloads\MH2Files\motionhanging2\mh2 new movement\Library\ScriptAssemblies\Unity.Performance.Profile-Analyzer.Editor.dll
Symbol file LoadedFromMemory is not a mono symbol file
Symbol file data-00000161451DE010 doesn't match image C:\Users\sam.hamer\Downloads\MH2Files\motionhanging2\mh2 new movement\Library\ScriptAssemblies\Unity.TestTools.CodeCoverage.Editor.dll
Symbol file LoadedFromMemory is not a mono symbol file
Symbol file data-0000016148AEA040 doesn't match image C:\Users\sam.hamer\Downloads\MH2Files\motionhanging2\mh2 new movement\Library\ScriptAssemblies\Unity.TestTools.CodeCoverage.Editor.OpenCover.Model.dll
Symbol file LoadedFromMemory is not a mono symbol file
Symbol file data-00000160B72815F0 doesn't match image C:\Users\sam.hamer\Downloads\MH2Files\motionhanging2\mh2 new movement\Library\ScriptAssemblies\Unity.PlasticSCM.Editor.dll
Symbol file LoadedFromMemory is not a mono symbol file
Symbol file data-0000016103FE7010 doesn't match image C:\Users\sam.hamer\Downloads\MH2Files\motionhanging2\mh2 new movement\Library\ScriptAssemblies\Unity.AI.Navigation.Updater.dll
Symbol file LoadedFromMemory is not a mono symbol file
Symbol file data-00000160B72CD130 doesn't match image C:\Users\sam.hamer\Downloads\MH2Files\motionhanging2\mh2 new movement\Library\ScriptAssemblies\Unity.ProBuilder.Poly2Tri.dll
Symbol file LoadedFromMemory is not a mono symbol file
Symbol file data-0000016100FB9050 doesn't match image C:\Users\sam.hamer\Downloads\MH2Files\motionhanging2\mh2 new movement\Library\ScriptAssemblies\Unity.VisualScripting.State.Editor.dll
Symbol file LoadedFromMemory is not a mono symbol file
Symbol file data-000001610323BDF0 doesn't match image C:\Users\sam.hamer\Downloads\MH2Files\motionhanging2\mh2 new movement\Library\ScriptAssemblies\Unity.Settings.Editor.dll
Symbol file LoadedFromMemory is not a mono symbol file
Symbol file data-00000160FAEA6030 doesn't match image C:\Users\sam.hamer\Downloads\MH2Files\motionhanging2\mh2 new movement\Library\ScriptAssemblies\Unity.ProBuilder.KdTree.dll
Symbol file LoadedFromMemory is not a mono symbol file
Symbol file data-0000016100D4D010 doesn't match image C:\Users\sam.hamer\Downloads\MH2Files\motionhanging2\mh2 new movement\Library\ScriptAssemblies\Unity.CollabProxy.Editor.dll
Symbol file LoadedFromMemory is not a mono symbol file
Symbol file data-0000016149220010 doesn't match image C:\Users\sam.hamer\Downloads\MH2Files\motionhanging2\mh2 new movement\Library\ScriptAssemblies\Unity.TextMeshPro.dll
Symbol file LoadedFromMemory is not a mono symbol file
Symbol file data-0000015F4630E010 doesn't match image C:\Users\sam.hamer\Downloads\MH2Files\motionhanging2\mh2 new movement\Library\ScriptAssemblies\Unity.TextMeshPro.Editor.dll
Symbol file LoadedFromMemory is not a mono symbol file
Symbol file data-0000016147B32040 doesn't match image C:\Users\sam.hamer\Downloads\MH2Files\motionhanging2\mh2 new movement\Library\ScriptAssemblies\Unity.AI.Navigation.Editor.dll
Symbol file LoadedFromMemory is not a mono symbol file
Symbol file data-0000016148AEA040 doesn't match image C:\Users\sam.hamer\Downloads\MH2Files\motionhanging2\mh2 new movement\Library\ScriptAssemblies\Unity.ProBuilder.AssetIdRemapUtility.dll
Symbol file LoadedFromMemory is not a mono symbol file
Symbol file data-000001614621F010 doesn't match image C:\Users\sam.hamer\Downloads\MH2Files\motionhanging2\mh2 new movement\Library\ScriptAssemblies\Unity.VisualScripting.State.dll
Symbol file LoadedFromMemory is not a mono symbol file
Symbol file data-0000016103310060 doesn't match image C:\Users\sam.hamer\Downloads\MH2Files\motionhanging2\mh2 new movement\Library\ScriptAssemblies\Unity.AI.Navigation.Editor.ConversionSystem.dll
Symbol file LoadedFromMemory is not a mono symbol file
Symbol file data-000001614621F010 doesn't match image C:\Users\sam.hamer\Downloads\MH2Files\motionhanging2\mh2 new movement\Library\ScriptAssemblies\Unity.VSCode.Editor.dll
Symbol file LoadedFromMemory is not a mono symbol file
- Loaded All Assemblies, in  0.436 seconds
Native extension for WindowsStandalone target not found
Mono: successfully reloaded assembly
- Finished resetting the current domain, in  1.037 seconds
Domain Reload Profiling: 1471ms
	BeginReloadAssembly (138ms)
		ExecutionOrderSort (0ms)
		DisableScriptedObjects (3ms)
		BackupInstance (0ms)
		ReleaseScriptingObjects (0ms)
		CreateAndSetChildDomain (31ms)
	RebuildCommonClasses (28ms)
	RebuildNativeTypeToScriptingClass (11ms)
	initialDomainReloadingComplete (27ms)
	LoadAllAssembliesAndSetupDomain (229ms)
		LoadAssemblies (276ms)
		RebuildTransferFunctionScriptingTraits (0ms)
		AnalyzeDomain (26ms)
			TypeCache.Refresh (15ms)
				TypeCache.ScanAssembly (0ms)
			ScanForSourceGeneratedMonoScriptInfo (0ms)
			ResolveRequiredComponents (9ms)
	FinalizeReload (1037ms)
		ReleaseScriptCaches (0ms)
		RebuildScriptCaches (0ms)
		SetupLoadedEditorAssemblies (481ms)
			LogAssemblyErrors (0ms)
			InitializePlatformSupportModulesInManaged (5ms)
			SetLoadedEditorAssemblies (5ms)
			RefreshPlugins (0ms)
			BeforeProcessingInitializeOnLoad (69ms)
			ProcessInitializeOnLoadAttributes (314ms)
			ProcessInitializeOnLoadMethodAttributes (83ms)
			AfterProcessingInitializeOnLoad (5ms)
			EditorAssembliesLoaded (0ms)
		ExecutionOrderSort2 (0ms)
		AwakeInstancesAfterBackupRestoration (6ms)
Refreshing native plugins compatible for Editor in 3.11 ms, found 3 plugins.
Preloading 0 native plugins for Editor in 0.00 ms.
Unloading 5275 Unused Serialized files (Serialized files now loaded: 0)
Unloading 24 unused Assets / (0.7 MB). Loaded Objects now: 6010.
Memory consumption went from 188.8 MB to 188.0 MB.
Total: 4.228000 ms (FindLiveObjects: 0.451300 ms CreateObjectMapping: 0.297900 ms MarkObjects: 2.995800 ms  DeleteObjects: 0.481400 ms)

Prepare: number of updated asset objects reloaded= 0
AssetImportParameters requested are different than current active one (requested -> active):
  custom:container-demuxer-ogg: 62fdf1f143b41e24485cea50d1cbac27 -> 
  custom:video-codec-MediaFoundation-h265: 746d11721c4dcdbdad8f713fa42b33f4 -> 
  custom:video-decoder-ogg-theora: a1e56fd34408186e4bbccfd4996cb3dc -> 
  custom:framework-win-MediaFoundation: 216162199b28c13a410421893ffa2e32 -> 
  custom:CustomObjectIndexerAttribute: 72b91833f83ae208fae7752999fa3104 -> 
  custom:container-demuxer-webm: 4f35f7cbe854078d1ac9338744f61a02 -> 
  custom:container-muxer-webm: aa71ff27fc2769a1b78a27578f13a17b -> 
  custom:video-decoder-webm-vp8: 9c59270c3fd7afecdb556c50c9e8de78 -> 
  custom:SearchIndexIgnoredProperties: e643bd26f0fe6173181afceb89e7c659 -> 
  custom:AudioImporter_EditorPlatform: d09bf68614088b80899f8185d706f6e7 -> 
  custom:video-encoder-webm-vp8: eb34c28f22e8b96e1ab97ce403110664 -> 
  custom:audio-decoder-ogg-vorbis: bf7c407c2cedff20999df2af8eb42d56 -> 
  custom:audio-encoder-webm-vorbis: bf7c407c2cedff20999df2af8eb42d56 -> 
========================================================================
Received Prepare
Caller must complete domain reload
Begin MonoManager ReloadAssembly
Symbol file data-00000161003A1E60 doesn't match image C:\Users\sam.hamer\Downloads\MH2Files\motionhanging2\mh2 new movement\Library\ScriptAssemblies\Unity.EditorCoroutines.Editor.dll
Symbol file LoadedFromMemory is not a mono symbol file
Symbol file data-000001614F9828D0 doesn't match image C:\Users\sam.hamer\Downloads\MH2Files\motionhanging2\mh2 new movement\Library\ScriptAssemblies\Unity.AI.Navigation.dll
Symbol file LoadedFromMemory is not a mono symbol file
Symbol file data-0000016103CB2340 doesn't match image C:\Users\sam.hamer\Downloads\MH2Files\motionhanging2\mh2 new movement\Library\ScriptAssemblies\Unity.ProBuilder.Stl.dll
Symbol file LoadedFromMemory is not a mono symbol file
Symbol file data-0000016149220010 doesn't match image C:\Users\sam.hamer\Downloads\MH2Files\motionhanging2\mh2 new movement\Library\ScriptAssemblies\Unity.ProBuilder.dll
Symbol file LoadedFromMemory is not a mono symbol file
Symbol file data-0000016147446030 doesn't match image C:\Users\sam.hamer\Downloads\MH2Files\motionhanging2\mh2 new movement\Library\ScriptAssemblies\Unity.Timeline.Editor.dll
Symbol file LoadedFromMemory is not a mono symbol file
Symbol file data-000001614AAD1020 doesn't match image C:\Users\sam.hamer\Downloads\MH2Files\motionhanging2\mh2 new movement\Library\ScriptAssemblies\Unity.VisualScripting.Shared.Editor.dll
Symbol file LoadedFromMemory is not a mono symbol file
Symbol file data-0000016145425450 doesn't match image C:\Users\sam.hamer\Downloads\MH2Files\motionhanging2\mh2 new movement\Library\ScriptAssemblies\Unity.VisualStudio.Editor.dll
Symbol file LoadedFromMemory is not a mono symbol file
Symbol file data-0000016100FB9050 doesn't match image C:\Users\sam.hamer\Downloads\MH2Files\motionhanging2\mh2 new movement\Library\ScriptAssemblies\UnityEditor.UI.dll
Symbol file LoadedFromMemory is not a mono symbol file
Symbol file data-000001614E2CE0A0 doesn't match image C:\Users\sam.hamer\Downloads\MH2Files\motionhanging2\mh2 new movement\Library\ScriptAssemblies\Unity.VisualScripting.Core.dll
Symbol file LoadedFromMemory is not a mono symbol file
Symbol file data-0000016100335050 doesn't match image C:\Users\sam.hamer\Downloads\MH2Files\motionhanging2\mh2 new movement\Library\ScriptAssemblies\Unity.VisualScripting.Core.Editor.dll
Symbol file LoadedFromMemory is not a mono symbol file
Symbol file data-00000160FB8770D0 doesn't match image C:\Users\sam.hamer\Downloads\MH2Files\motionhanging2\mh2 new movement\Library\ScriptAssemblies\Unity.Rider.Editor.dll
Symbol file LoadedFromMemory is not a mono symbol file
Symbol file data-0000016101D09990 doesn't match image C:\Users\sam.hamer\Downloads\MH2Files\motionhanging2\mh2 new movement\Library\ScriptAssemblies\Unity.ProBuilder.AddOns.Editor.dll
Symbol file LoadedFromMemory is not a mono symbol file
Symbol file data-000001614DF3A020 doesn't match image C:\Users\sam.hamer\Downloads\MH2Files\motionhanging2\mh2 new movement\Library\ScriptAssemblies\UnityEngine.UI.dll
Symbol file LoadedFromMemory is not a mono symbol file
Symbol file data-000001614F9828D0 doesn't match image C:\Users\sam.hamer\Downloads\MH2Files\motionhanging2\mh2 new movement\Library\ScriptAssemblies\Unity.ProBuilder.Csg.dll
Symbol file LoadedFromMemory is not a mono symbol file
Symbol file data-0000016149220010 doesn't match image C:\Users\sam.hamer\Downloads\MH2Files\motionhanging2\mh2 new movement\Library\ScriptAssemblies\Unity.VisualScripting.Flow.dll
Symbol file LoadedFromMemory is not a mono symbol file
Symbol file data-00000161022A0090 doesn't match image C:\Users\sam.hamer\Downloads\MH2Files\motionhanging2\mh2 new movement\Library\ScriptAssemblies\Unity.VisualScripting.Flow.Editor.dll
Symbol file LoadedFromMemory is not a mono symbol file
Symbol file data-0000016146E60050 doesn't match image C:\Users\sam.hamer\Downloads\MH2Files\motionhanging2\mh2 new movement\Library\ScriptAssemblies\Unity.Timeline.dll
Symbol file LoadedFromMemory is not a mono symbol file
Symbol file data-00000160FCFA7010 doesn't match image C:\Users\sam.hamer\Downloads\MH2Files\motionhanging2\mh2 new movement\Library\ScriptAssemblies\Unity.TestTools.CodeCoverage.Editor.OpenCover.Mono.Reflection.dll
Symbol file LoadedFromMemory is not a mono symbol file
Symbol file data-00000160FC5A8010 doesn't match image C:\Users\sam.hamer\Downloads\MH2Files\motionhanging2\mh2 new movement\Library\ScriptAssemblies\Unity.ProBuilder.Editor.dll
Symbol file LoadedFromMemory is not a mono symbol file
Symbol file data-00000160B71BAE90 doesn't match image C:\Users\sam.hamer\Downloads\MH2Files\motionhanging2\mh2 new movement\Library\ScriptAssemblies\Unity.VisualScripting.SettingsProvider.Editor.dll
Symbol file LoadedFromMemory is not a mono symbol file
Symbol file data-000001614E930020 doesn't match image C:\Users\sam.hamer\Downloads\MH2Files\motionhanging2\mh2 new movement\Library\ScriptAssemblies\Unity.Performance.Profile-Analyzer.Editor.dll
Symbol file LoadedFromMemory is not a mono symbol file
Symbol file data-00000161451DE010 doesn't match image C:\Users\sam.hamer\Downloads\MH2Files\motionhanging2\mh2 new movement\Library\ScriptAssemblies\Unity.TestTools.CodeCoverage.Editor.dll
Symbol file LoadedFromMemory is not a mono symbol file
Symbol file data-0000016148AEA040 doesn't match image C:\Users\sam.hamer\Downloads\MH2Files\motionhanging2\mh2 new movement\Library\ScriptAssemblies\Unity.TestTools.CodeCoverage.Editor.OpenCover.Model.dll
Symbol file LoadedFromMemory is not a mono symbol file
Symbol file data-00000160B72815F0 doesn't match image C:\Users\sam.hamer\Downloads\MH2Files\motionhanging2\mh2 new movement\Library\ScriptAssemblies\Unity.PlasticSCM.Editor.dll
Symbol file LoadedFromMemory is not a mono symbol file
Symbol file data-000001614AAD1020 doesn't match image C:\Users\sam.hamer\Downloads\MH2Files\motionhanging2\mh2 new movement\Library\ScriptAssemblies\Unity.AI.Navigation.Updater.dll
Symbol file LoadedFromMemory is not a mono symbol file
Symbol file data-00000160B72CD130 doesn't match image C:\Users\sam.hamer\Downloads\MH2Files\motionhanging2\mh2 new movement\Library\ScriptAssemblies\Unity.ProBuilder.Poly2Tri.dll
Symbol file LoadedFromMemory is not a mono symbol file
Symbol file data-0000016100FB9050 doesn't match image C:\Users\sam.hamer\Downloads\MH2Files\motionhanging2\mh2 new movement\Library\ScriptAssemblies\Unity.VisualScripting.State.Editor.dll
Symbol file LoadedFromMemory is not a mono symbol file
Symbol file data-000001610323BDF0 doesn't match image C:\Users\sam.hamer\Downloads\MH2Files\motionhanging2\mh2 new movement\Library\ScriptAssemblies\Unity.Settings.Editor.dll
Symbol file LoadedFromMemory is not a mono symbol file
Symbol file data-00000160FAEA6030 doesn't match image C:\Users\sam.hamer\Downloads\MH2Files\motionhanging2\mh2 new movement\Library\ScriptAssemblies\Unity.ProBuilder.KdTree.dll
Symbol file LoadedFromMemory is not a mono symbol file
Symbol file data-00000160FDC60A50 doesn't match image C:\Users\sam.hamer\Downloads\MH2Files\motionhanging2\mh2 new movement\Library\ScriptAssemblies\Unity.CollabProxy.Editor.dll
Symbol file LoadedFromMemory is not a mono symbol file
Symbol file data-0000016149220010 doesn't match image C:\Users\sam.hamer\Downloads\MH2Files\motionhanging2\mh2 new movement\Library\ScriptAssemblies\Unity.TextMeshPro.dll
Symbol file LoadedFromMemory is not a mono symbol file
Symbol file data-0000015F4630E010 doesn't match image C:\Users\sam.hamer\Downloads\MH2Files\motionhanging2\mh2 new movement\Library\ScriptAssemblies\Unity.TextMeshPro.Editor.dll
Symbol file LoadedFromMemory is not a mono symbol file
Symbol file data-0000016147B32040 doesn't match image C:\Users\sam.hamer\Downloads\MH2Files\motionhanging2\mh2 new movement\Library\ScriptAssemblies\Unity.AI.Navigation.Editor.dll
Symbol file LoadedFromMemory is not a mono symbol file
Symbol file data-0000016148AEA040 doesn't match image C:\Users\sam.hamer\Downloads\MH2Files\motionhanging2\mh2 new movement\Library\ScriptAssemblies\Unity.ProBuilder.AssetIdRemapUtility.dll
Symbol file LoadedFromMemory is not a mono symbol file
Symbol file data-000001614621F010 doesn't match image C:\Users\sam.hamer\Downloads\MH2Files\motionhanging2\mh2 new movement\Library\ScriptAssemblies\Unity.VisualScripting.State.dll
Symbol file LoadedFromMemory is not a mono symbol file
Symbol file data-0000016103310060 doesn't match image C:\Users\sam.hamer\Downloads\MH2Files\motionhanging2\mh2 new movement\Library\ScriptAssemblies\Unity.AI.Navigation.Editor.ConversionSystem.dll
Symbol file LoadedFromMemory is not a mono symbol file
Symbol file data-000001614621F010 doesn't match image C:\Users\sam.hamer\Downloads\MH2Files\motionhanging2\mh2 new movement\Library\ScriptAssemblies\Unity.VSCode.Editor.dll
Symbol file LoadedFromMemory is not a mono symbol file
- Loaded All Assemblies, in  0.422 seconds
Native extension for WindowsStandalone target not found
Mono: successfully reloaded assembly
- Finished resetting the current domain, in  1.042 seconds
Domain Reload Profiling: 1461ms
	BeginReloadAssembly (136ms)
		ExecutionOrderSort (0ms)
		DisableScriptedObjects (3ms)
		BackupInstance (0ms)
		ReleaseScriptingObjects (0ms)
		CreateAndSetChildDomain (30ms)
	RebuildCommonClasses (26ms)
	RebuildNativeTypeToScriptingClass (9ms)
	initialDomainReloadingComplete (28ms)
	LoadAllAssembliesAndSetupDomain (219ms)
		LoadAssemblies (272ms)
		RebuildTransferFunctionScriptingTraits (0ms)
		AnalyzeDomain (20ms)
			TypeCache.Refresh (9ms)
				TypeCache.ScanAssembly (0ms)
			ScanForSourceGeneratedMonoScriptInfo (0ms)
			ResolveRequiredComponents (10ms)
	FinalizeReload (1042ms)
		ReleaseScriptCaches (0ms)
		RebuildScriptCaches (0ms)
		SetupLoadedEditorAssemblies (481ms)
			LogAssemblyErrors (0ms)
			InitializePlatformSupportModulesInManaged (5ms)
			SetLoadedEditorAssemblies (4ms)
			RefreshPlugins (0ms)
			BeforeProcessingInitializeOnLoad (68ms)
			ProcessInitializeOnLoadAttributes (332ms)
			ProcessInitializeOnLoadMethodAttributes (67ms)
			AfterProcessingInitializeOnLoad (4ms)
			EditorAssembliesLoaded (0ms)
		ExecutionOrderSort2 (0ms)
		AwakeInstancesAfterBackupRestoration (8ms)
Refreshing native plugins compatible for Editor in 4.39 ms, found 3 plugins.
Preloading 0 native plugins for Editor in 0.00 ms.
Unloading 5275 Unused Serialized files (Serialized files now loaded: 0)
Unloading 24 unused Assets / (0.8 MB). Loaded Objects now: 6013.
Memory consumption went from 188.8 MB to 188.0 MB.
Total: 4.083400 ms (FindLiveObjects: 0.420000 ms CreateObjectMapping: 0.387100 ms MarkObjects: 2.699800 ms  DeleteObjects: 0.575100 ms)

Prepare: number of updated asset objects reloaded= 0
AssetImportParameters requested are different than current active one (requested -> active):
  custom:container-demuxer-ogg: 62fdf1f143b41e24485cea50d1cbac27 -> 
  custom:video-codec-MediaFoundation-h265: 746d11721c4dcdbdad8f713fa42b33f4 -> 
  custom:video-decoder-ogg-theora: a1e56fd34408186e4bbccfd4996cb3dc -> 
  custom:framework-win-MediaFoundation: 216162199b28c13a410421893ffa2e32 -> 
  custom:CustomObjectIndexerAttribute: 72b91833f83ae208fae7752999fa3104 -> 
  custom:container-demuxer-webm: 4f35f7cbe854078d1ac9338744f61a02 -> 
  custom:container-muxer-webm: aa71ff27fc2769a1b78a27578f13a17b -> 
  custom:video-decoder-webm-vp8: 9c59270c3fd7afecdb556c50c9e8de78 -> 
  custom:SearchIndexIgnoredProperties: e643bd26f0fe6173181afceb89e7c659 -> 
  custom:AudioImporter_EditorPlatform: d09bf68614088b80899f8185d706f6e7 -> 
  custom:video-encoder-webm-vp8: eb34c28f22e8b96e1ab97ce403110664 -> 
  custom:audio-decoder-ogg-vorbis: bf7c407c2cedff20999df2af8eb42d56 -> 
  custom:audio-encoder-webm-vorbis: bf7c407c2cedff20999df2af8eb42d56 -> 
========================================================================
Received Prepare
Caller must complete domain reload
Begin MonoManager ReloadAssembly
Symbol file data-00000161003A1E60 doesn't match image C:\Users\sam.hamer\Downloads\MH2Files\motionhanging2\mh2 new movement\Library\ScriptAssemblies\Unity.EditorCoroutines.Editor.dll
Symbol file LoadedFromMemory is not a mono symbol file
Symbol file data-000001614F9828D0 doesn't match image C:\Users\sam.hamer\Downloads\MH2Files\motionhanging2\mh2 new movement\Library\ScriptAssemblies\Unity.AI.Navigation.dll
Symbol file LoadedFromMemory is not a mono symbol file
Symbol file data-0000016103CB2340 doesn't match image C:\Users\sam.hamer\Downloads\MH2Files\motionhanging2\mh2 new movement\Library\ScriptAssemblies\Unity.ProBuilder.Stl.dll
Symbol file LoadedFromMemory is not a mono symbol file
Symbol file data-0000016149220010 doesn't match image C:\Users\sam.hamer\Downloads\MH2Files\motionhanging2\mh2 new movement\Library\ScriptAssemblies\Unity.ProBuilder.dll
Symbol file LoadedFromMemory is not a mono symbol file
Symbol file data-0000016147446030 doesn't match image C:\Users\sam.hamer\Downloads\MH2Files\motionhanging2\mh2 new movement\Library\ScriptAssemblies\Unity.Timeline.Editor.dll
Symbol file LoadedFromMemory is not a mono symbol file
Symbol file data-000001614AAD1020 doesn't match image C:\Users\sam.hamer\Downloads\MH2Files\motionhanging2\mh2 new movement\Library\ScriptAssemblies\Unity.VisualScripting.Shared.Editor.dll
Symbol file LoadedFromMemory is not a mono symbol file
Symbol file data-0000016145425450 doesn't match image C:\Users\sam.hamer\Downloads\MH2Files\motionhanging2\mh2 new movement\Library\ScriptAssemblies\Unity.VisualStudio.Editor.dll
Symbol file LoadedFromMemory is not a mono symbol file
Symbol file data-0000016100FB9050 doesn't match image C:\Users\sam.hamer\Downloads\MH2Files\motionhanging2\mh2 new movement\Library\ScriptAssemblies\UnityEditor.UI.dll
Symbol file LoadedFromMemory is not a mono symbol file
Symbol file data-000001614E2CE0A0 doesn't match image C:\Users\sam.hamer\Downloads\MH2Files\motionhanging2\mh2 new movement\Library\ScriptAssemblies\Unity.VisualScripting.Core.dll
Symbol file LoadedFromMemory is not a mono symbol file
Symbol file data-0000016100335050 doesn't match image C:\Users\sam.hamer\Downloads\MH2Files\motionhanging2\mh2 new movement\Library\ScriptAssemblies\Unity.VisualScripting.Core.Editor.dll
Symbol file LoadedFromMemory is not a mono symbol file
Symbol file data-00000160FB8770D0 doesn't match image C:\Users\sam.hamer\Downloads\MH2Files\motionhanging2\mh2 new movement\Library\ScriptAssemblies\Unity.Rider.Editor.dll
Symbol file LoadedFromMemory is not a mono symbol file
Symbol file data-0000016101D09990 doesn't match image C:\Users\sam.hamer\Downloads\MH2Files\motionhanging2\mh2 new movement\Library\ScriptAssemblies\Unity.ProBuilder.AddOns.Editor.dll
Symbol file LoadedFromMemory is not a mono symbol file
Symbol file data-000001614DF3A020 doesn't match image C:\Users\sam.hamer\Downloads\MH2Files\motionhanging2\mh2 new movement\Library\ScriptAssemblies\UnityEngine.UI.dll
Symbol file LoadedFromMemory is not a mono symbol file
Symbol file data-000001614F9828D0 doesn't match image C:\Users\sam.hamer\Downloads\MH2Files\motionhanging2\mh2 new movement\Library\ScriptAssemblies\Unity.ProBuilder.Csg.dll
Symbol file LoadedFromMemory is not a mono symbol file
Symbol file data-0000016149220010 doesn't match image C:\Users\sam.hamer\Downloads\MH2Files\motionhanging2\mh2 new movement\Library\ScriptAssemblies\Unity.VisualScripting.Flow.dll
Symbol file LoadedFromMemory is not a mono symbol file
Symbol file data-000001614E930020 doesn't match image C:\Users\sam.hamer\Downloads\MH2Files\motionhanging2\mh2 new movement\Library\ScriptAssemblies\Unity.VisualScripting.Flow.Editor.dll
Symbol file LoadedFromMemory is not a mono symbol file
Symbol file data-0000016146E60050 doesn't match image C:\Users\sam.hamer\Downloads\MH2Files\motionhanging2\mh2 new movement\Library\ScriptAssemblies\Unity.Timeline.dll
Symbol file LoadedFromMemory is not a mono symbol file
Symbol file data-00000160FCFA7010 doesn't match image C:\Users\sam.hamer\Downloads\MH2Files\motionhanging2\mh2 new movement\Library\ScriptAssemblies\Unity.TestTools.CodeCoverage.Editor.OpenCover.Mono.Reflection.dll
Symbol file LoadedFromMemory is not a mono symbol file
Symbol file data-00000160FC5A8010 doesn't match image C:\Users\sam.hamer\Downloads\MH2Files\motionhanging2\mh2 new movement\Library\ScriptAssemblies\Unity.ProBuilder.Editor.dll
Symbol file LoadedFromMemory is not a mono symbol file
Symbol file data-00000160B71BAE90 doesn't match image C:\Users\sam.hamer\Downloads\MH2Files\motionhanging2\mh2 new movement\Library\ScriptAssemblies\Unity.VisualScripting.SettingsProvider.Editor.dll
Symbol file LoadedFromMemory is not a mono symbol file
Symbol file data-000001614E930020 doesn't match image C:\Users\sam.hamer\Downloads\MH2Files\motionhanging2\mh2 new movement\Library\ScriptAssemblies\Unity.Performance.Profile-Analyzer.Editor.dll
Symbol file LoadedFromMemory is not a mono symbol file
Symbol file data-00000161451DE010 doesn't match image C:\Users\sam.hamer\Downloads\MH2Files\motionhanging2\mh2 new movement\Library\ScriptAssemblies\Unity.TestTools.CodeCoverage.Editor.dll
Symbol file LoadedFromMemory is not a mono symbol file
Symbol file data-0000016148AEA040 doesn't match image C:\Users\sam.hamer\Downloads\MH2Files\motionhanging2\mh2 new movement\Library\ScriptAssemblies\Unity.TestTools.CodeCoverage.Editor.OpenCover.Model.dll
Symbol file LoadedFromMemory is not a mono symbol file
Symbol file data-00000160B72815F0 doesn't match image C:\Users\sam.hamer\Downloads\MH2Files\motionhanging2\mh2 new movement\Library\ScriptAssemblies\Unity.PlasticSCM.Editor.dll
Symbol file LoadedFromMemory is not a mono symbol file
Symbol file data-000001614AAD1020 doesn't match image C:\Users\sam.hamer\Downloads\MH2Files\motionhanging2\mh2 new movement\Library\ScriptAssemblies\Unity.AI.Navigation.Updater.dll
Symbol file LoadedFromMemory is not a mono symbol file
Symbol file data-00000160B72CD130 doesn't match image C:\Users\sam.hamer\Downloads\MH2Files\motionhanging2\mh2 new movement\Library\ScriptAssemblies\Unity.ProBuilder.Poly2Tri.dll
Symbol file LoadedFromMemory is not a mono symbol file
Symbol file data-0000016100FB9050 doesn't match image C:\Users\sam.hamer\Downloads\MH2Files\motionhanging2\mh2 new movement\Library\ScriptAssemblies\Unity.VisualScripting.State.Editor.dll
Symbol file LoadedFromMemory is not a mono symbol file
Symbol file data-000001610323BDF0 doesn't match image C:\Users\sam.hamer\Downloads\MH2Files\motionhanging2\mh2 new movement\Library\ScriptAssemblies\Unity.Settings.Editor.dll
Symbol file LoadedFromMemory is not a mono symbol file
Symbol file data-00000160FAEA6030 doesn't match image C:\Users\sam.hamer\Downloads\MH2Files\motionhanging2\mh2 new movement\Library\ScriptAssemblies\Unity.ProBuilder.KdTree.dll
Symbol file LoadedFromMemory is not a mono symbol file
Symbol file data-00000160FDC60A50 doesn't match image C:\Users\sam.hamer\Downloads\MH2Files\motionhanging2\mh2 new movement\Library\ScriptAssemblies\Unity.CollabProxy.Editor.dll
Symbol file LoadedFromMemory is not a mono symbol file
Symbol file data-0000016149220010 doesn't match image C:\Users\sam.hamer\Downloads\MH2Files\motionhanging2\mh2 new movement\Library\ScriptAssemblies\Unity.TextMeshPro.dll
Symbol file LoadedFromMemory is not a mono symbol file
Symbol file data-0000015F4630E010 doesn't match image C:\Users\sam.hamer\Downloads\MH2Files\motionhanging2\mh2 new movement\Library\ScriptAssemblies\Unity.TextMeshPro.Editor.dll
Symbol file LoadedFromMemory is not a mono symbol file
Symbol file data-0000016147B32040 doesn't match image C:\Users\sam.hamer\Downloads\MH2Files\motionhanging2\mh2 new movement\Library\ScriptAssemblies\Unity.AI.Navigation.Editor.dll
Symbol file LoadedFromMemory is not a mono symbol file
Symbol file data-0000016148AEA040 doesn't match image C:\Users\sam.hamer\Downloads\MH2Files\motionhanging2\mh2 new movement\Library\ScriptAssemblies\Unity.ProBuilder.AssetIdRemapUtility.dll
Symbol file LoadedFromMemory is not a mono symbol file
Symbol file data-000001614621F010 doesn't match image C:\Users\sam.hamer\Downloads\MH2Files\motionhanging2\mh2 new movement\Library\ScriptAssemblies\Unity.VisualScripting.State.dll
Symbol file LoadedFromMemory is not a mono symbol file
Symbol file data-0000016103310060 doesn't match image C:\Users\sam.hamer\Downloads\MH2Files\motionhanging2\mh2 new movement\Library\ScriptAssemblies\Unity.AI.Navigation.Editor.ConversionSystem.dll
Symbol file LoadedFromMemory is not a mono symbol file
Symbol file data-000001614621F010 doesn't match image C:\Users\sam.hamer\Downloads\MH2Files\motionhanging2\mh2 new movement\Library\ScriptAssemblies\Unity.VSCode.Editor.dll
Symbol file LoadedFromMemory is not a mono symbol file
- Loaded All Assemblies, in  0.427 seconds
Native extension for WindowsStandalone target not found
Mono: successfully reloaded assembly
- Finished resetting the current domain, in  1.036 seconds
Domain Reload Profiling: 1461ms
	BeginReloadAssembly (139ms)
		ExecutionOrderSort (0ms)
		DisableScriptedObjects (3ms)
		BackupInstance (0ms)
		ReleaseScriptingObjects (0ms)
		CreateAndSetChildDomain (37ms)
	RebuildCommonClasses (24ms)
	RebuildNativeTypeToScriptingClass (12ms)
	initialDomainReloadingComplete (22ms)
	LoadAllAssembliesAndSetupDomain (227ms)
		LoadAssemblies (275ms)
		RebuildTransferFunctionScriptingTraits (0ms)
		AnalyzeDomain (22ms)
			TypeCache.Refresh (8ms)
				TypeCache.ScanAssembly (0ms)
			ScanForSourceGeneratedMonoScriptInfo (0ms)
			ResolveRequiredComponents (12ms)
	FinalizeReload (1037ms)
		ReleaseScriptCaches (0ms)
		RebuildScriptCaches (0ms)
		SetupLoadedEditorAssemblies (448ms)
			LogAssemblyErrors (0ms)
			InitializePlatformSupportModulesInManaged (5ms)
			SetLoadedEditorAssemblies (5ms)
			RefreshPlugins (0ms)
			BeforeProcessingInitializeOnLoad (78ms)
			ProcessInitializeOnLoadAttributes (293ms)
			ProcessInitializeOnLoadMethodAttributes (63ms)
			AfterProcessingInitializeOnLoad (5ms)
			EditorAssembliesLoaded (0ms)
		ExecutionOrderSort2 (0ms)
		AwakeInstancesAfterBackupRestoration (7ms)
Refreshing native plugins compatible for Editor in 3.70 ms, found 3 plugins.
Preloading 0 native plugins for Editor in 0.00 ms.
Unloading 5275 Unused Serialized files (Serialized files now loaded: 0)
Unloading 24 unused Assets / (0.7 MB). Loaded Objects now: 6016.
Memory consumption went from 188.8 MB to 188.0 MB.
Total: 3.028300 ms (FindLiveObjects: 0.390000 ms CreateObjectMapping: 0.168400 ms MarkObjects: 2.165700 ms  DeleteObjects: 0.303300 ms)

Prepare: number of updated asset objects reloaded= 0
AssetImportParameters requested are different than current active one (requested -> active):
  custom:container-demuxer-ogg: 62fdf1f143b41e24485cea50d1cbac27 -> 
  custom:video-codec-MediaFoundation-h265: 746d11721c4dcdbdad8f713fa42b33f4 -> 
  custom:video-decoder-ogg-theora: a1e56fd34408186e4bbccfd4996cb3dc -> 
  custom:framework-win-MediaFoundation: 216162199b28c13a410421893ffa2e32 -> 
  custom:CustomObjectIndexerAttribute: 72b91833f83ae208fae7752999fa3104 -> 
  custom:container-demuxer-webm: 4f35f7cbe854078d1ac9338744f61a02 -> 
  custom:container-muxer-webm: aa71ff27fc2769a1b78a27578f13a17b -> 
  custom:video-decoder-webm-vp8: 9c59270c3fd7afecdb556c50c9e8de78 -> 
  custom:SearchIndexIgnoredProperties: e643bd26f0fe6173181afceb89e7c659 -> 
  custom:AudioImporter_EditorPlatform: d09bf68614088b80899f8185d706f6e7 -> 
  custom:video-encoder-webm-vp8: eb34c28f22e8b96e1ab97ce403110664 -> 
  custom:audio-decoder-ogg-vorbis: bf7c407c2cedff20999df2af8eb42d56 -> 
  custom:audio-encoder-webm-vorbis: bf7c407c2cedff20999df2af8eb42d56 -> 
========================================================================
Received Prepare
Caller must complete domain reload
Begin MonoManager ReloadAssembly
Symbol file data-00000161003A1E60 doesn't match image C:\Users\sam.hamer\Downloads\MH2Files\motionhanging2\mh2 new movement\Library\ScriptAssemblies\Unity.EditorCoroutines.Editor.dll
Symbol file LoadedFromMemory is not a mono symbol file
Symbol file data-0000016145029880 doesn't match image C:\Users\sam.hamer\Downloads\MH2Files\motionhanging2\mh2 new movement\Library\ScriptAssemblies\Unity.AI.Navigation.dll
Symbol file LoadedFromMemory is not a mono symbol file
Symbol file data-0000016103CB2340 doesn't match image C:\Users\sam.hamer\Downloads\MH2Files\motionhanging2\mh2 new movement\Library\ScriptAssemblies\Unity.ProBuilder.Stl.dll
Symbol file LoadedFromMemory is not a mono symbol file
Symbol file data-0000016149220010 doesn't match image C:\Users\sam.hamer\Downloads\MH2Files\motionhanging2\mh2 new movement\Library\ScriptAssemblies\Unity.ProBuilder.dll
Symbol file LoadedFromMemory is not a mono symbol file
Symbol file data-00000161473BA010 doesn't match image C:\Users\sam.hamer\Downloads\MH2Files\motionhanging2\mh2 new movement\Library\ScriptAssemblies\Unity.Timeline.Editor.dll
Symbol file LoadedFromMemory is not a mono symbol file
Symbol file data-000001614AAD1020 doesn't match image C:\Users\sam.hamer\Downloads\MH2Files\motionhanging2\mh2 new movement\Library\ScriptAssemblies\Unity.VisualScripting.Shared.Editor.dll
Symbol file LoadedFromMemory is not a mono symbol file
Symbol file data-0000016145425450 doesn't match image C:\Users\sam.hamer\Downloads\MH2Files\motionhanging2\mh2 new movement\Library\ScriptAssemblies\Unity.VisualStudio.Editor.dll
Symbol file LoadedFromMemory is not a mono symbol file
Symbol file data-0000016100FB9050 doesn't match image C:\Users\sam.hamer\Downloads\MH2Files\motionhanging2\mh2 new movement\Library\ScriptAssemblies\UnityEditor.UI.dll
Symbol file LoadedFromMemory is not a mono symbol file
Symbol file data-000001614E2CE0A0 doesn't match image C:\Users\sam.hamer\Downloads\MH2Files\motionhanging2\mh2 new movement\Library\ScriptAssemblies\Unity.VisualScripting.Core.dll
Symbol file LoadedFromMemory is not a mono symbol file
Symbol file data-000001614E483050 doesn't match image C:\Users\sam.hamer\Downloads\MH2Files\motionhanging2\mh2 new movement\Library\ScriptAssemblies\Unity.VisualScripting.Core.Editor.dll
Symbol file LoadedFromMemory is not a mono symbol file
Symbol file data-00000160FB8770D0 doesn't match image C:\Users\sam.hamer\Downloads\MH2Files\motionhanging2\mh2 new movement\Library\ScriptAssemblies\Unity.Rider.Editor.dll
Symbol file LoadedFromMemory is not a mono symbol file
Symbol file data-0000016101D09990 doesn't match image C:\Users\sam.hamer\Downloads\MH2Files\motionhanging2\mh2 new movement\Library\ScriptAssemblies\Unity.ProBuilder.AddOns.Editor.dll
Symbol file LoadedFromMemory is not a mono symbol file
Symbol file data-000001614DF3A020 doesn't match image C:\Users\sam.hamer\Downloads\MH2Files\motionhanging2\mh2 new movement\Library\ScriptAssemblies\UnityEngine.UI.dll
Symbol file LoadedFromMemory is not a mono symbol file
Symbol file data-0000016145029880 doesn't match image C:\Users\sam.hamer\Downloads\MH2Files\motionhanging2\mh2 new movement\Library\ScriptAssemblies\Unity.ProBuilder.Csg.dll
Symbol file LoadedFromMemory is not a mono symbol file
Symbol file data-000001614B390010 doesn't match image C:\Users\sam.hamer\Downloads\MH2Files\motionhanging2\mh2 new movement\Library\ScriptAssemblies\Unity.VisualScripting.Flow.dll
Symbol file LoadedFromMemory is not a mono symbol file
Symbol file data-000001614E930020 doesn't match image C:\Users\sam.hamer\Downloads\MH2Files\motionhanging2\mh2 new movement\Library\ScriptAssemblies\Unity.VisualScripting.Flow.Editor.dll
Symbol file LoadedFromMemory is not a mono symbol file
Symbol file data-0000016146E60050 doesn't match image C:\Users\sam.hamer\Downloads\MH2Files\motionhanging2\mh2 new movement\Library\ScriptAssemblies\Unity.Timeline.dll
Symbol file LoadedFromMemory is not a mono symbol file
Symbol file data-00000160FCFA7010 doesn't match image C:\Users\sam.hamer\Downloads\MH2Files\motionhanging2\mh2 new movement\Library\ScriptAssemblies\Unity.TestTools.CodeCoverage.Editor.OpenCover.Mono.Reflection.dll
Symbol file LoadedFromMemory is not a mono symbol file
Symbol file data-00000160FC5A8010 doesn't match image C:\Users\sam.hamer\Downloads\MH2Files\motionhanging2\mh2 new movement\Library\ScriptAssemblies\Unity.ProBuilder.Editor.dll
Symbol file LoadedFromMemory is not a mono symbol file
Symbol file data-00000160B71BAE90 doesn't match image C:\Users\sam.hamer\Downloads\MH2Files\motionhanging2\mh2 new movement\Library\ScriptAssemblies\Unity.VisualScripting.SettingsProvider.Editor.dll
Symbol file LoadedFromMemory is not a mono symbol file
Symbol file data-000001614E930020 doesn't match image C:\Users\sam.hamer\Downloads\MH2Files\motionhanging2\mh2 new movement\Library\ScriptAssemblies\Unity.Performance.Profile-Analyzer.Editor.dll
Symbol file LoadedFromMemory is not a mono symbol file
Symbol file data-00000161451DE010 doesn't match image C:\Users\sam.hamer\Downloads\MH2Files\motionhanging2\mh2 new movement\Library\ScriptAssemblies\Unity.TestTools.CodeCoverage.Editor.dll
Symbol file LoadedFromMemory is not a mono symbol file
Symbol file data-0000016148AEA040 doesn't match image C:\Users\sam.hamer\Downloads\MH2Files\motionhanging2\mh2 new movement\Library\ScriptAssemblies\Unity.TestTools.CodeCoverage.Editor.OpenCover.Model.dll
Symbol file LoadedFromMemory is not a mono symbol file
Symbol file data-00000160B72815F0 doesn't match image C:\Users\sam.hamer\Downloads\MH2Files\motionhanging2\mh2 new movement\Library\ScriptAssemblies\Unity.PlasticSCM.Editor.dll
Symbol file LoadedFromMemory is not a mono symbol file
Symbol file data-0000016103FE7010 doesn't match image C:\Users\sam.hamer\Downloads\MH2Files\motionhanging2\mh2 new movement\Library\ScriptAssemblies\Unity.AI.Navigation.Updater.dll
Symbol file LoadedFromMemory is not a mono symbol file
Symbol file data-00000160B72CD130 doesn't match image C:\Users\sam.hamer\Downloads\MH2Files\motionhanging2\mh2 new movement\Library\ScriptAssemblies\Unity.ProBuilder.Poly2Tri.dll
Symbol file LoadedFromMemory is not a mono symbol file
Symbol file data-0000016100FB9050 doesn't match image C:\Users\sam.hamer\Downloads\MH2Files\motionhanging2\mh2 new movement\Library\ScriptAssemblies\Unity.VisualScripting.State.Editor.dll
Symbol file LoadedFromMemory is not a mono symbol file
Symbol file data-0000015F4622E010 doesn't match image C:\Users\sam.hamer\Downloads\MH2Files\motionhanging2\mh2 new movement\Library\ScriptAssemblies\Unity.Settings.Editor.dll
Symbol file LoadedFromMemory is not a mono symbol file
Symbol file data-00000160FAEA6030 doesn't match image C:\Users\sam.hamer\Downloads\MH2Files\motionhanging2\mh2 new movement\Library\ScriptAssemblies\Unity.ProBuilder.KdTree.dll
Symbol file LoadedFromMemory is not a mono symbol file
Symbol file data-00000160FDC60A50 doesn't match image C:\Users\sam.hamer\Downloads\MH2Files\motionhanging2\mh2 new movement\Library\ScriptAssemblies\Unity.CollabProxy.Editor.dll
Symbol file LoadedFromMemory is not a mono symbol file
Symbol file data-0000016149220010 doesn't match image C:\Users\sam.hamer\Downloads\MH2Files\motionhanging2\mh2 new movement\Library\ScriptAssemblies\Unity.TextMeshPro.dll
Symbol file LoadedFromMemory is not a mono symbol file
Symbol file data-0000015F4630E010 doesn't match image C:\Users\sam.hamer\Downloads\MH2Files\motionhanging2\mh2 new movement\Library\ScriptAssemblies\Unity.TextMeshPro.Editor.dll
Symbol file LoadedFromMemory is not a mono symbol file
Symbol file data-0000016147B32040 doesn't match image C:\Users\sam.hamer\Downloads\MH2Files\motionhanging2\mh2 new movement\Library\ScriptAssemblies\Unity.AI.Navigation.Editor.dll
Symbol file LoadedFromMemory is not a mono symbol file
Symbol file data-0000016148AEA040 doesn't match image C:\Users\sam.hamer\Downloads\MH2Files\motionhanging2\mh2 new movement\Library\ScriptAssemblies\Unity.ProBuilder.AssetIdRemapUtility.dll
Symbol file LoadedFromMemory is not a mono symbol file
Symbol file data-000001614621F010 doesn't match image C:\Users\sam.hamer\Downloads\MH2Files\motionhanging2\mh2 new movement\Library\ScriptAssemblies\Unity.VisualScripting.State.dll
Symbol file LoadedFromMemory is not a mono symbol file
Symbol file data-0000016103310060 doesn't match image C:\Users\sam.hamer\Downloads\MH2Files\motionhanging2\mh2 new movement\Library\ScriptAssemblies\Unity.AI.Navigation.Editor.ConversionSystem.dll
Symbol file LoadedFromMemory is not a mono symbol file
Symbol file data-000001614621F010 doesn't match image C:\Users\sam.hamer\Downloads\MH2Files\motionhanging2\mh2 new movement\Library\ScriptAssemblies\Unity.VSCode.Editor.dll
Symbol file LoadedFromMemory is not a mono symbol file
- Loaded All Assemblies, in  0.459 seconds
Native extension for WindowsStandalone target not found
Mono: successfully reloaded assembly
- Finished resetting the current domain, in  0.999 seconds
Domain Reload Profiling: 1456ms
	BeginReloadAssembly (147ms)
		ExecutionOrderSort (0ms)
		DisableScriptedObjects (4ms)
		BackupInstance (0ms)
		ReleaseScriptingObjects (0ms)
		CreateAndSetChildDomain (33ms)
	RebuildCommonClasses (31ms)
	RebuildNativeTypeToScriptingClass (10ms)
	initialDomainReloadingComplete (30ms)
	LoadAllAssembliesAndSetupDomain (238ms)
		LoadAssemblies (294ms)
		RebuildTransferFunctionScriptingTraits (0ms)
		AnalyzeDomain (21ms)
			TypeCache.Refresh (8ms)
				TypeCache.ScanAssembly (0ms)
			ScanForSourceGeneratedMonoScriptInfo (0ms)
			ResolveRequiredComponents (11ms)
	FinalizeReload (1000ms)
		ReleaseScriptCaches (0ms)
		RebuildScriptCaches (0ms)
		SetupLoadedEditorAssemblies (456ms)
			LogAssemblyErrors (0ms)
			InitializePlatformSupportModulesInManaged (5ms)
			SetLoadedEditorAssemblies (5ms)
			RefreshPlugins (0ms)
			BeforeProcessingInitializeOnLoad (74ms)
			ProcessInitializeOnLoadAttributes (301ms)
			ProcessInitializeOnLoadMethodAttributes (65ms)
			AfterProcessingInitializeOnLoad (5ms)
			EditorAssembliesLoaded (0ms)
		ExecutionOrderSort2 (0ms)
		AwakeInstancesAfterBackupRestoration (6ms)
Refreshing native plugins compatible for Editor in 4.20 ms, found 3 plugins.
Preloading 0 native plugins for Editor in 0.00 ms.
Unloading 5275 Unused Serialized files (Serialized files now loaded: 0)
Unloading 24 unused Assets / (0.7 MB). Loaded Objects now: 6019.
Memory consumption went from 188.8 MB to 188.0 MB.
Total: 3.572100 ms (FindLiveObjects: 0.388000 ms CreateObjectMapping: 0.179800 ms MarkObjects: 2.496100 ms  DeleteObjects: 0.507000 ms)

Prepare: number of updated asset objects reloaded= 0
AssetImportParameters requested are different than current active one (requested -> active):
  custom:container-demuxer-ogg: 62fdf1f143b41e24485cea50d1cbac27 -> 
  custom:video-codec-MediaFoundation-h265: 746d11721c4dcdbdad8f713fa42b33f4 -> 
  custom:video-decoder-ogg-theora: a1e56fd34408186e4bbccfd4996cb3dc -> 
  custom:framework-win-MediaFoundation: 216162199b28c13a410421893ffa2e32 -> 
  custom:CustomObjectIndexerAttribute: 72b91833f83ae208fae7752999fa3104 -> 
  custom:container-demuxer-webm: 4f35f7cbe854078d1ac9338744f61a02 -> 
  custom:container-muxer-webm: aa71ff27fc2769a1b78a27578f13a17b -> 
  custom:video-decoder-webm-vp8: 9c59270c3fd7afecdb556c50c9e8de78 -> 
  custom:SearchIndexIgnoredProperties: e643bd26f0fe6173181afceb89e7c659 -> 
  custom:AudioImporter_EditorPlatform: d09bf68614088b80899f8185d706f6e7 -> 
  custom:video-encoder-webm-vp8: eb34c28f22e8b96e1ab97ce403110664 -> 
  custom:audio-decoder-ogg-vorbis: bf7c407c2cedff20999df2af8eb42d56 -> 
  custom:audio-encoder-webm-vorbis: bf7c407c2cedff20999df2af8eb42d56 -> 
========================================================================
Received Import Request.
  Time since last request: 555.890681 seconds.
  path: Assets/Scenes/Basic Movement/Level2.unity
  artifactKey: Guid(f24f75f53e2990647b6a6c43715d71de) Importer(815301076,1909f56bfc062723c751e8b465ee728b)
Start importing Assets/Scenes/Basic Movement/Level2.unity using Guid(f24f75f53e2990647b6a6c43715d71de) Importer(815301076,1909f56bfc062723c751e8b465ee728b) [PhysX] Initialized MultithreadedTaskDispatcher with 12 workers.
 -> (artifact id: '8d7ed8c26ab6b2eb0e98fc8096d9d95f') in 0.104114 seconds
Number of updated asset objects reloaded before import = 0
Number of asset objects unloaded after import = 0
========================================================================
Received Import Request.
  Time since last request: 6.880359 seconds.
  path: Assets/Scenes/Swinging/Level4.unity
  artifactKey: Guid(7dbb866c688a1f042854748b15994f04) Importer(815301076,1909f56bfc062723c751e8b465ee728b)
Start importing Assets/Scenes/Swinging/Level4.unity using Guid(7dbb866c688a1f042854748b15994f04) Importer(815301076,1909f56bfc062723c751e8b465ee728b) [PhysX] Initialized MultithreadedTaskDispatcher with 12 workers.
 -> (artifact id: '66887bf410938b988b4e60588c38de05') in 0.001375 seconds
Number of updated asset objects reloaded before import = 0
Number of asset objects unloaded after import = 0
========================================================================
Received Import Request.
  Time since last request: 2.918971 seconds.
  path: Assets/Scenes/Swinging/Level5.unity
  artifactKey: Guid(72d3a48354206f34d9847b428fabb7e6) Importer(815301076,1909f56bfc062723c751e8b465ee728b)
Start importing Assets/Scenes/Swinging/Level5.unity using Guid(72d3a48354206f34d9847b428fabb7e6) Importer(815301076,1909f56bfc062723c751e8b465ee728b) [PhysX] Initialized MultithreadedTaskDispatcher with 12 workers.
 -> (artifact id: '0649f96a91da7db54f1397a902f303df') in 0.000894 seconds
Number of updated asset objects reloaded before import = 0
Number of asset objects unloaded after import = 0
========================================================================
Received Import Request.
  Time since last request: 2.736727 seconds.
  path: Assets/Scenes/Swinging/Level6.unity
  artifactKey: Guid(563a84878e199074382018f4dad577d4) Importer(815301076,1909f56bfc062723c751e8b465ee728b)
Start importing Assets/Scenes/Swinging/Level6.unity using Guid(563a84878e199074382018f4dad577d4) Importer(815301076,1909f56bfc062723c751e8b465ee728b) [PhysX] Initialized MultithreadedTaskDispatcher with 12 workers.
 -> (artifact id: 'c1fe1f9877068b03ceb01c32b28e61ab') in 0.008967 seconds
Number of updated asset objects reloaded before import = 0
Number of asset objects unloaded after import = 0
========================================================================
Received Import Request.
  Time since last request: 4.232554 seconds.
  path: Assets/Scenes/Wall Movement/Level7.unity
  artifactKey: Guid(70dc6346b694b664aabcba92efe943fd) Importer(815301076,1909f56bfc062723c751e8b465ee728b)
Start importing Assets/Scenes/Wall Movement/Level7.unity using Guid(70dc6346b694b664aabcba92efe943fd) Importer(815301076,1909f56bfc062723c751e8b465ee728b) [PhysX] Initialized MultithreadedTaskDispatcher with 12 workers.
 -> (artifact id: 'bb059ce66822df87df4eb203c32fe034') in 0.001004 seconds
Number of updated asset objects reloaded before import = 0
Number of asset objects unloaded after import = 0
========================================================================
Received Import Request.
  Time since last request: 2.881477 seconds.
  path: Assets/Scenes/Wall Movement/Level8.unity
  artifactKey: Guid(dc1b3fe0963cfce49bf294d21f836eb1) Importer(815301076,1909f56bfc062723c751e8b465ee728b)
Start importing Assets/Scenes/Wall Movement/Level8.unity using Guid(dc1b3fe0963cfce49bf294d21f836eb1) Importer(815301076,1909f56bfc062723c751e8b465ee728b) [PhysX] Initialized MultithreadedTaskDispatcher with 12 workers.
 -> (artifact id: 'f6365e032888349953456367a8e0b671') in 0.000855 seconds
Number of updated asset objects reloaded before import = 0
Number of asset objects unloaded after import = 0
========================================================================
Received Import Request.
  Time since last request: 2.614715 seconds.
  path: Assets/Scenes/Wall Movement/Level9.unity
  artifactKey: Guid(221dfbfca5c47b14ba5fe0910182d7af) Importer(815301076,1909f56bfc062723c751e8b465ee728b)
Start importing Assets/Scenes/Wall Movement/Level9.unity using Guid(221dfbfca5c47b14ba5fe0910182d7af) Importer(815301076,1909f56bfc062723c751e8b465ee728b) [PhysX] Initialized MultithreadedTaskDispatcher with 12 workers.
 -> (artifact id: 'c64830203709c0a71fa21370cb3c1306') in 0.000764 seconds
Number of updated asset objects reloaded before import = 0
Number of asset objects unloaded after import = 0
========================================================================
Received Import Request.
  Time since last request: 12.001532 seconds.
  path: Assets/Scenes/Swinging/Level4.unity
  artifactKey: Guid(7dbb866c688a1f042854748b15994f04) Importer(815301076,1909f56bfc062723c751e8b465ee728b)
Start importing Assets/Scenes/Swinging/Level4.unity using Guid(7dbb866c688a1f042854748b15994f04) Importer(815301076,1909f56bfc062723c751e8b465ee728b) [PhysX] Initialized MultithreadedTaskDispatcher with 12 workers.
 -> (artifact id: 'f11d951b6c155ce1146fd295192a9456') in 0.000748 seconds
Number of updated asset objects reloaded before import = 0
Number of asset objects unloaded after import = 0
========================================================================
Received Prepare
Caller must complete domain reload
Begin MonoManager ReloadAssembly
Symbol file data-00000161003A1E60 doesn't match image C:\Users\sam.hamer\Downloads\MH2Files\motionhanging2\mh2 new movement\Library\ScriptAssemblies\Unity.EditorCoroutines.Editor.dll
Symbol file LoadedFromMemory is not a mono symbol file
Symbol file data-0000016145029880 doesn't match image C:\Users\sam.hamer\Downloads\MH2Files\motionhanging2\mh2 new movement\Library\ScriptAssemblies\Unity.AI.Navigation.dll
Symbol file LoadedFromMemory is not a mono symbol file
Symbol file data-0000016103CB2340 doesn't match image C:\Users\sam.hamer\Downloads\MH2Files\motionhanging2\mh2 new movement\Library\ScriptAssemblies\Unity.ProBuilder.Stl.dll
Symbol file LoadedFromMemory is not a mono symbol file
Symbol file data-0000016149220010 doesn't match image C:\Users\sam.hamer\Downloads\MH2Files\motionhanging2\mh2 new movement\Library\ScriptAssemblies\Unity.ProBuilder.dll
Symbol file LoadedFromMemory is not a mono symbol file
Symbol file data-00000161473BA010 doesn't match image C:\Users\sam.hamer\Downloads\MH2Files\motionhanging2\mh2 new movement\Library\ScriptAssemblies\Unity.Timeline.Editor.dll
Symbol file LoadedFromMemory is not a mono symbol file
Symbol file data-000001614AAD1020 doesn't match image C:\Users\sam.hamer\Downloads\MH2Files\motionhanging2\mh2 new movement\Library\ScriptAssemblies\Unity.VisualScripting.Shared.Editor.dll
Symbol file LoadedFromMemory is not a mono symbol file
Symbol file data-0000016145425450 doesn't match image C:\Users\sam.hamer\Downloads\MH2Files\motionhanging2\mh2 new movement\Library\ScriptAssemblies\Unity.VisualStudio.Editor.dll
Symbol file LoadedFromMemory is not a mono symbol file
Symbol file data-0000016100FB9050 doesn't match image C:\Users\sam.hamer\Downloads\MH2Files\motionhanging2\mh2 new movement\Library\ScriptAssemblies\UnityEditor.UI.dll
Symbol file LoadedFromMemory is not a mono symbol file
Symbol file data-000001614E2CE0A0 doesn't match image C:\Users\sam.hamer\Downloads\MH2Files\motionhanging2\mh2 new movement\Library\ScriptAssemblies\Unity.VisualScripting.Core.dll
Symbol file LoadedFromMemory is not a mono symbol file
Symbol file data-000001614E483050 doesn't match image C:\Users\sam.hamer\Downloads\MH2Files\motionhanging2\mh2 new movement\Library\ScriptAssemblies\Unity.VisualScripting.Core.Editor.dll
Symbol file LoadedFromMemory is not a mono symbol file
Symbol file data-00000160FB8770D0 doesn't match image C:\Users\sam.hamer\Downloads\MH2Files\motionhanging2\mh2 new movement\Library\ScriptAssemblies\Unity.Rider.Editor.dll
Symbol file LoadedFromMemory is not a mono symbol file
Symbol file data-0000016101D09990 doesn't match image C:\Users\sam.hamer\Downloads\MH2Files\motionhanging2\mh2 new movement\Library\ScriptAssemblies\Unity.ProBuilder.AddOns.Editor.dll
Symbol file LoadedFromMemory is not a mono symbol file
Symbol file data-00000161026A7030 doesn't match image C:\Users\sam.hamer\Downloads\MH2Files\motionhanging2\mh2 new movement\Library\ScriptAssemblies\UnityEngine.UI.dll
Symbol file LoadedFromMemory is not a mono symbol file
Symbol file data-0000016145029880 doesn't match image C:\Users\sam.hamer\Downloads\MH2Files\motionhanging2\mh2 new movement\Library\ScriptAssemblies\Unity.ProBuilder.Csg.dll
Symbol file LoadedFromMemory is not a mono symbol file
Symbol file data-0000016149220010 doesn't match image C:\Users\sam.hamer\Downloads\MH2Files\motionhanging2\mh2 new movement\Library\ScriptAssemblies\Unity.VisualScripting.Flow.dll
Symbol file LoadedFromMemory is not a mono symbol file
Symbol file data-000001614E930020 doesn't match image C:\Users\sam.hamer\Downloads\MH2Files\motionhanging2\mh2 new movement\Library\ScriptAssemblies\Unity.VisualScripting.Flow.Editor.dll
Symbol file LoadedFromMemory is not a mono symbol file
Symbol file data-00000161030A2470 doesn't match image C:\Users\sam.hamer\Downloads\MH2Files\motionhanging2\mh2 new movement\Library\ScriptAssemblies\Unity.Timeline.dll
Symbol file LoadedFromMemory is not a mono symbol file
Symbol file data-00000160FCFA7010 doesn't match image C:\Users\sam.hamer\Downloads\MH2Files\motionhanging2\mh2 new movement\Library\ScriptAssemblies\Unity.TestTools.CodeCoverage.Editor.OpenCover.Mono.Reflection.dll
Symbol file LoadedFromMemory is not a mono symbol file
Symbol file data-00000160FC5A8010 doesn't match image C:\Users\sam.hamer\Downloads\MH2Files\motionhanging2\mh2 new movement\Library\ScriptAssemblies\Unity.ProBuilder.Editor.dll
Symbol file LoadedFromMemory is not a mono symbol file
Symbol file data-00000160B71BAE90 doesn't match image C:\Users\sam.hamer\Downloads\MH2Files\motionhanging2\mh2 new movement\Library\ScriptAssemblies\Unity.VisualScripting.SettingsProvider.Editor.dll
Symbol file LoadedFromMemory is not a mono symbol file
Symbol file data-000001614E930020 doesn't match image C:\Users\sam.hamer\Downloads\MH2Files\motionhanging2\mh2 new movement\Library\ScriptAssemblies\Unity.Performance.Profile-Analyzer.Editor.dll
Symbol file LoadedFromMemory is not a mono symbol file
Symbol file data-00000161456EF040 doesn't match image C:\Users\sam.hamer\Downloads\MH2Files\motionhanging2\mh2 new movement\Library\ScriptAssemblies\Unity.TestTools.CodeCoverage.Editor.dll
Symbol file LoadedFromMemory is not a mono symbol file
Symbol file data-0000016148AEA040 doesn't match image C:\Users\sam.hamer\Downloads\MH2Files\motionhanging2\mh2 new movement\Library\ScriptAssemblies\Unity.TestTools.CodeCoverage.Editor.OpenCover.Model.dll
Symbol file LoadedFromMemory is not a mono symbol file
Symbol file data-00000160B72815F0 doesn't match image C:\Users\sam.hamer\Downloads\MH2Files\motionhanging2\mh2 new movement\Library\ScriptAssemblies\Unity.PlasticSCM.Editor.dll
Symbol file LoadedFromMemory is not a mono symbol file
Symbol file data-0000016103FE7010 doesn't match image C:\Users\sam.hamer\Downloads\MH2Files\motionhanging2\mh2 new movement\Library\ScriptAssemblies\Unity.AI.Navigation.Updater.dll
Symbol file LoadedFromMemory is not a mono symbol file
Symbol file data-00000160B72CD130 doesn't match image C:\Users\sam.hamer\Downloads\MH2Files\motionhanging2\mh2 new movement\Library\ScriptAssemblies\Unity.ProBuilder.Poly2Tri.dll
Symbol file LoadedFromMemory is not a mono symbol file
Symbol file data-0000016100FB9050 doesn't match image C:\Users\sam.hamer\Downloads\MH2Files\motionhanging2\mh2 new movement\Library\ScriptAssemblies\Unity.VisualScripting.State.Editor.dll
Symbol file LoadedFromMemory is not a mono symbol file
Symbol file data-0000015F4622E010 doesn't match image C:\Users\sam.hamer\Downloads\MH2Files\motionhanging2\mh2 new movement\Library\ScriptAssemblies\Unity.Settings.Editor.dll
Symbol file LoadedFromMemory is not a mono symbol file
Symbol file data-0000016144D05310 doesn't match image C:\Users\sam.hamer\Downloads\MH2Files\motionhanging2\mh2 new movement\Library\ScriptAssemblies\Unity.ProBuilder.KdTree.dll
Symbol file LoadedFromMemory is not a mono symbol file
Symbol file data-00000160FDC60A50 doesn't match image C:\Users\sam.hamer\Downloads\MH2Files\motionhanging2\mh2 new movement\Library\ScriptAssemblies\Unity.CollabProxy.Editor.dll
Symbol file LoadedFromMemory is not a mono symbol file
Symbol file data-0000016149220010 doesn't match image C:\Users\sam.hamer\Downloads\MH2Files\motionhanging2\mh2 new movement\Library\ScriptAssemblies\Unity.TextMeshPro.dll
Symbol file LoadedFromMemory is not a mono symbol file
Symbol file data-0000015F4630E010 doesn't match image C:\Users\sam.hamer\Downloads\MH2Files\motionhanging2\mh2 new movement\Library\ScriptAssemblies\Unity.TextMeshPro.Editor.dll
Symbol file LoadedFromMemory is not a mono symbol file
Symbol file data-0000016147B32040 doesn't match image C:\Users\sam.hamer\Downloads\MH2Files\motionhanging2\mh2 new movement\Library\ScriptAssemblies\Unity.AI.Navigation.Editor.dll
Symbol file LoadedFromMemory is not a mono symbol file
Symbol file data-0000016148AEA040 doesn't match image C:\Users\sam.hamer\Downloads\MH2Files\motionhanging2\mh2 new movement\Library\ScriptAssemblies\Unity.ProBuilder.AssetIdRemapUtility.dll
Symbol file LoadedFromMemory is not a mono symbol file
Symbol file data-000001614621F010 doesn't match image C:\Users\sam.hamer\Downloads\MH2Files\motionhanging2\mh2 new movement\Library\ScriptAssemblies\Unity.VisualScripting.State.dll
Symbol file LoadedFromMemory is not a mono symbol file
Symbol file data-0000016103310060 doesn't match image C:\Users\sam.hamer\Downloads\MH2Files\motionhanging2\mh2 new movement\Library\ScriptAssemblies\Unity.AI.Navigation.Editor.ConversionSystem.dll
Symbol file LoadedFromMemory is not a mono symbol file
Symbol file data-000001614621F010 doesn't match image C:\Users\sam.hamer\Downloads\MH2Files\motionhanging2\mh2 new movement\Library\ScriptAssemblies\Unity.VSCode.Editor.dll
Symbol file LoadedFromMemory is not a mono symbol file
- Loaded All Assemblies, in  0.958 seconds
Native extension for WindowsStandalone target not found
Mono: successfully reloaded assembly
- Finished resetting the current domain, in  1.918 seconds
Domain Reload Profiling: 2883ms
	BeginReloadAssembly (278ms)
		ExecutionOrderSort (0ms)
		DisableScriptedObjects (8ms)
		BackupInstance (0ms)
		ReleaseScriptingObjects (0ms)
		CreateAndSetChildDomain (75ms)
	RebuildCommonClasses (36ms)
	RebuildNativeTypeToScriptingClass (10ms)
	initialDomainReloadingComplete (30ms)
	LoadAllAssembliesAndSetupDomain (609ms)
		LoadAssemblies (696ms)
		RebuildTransferFunctionScriptingTraits (0ms)
		AnalyzeDomain (35ms)
			TypeCache.Refresh (17ms)
				TypeCache.ScanAssembly (0ms)
			ScanForSourceGeneratedMonoScriptInfo (0ms)
			ResolveRequiredComponents (17ms)
	FinalizeReload (1919ms)
		ReleaseScriptCaches (0ms)
		RebuildScriptCaches (0ms)
		SetupLoadedEditorAssemblies (471ms)
			LogAssemblyErrors (0ms)
			InitializePlatformSupportModulesInManaged (9ms)
			SetLoadedEditorAssemblies (6ms)
			RefreshPlugins (0ms)
			BeforeProcessingInitializeOnLoad (76ms)
			ProcessInitializeOnLoadAttributes (310ms)
			ProcessInitializeOnLoadMethodAttributes (65ms)
			AfterProcessingInitializeOnLoad (5ms)
			EditorAssembliesLoaded (0ms)
		ExecutionOrderSort2 (0ms)
		AwakeInstancesAfterBackupRestoration (6ms)
Refreshing native plugins compatible for Editor in 3.57 ms, found 3 plugins.
Preloading 0 native plugins for Editor in 0.00 ms.
Unloading 5274 Unused Serialized files (Serialized files now loaded: 0)
Unloading 24 unused Assets / (0.7 MB). Loaded Objects now: 6022.
Memory consumption went from 188.5 MB to 187.8 MB.
Total: 5.297900 ms (FindLiveObjects: 0.391800 ms CreateObjectMapping: 0.380300 ms MarkObjects: 3.870200 ms  DeleteObjects: 0.653600 ms)

Prepare: number of updated asset objects reloaded= 0
AssetImportParameters requested are different than current active one (requested -> active):
  custom:container-demuxer-ogg: 62fdf1f143b41e24485cea50d1cbac27 -> 
  custom:video-codec-MediaFoundation-h265: 746d11721c4dcdbdad8f713fa42b33f4 -> 
  custom:video-decoder-ogg-theora: a1e56fd34408186e4bbccfd4996cb3dc -> 
  custom:framework-win-MediaFoundation: 216162199b28c13a410421893ffa2e32 -> 
  custom:CustomObjectIndexerAttribute: 72b91833f83ae208fae7752999fa3104 -> 
  custom:container-demuxer-webm: 4f35f7cbe854078d1ac9338744f61a02 -> 
  custom:container-muxer-webm: aa71ff27fc2769a1b78a27578f13a17b -> 
  custom:video-decoder-webm-vp8: 9c59270c3fd7afecdb556c50c9e8de78 -> 
  custom:SearchIndexIgnoredProperties: e643bd26f0fe6173181afceb89e7c659 -> 
  custom:AudioImporter_EditorPlatform: d09bf68614088b80899f8185d706f6e7 -> 
  custom:video-encoder-webm-vp8: eb34c28f22e8b96e1ab97ce403110664 -> 
  custom:audio-decoder-ogg-vorbis: bf7c407c2cedff20999df2af8eb42d56 -> 
  custom:audio-encoder-webm-vorbis: bf7c407c2cedff20999df2af8eb42d56 -> 
