Using pre-set license
Built from '2022.3/staging' branch; Version is '2022.3.51f1 (9f9d16c45e54) revision 10460438'; Using compiler version '192829333'; Build Type 'Release'
OS: 'Windows 11  (10.0.26100) 64bit Core' Language: 'en' Physical Memory: 16311 MB
BatchMode: 1, IsHumanControllingUs: 0, StartBugReporterOnCrash: 0, Is64bit: 1, IsPro: 1

COMMAND LINE ARGUMENTS:
C:\Program Files\Unity\Hub\Editor\2022.3.51f1\Editor\Unity.exe
-adb2
-batchMode
-noUpm
-name
AssetImportWorker4
-projectPath
C:/Users/Sham3/OneDrive/Documents/GitHub/motionhanging2/mh2 new movement
-logFile
Logs/AssetImportWorker4.log
-srvPort
58761
Successfully changed project path to: C:/Users/Sham3/OneDrive/Documents/GitHub/motionhanging2/mh2 new movement
C:/Users/Sham3/OneDrive/Documents/GitHub/motionhanging2/mh2 new movement
[UnityMemory] Configuration Parameters - Can be set up in boot.config
    "memorysetup-bucket-allocator-granularity=16"
    "memorysetup-bucket-allocator-bucket-count=8"
    "memorysetup-bucket-allocator-block-size=33554432"
    "memorysetup-bucket-allocator-block-count=8"
    "memorysetup-main-allocator-block-size=16777216"
    "memorysetup-thread-allocator-block-size=16777216"
    "memorysetup-gfx-main-allocator-block-size=16777216"
    "memorysetup-gfx-thread-allocator-block-size=16777216"
    "memorysetup-cache-allocator-block-size=4194304"
    "memorysetup-typetree-allocator-block-size=2097152"
    "memorysetup-profiler-bucket-allocator-granularity=16"
    "memorysetup-profiler-bucket-allocator-bucket-count=8"
    "memorysetup-profiler-bucket-allocator-block-size=33554432"
    "memorysetup-profiler-bucket-allocator-block-count=8"
    "memorysetup-profiler-allocator-block-size=16777216"
    "memorysetup-profiler-editor-allocator-block-size=1048576"
    "memorysetup-temp-allocator-size-main=16777216"
    "memorysetup-job-temp-allocator-block-size=2097152"
    "memorysetup-job-temp-allocator-block-size-background=1048576"
    "memorysetup-job-temp-allocator-reduction-small-platforms=262144"
    "memorysetup-allocator-temp-initial-block-size-main=262144"
    "memorysetup-allocator-temp-initial-block-size-worker=262144"
    "memorysetup-temp-allocator-size-background-worker=32768"
    "memorysetup-temp-allocator-size-job-worker=262144"
    "memorysetup-temp-allocator-size-preload-manager=33554432"
    "memorysetup-temp-allocator-size-nav-mesh-worker=65536"
    "memorysetup-temp-allocator-size-audio-worker=65536"
    "memorysetup-temp-allocator-size-cloud-worker=32768"
    "memorysetup-temp-allocator-size-gi-baking-worker=262144"
    "memorysetup-temp-allocator-size-gfx=262144"
Player connection [32796]  Target information:

Player connection [32796]  * "[IP] 192.168.0.20 [Port] 0 [Flags] 2 [Guid] 1469102635 [EditorId] 1469102635 [Version] 1048832 [Id] WindowsEditor(7,Sams-pc) [Debug] 1 [PackageName] WindowsEditor [ProjectName] Editor" 

Player connection [32796] Host joined multi-casting on [225.0.0.222:54997]...
Player connection [32796] Host joined alternative multi-casting on [225.0.0.222:34997]...
[PhysX] Initialized MultithreadedTaskDispatcher with 12 workers.
Refreshing native plugins compatible for Editor in 18.73 ms, found 3 plugins.
Preloading 0 native plugins for Editor in 0.00 ms.
Initialize engine version: 2022.3.51f1 (9f9d16c45e54)
[Subsystems] Discovering subsystems at path C:/Program Files/Unity/Hub/Editor/2022.3.51f1/Editor/Data/Resources/UnitySubsystems
[Subsystems] Discovering subsystems at path C:/Users/Sham3/OneDrive/Documents/GitHub/motionhanging2/mh2 new movement/Assets
GfxDevice: creating device client; threaded=0; jobified=0
Direct3D:
    Version:  Direct3D 11.0 [level 11.1]
    Renderer: AMD Radeon RX 6600 (ID=0x73ff)
    Vendor:   ATI
    VRAM:     8120 MB
    Driver:   32.0.12033.1030
Initialize mono
Mono path[0] = 'C:/Program Files/Unity/Hub/Editor/2022.3.51f1/Editor/Data/Managed'
Mono path[1] = 'C:/Program Files/Unity/Hub/Editor/2022.3.51f1/Editor/Data/MonoBleedingEdge/lib/mono/unityjit-win32'
Mono config path = 'C:/Program Files/Unity/Hub/Editor/2022.3.51f1/Editor/Data/MonoBleedingEdge/etc'
Using monoOptions --debugger-agent=transport=dt_socket,embedding=1,server=y,suspend=n,address=127.0.0.1:56144
Begin MonoManager ReloadAssembly
Registering precompiled unity dll's ...
Register platform support module: C:/Program Files/Unity/Hub/Editor/2022.3.51f1/Editor/Data/PlaybackEngines/WindowsStandaloneSupport/UnityEditor.WindowsStandalone.Extensions.dll
Registered in 0.008861 seconds.
- Loaded All Assemblies, in  0.353 seconds
Native extension for WindowsStandalone target not found
Mono: successfully reloaded assembly
- Finished resetting the current domain, in  0.218 seconds
Domain Reload Profiling: 569ms
	BeginReloadAssembly (143ms)
		ExecutionOrderSort (0ms)
		DisableScriptedObjects (0ms)
		BackupInstance (0ms)
		ReleaseScriptingObjects (0ms)
		CreateAndSetChildDomain (1ms)
	RebuildCommonClasses (28ms)
	RebuildNativeTypeToScriptingClass (8ms)
	initialDomainReloadingComplete (56ms)
	LoadAllAssembliesAndSetupDomain (116ms)
		LoadAssemblies (141ms)
		RebuildTransferFunctionScriptingTraits (0ms)
		AnalyzeDomain (113ms)
			TypeCache.Refresh (112ms)
				TypeCache.ScanAssembly (99ms)
			ScanForSourceGeneratedMonoScriptInfo (0ms)
			ResolveRequiredComponents (0ms)
	FinalizeReload (218ms)
		ReleaseScriptCaches (0ms)
		RebuildScriptCaches (0ms)
		SetupLoadedEditorAssemblies (182ms)
			LogAssemblyErrors (0ms)
			InitializePlatformSupportModulesInManaged (9ms)
			SetLoadedEditorAssemblies (6ms)
			RefreshPlugins (0ms)
			BeforeProcessingInitializeOnLoad (2ms)
			ProcessInitializeOnLoadAttributes (125ms)
			ProcessInitializeOnLoadMethodAttributes (40ms)
			AfterProcessingInitializeOnLoad (0ms)
			EditorAssembliesLoaded (0ms)
		ExecutionOrderSort2 (0ms)
		AwakeInstancesAfterBackupRestoration (0ms)
========================================================================
Worker process is ready to serve import requests
Caller must complete domain reload
Begin MonoManager ReloadAssembly
- Loaded All Assemblies, in  0.817 seconds
Native extension for WindowsStandalone target not found
Mono: successfully reloaded assembly
- Finished resetting the current domain, in  0.542 seconds
Domain Reload Profiling: 1354ms
	BeginReloadAssembly (139ms)
		ExecutionOrderSort (0ms)
		DisableScriptedObjects (5ms)
		BackupInstance (0ms)
		ReleaseScriptingObjects (0ms)
		CreateAndSetChildDomain (16ms)
	RebuildCommonClasses (28ms)
	RebuildNativeTypeToScriptingClass (8ms)
	initialDomainReloadingComplete (39ms)
	LoadAllAssembliesAndSetupDomain (597ms)
		LoadAssemblies (494ms)
		RebuildTransferFunctionScriptingTraits (0ms)
		AnalyzeDomain (193ms)
			TypeCache.Refresh (164ms)
				TypeCache.ScanAssembly (149ms)
			ScanForSourceGeneratedMonoScriptInfo (20ms)
			ResolveRequiredComponents (8ms)
	FinalizeReload (542ms)
		ReleaseScriptCaches (0ms)
		RebuildScriptCaches (0ms)
		SetupLoadedEditorAssemblies (424ms)
			LogAssemblyErrors (0ms)
			InitializePlatformSupportModulesInManaged (5ms)
			SetLoadedEditorAssemblies (4ms)
			RefreshPlugins (0ms)
			BeforeProcessingInitializeOnLoad (74ms)
			ProcessInitializeOnLoadAttributes (274ms)
			ProcessInitializeOnLoadMethodAttributes (60ms)
			AfterProcessingInitializeOnLoad (7ms)
			EditorAssembliesLoaded (0ms)
		ExecutionOrderSort2 (0ms)
		AwakeInstancesAfterBackupRestoration (6ms)
Launched and connected shader compiler UnityShaderCompiler.exe after 0.06 seconds
Refreshing native plugins compatible for Editor in 8.03 ms, found 3 plugins.
Preloading 0 native plugins for Editor in 0.00 ms.
Unloading 5396 Unused Serialized files (Serialized files now loaded: 0)
Unloading 29 unused Assets / (0.7 MB). Loaded Objects now: 5875.
Memory consumption went from 215.1 MB to 214.4 MB.
Total: 3.094400 ms (FindLiveObjects: 0.347500 ms CreateObjectMapping: 0.237900 ms MarkObjects: 2.213800 ms  DeleteObjects: 0.294500 ms)

AssetImportParameters requested are different than current active one (requested -> active):
  custom:scripting/monoscript/fileName/PlayerControllerScript.cs: a84ea3056063ff5e122e15d43833959e -> ac72a1ef68dfff9f45e5d291debc57b5
  custom:container-demuxer-ogg: 62fdf1f143b41e24485cea50d1cbac27 -> 
  custom:video-codec-MediaFoundation-h265: 746d11721c4dcdbdad8f713fa42b33f4 -> 
  custom:video-decoder-ogg-theora: a1e56fd34408186e4bbccfd4996cb3dc -> 
  custom:framework-win-MediaFoundation: 216162199b28c13a410421893ffa2e32 -> 
  custom:CustomObjectIndexerAttribute: 72b91833f83ae208fae7752999fa3104 -> 
  custom:container-demuxer-webm: 4f35f7cbe854078d1ac9338744f61a02 -> 
  custom:container-muxer-webm: aa71ff27fc2769a1b78a27578f13a17b -> 
  custom:video-decoder-webm-vp8: 9c59270c3fd7afecdb556c50c9e8de78 -> 
  custom:SearchIndexIgnoredProperties: e643bd26f0fe6173181afceb89e7c659 -> 
  custom:AudioImporter_EditorPlatform: d09bf68614088b80899f8185d706f6e7 -> 
  custom:scripting/monoscript/fileName/NewSceneTemplatePipeline.cs: b6f58a58324aadcdeb2ef714546683e7 -> 
  custom:scripting/monoscript/fileName/CursorState.cs: 5bf3d468deb07a3715c6bd3a310829bb -> 18edcf0e60018a5a6aafd91b55f4838d
  custom:video-encoder-webm-vp8: eb34c28f22e8b96e1ab97ce403110664 -> 
  custom:audio-decoder-ogg-vorbis: bf7c407c2cedff20999df2af8eb42d56 -> 
  custom:scripting/monoscript/fileName/SoundPlayer.cs: 78b4f7857ab318d12ab4da51217b5bd2 -> de8f3d4c96b446794089a8747c7618fc
  custom:audio-encoder-webm-vorbis: bf7c407c2cedff20999df2af8eb42d56 -> 
========================================================================
Received Prepare
Caller must complete domain reload
Begin MonoManager ReloadAssembly
- Loaded All Assemblies, in  0.571 seconds
Native extension for WindowsStandalone target not found
Mono: successfully reloaded assembly
- Finished resetting the current domain, in  1.783 seconds
Domain Reload Profiling: 2348ms
	BeginReloadAssembly (173ms)
		ExecutionOrderSort (0ms)
		DisableScriptedObjects (4ms)
		BackupInstance (0ms)
		ReleaseScriptingObjects (0ms)
		CreateAndSetChildDomain (34ms)
	RebuildCommonClasses (38ms)
	RebuildNativeTypeToScriptingClass (15ms)
	initialDomainReloadingComplete (44ms)
	LoadAllAssembliesAndSetupDomain (294ms)
		LoadAssemblies (381ms)
		RebuildTransferFunctionScriptingTraits (0ms)
		AnalyzeDomain (17ms)
			TypeCache.Refresh (5ms)
				TypeCache.ScanAssembly (0ms)
			ScanForSourceGeneratedMonoScriptInfo (0ms)
			ResolveRequiredComponents (10ms)
	FinalizeReload (1784ms)
		ReleaseScriptCaches (0ms)
		RebuildScriptCaches (0ms)
		SetupLoadedEditorAssemblies (519ms)
			LogAssemblyErrors (0ms)
			InitializePlatformSupportModulesInManaged (5ms)
			SetLoadedEditorAssemblies (4ms)
			RefreshPlugins (0ms)
			BeforeProcessingInitializeOnLoad (89ms)
			ProcessInitializeOnLoadAttributes (343ms)
			ProcessInitializeOnLoadMethodAttributes (69ms)
			AfterProcessingInitializeOnLoad (10ms)
			EditorAssembliesLoaded (0ms)
		ExecutionOrderSort2 (0ms)
		AwakeInstancesAfterBackupRestoration (8ms)
Refreshing native plugins compatible for Editor in 8.36 ms, found 3 plugins.
Preloading 0 native plugins for Editor in 0.00 ms.
Unloading 5278 Unused Serialized files (Serialized files now loaded: 0)
Unloading 24 unused Assets / (0.8 MB). Loaded Objects now: 5878.
Memory consumption went from 188.6 MB to 187.8 MB.
Total: 3.409900 ms (FindLiveObjects: 0.462600 ms CreateObjectMapping: 0.306000 ms MarkObjects: 2.323700 ms  DeleteObjects: 0.316900 ms)

Prepare: number of updated asset objects reloaded= 0
AssetImportParameters requested are different than current active one (requested -> active):
  custom:scripting/monoscript/fileName/PlayerControllerScript.cs: a84ea3056063ff5e122e15d43833959e -> ac72a1ef68dfff9f45e5d291debc57b5
  custom:container-demuxer-ogg: 62fdf1f143b41e24485cea50d1cbac27 -> 
  custom:video-codec-MediaFoundation-h265: 746d11721c4dcdbdad8f713fa42b33f4 -> 
  custom:video-decoder-ogg-theora: a1e56fd34408186e4bbccfd4996cb3dc -> 
  custom:framework-win-MediaFoundation: 216162199b28c13a410421893ffa2e32 -> 
  custom:CustomObjectIndexerAttribute: 72b91833f83ae208fae7752999fa3104 -> 
  custom:container-demuxer-webm: 4f35f7cbe854078d1ac9338744f61a02 -> 
  custom:container-muxer-webm: aa71ff27fc2769a1b78a27578f13a17b -> 
  custom:video-decoder-webm-vp8: 9c59270c3fd7afecdb556c50c9e8de78 -> 
  custom:SearchIndexIgnoredProperties: e643bd26f0fe6173181afceb89e7c659 -> 
  custom:AudioImporter_EditorPlatform: d09bf68614088b80899f8185d706f6e7 -> 
  custom:scripting/monoscript/fileName/NewSceneTemplatePipeline.cs: b6f58a58324aadcdeb2ef714546683e7 -> 
  custom:scripting/monoscript/fileName/CursorState.cs: 5bf3d468deb07a3715c6bd3a310829bb -> 18edcf0e60018a5a6aafd91b55f4838d
  custom:video-encoder-webm-vp8: eb34c28f22e8b96e1ab97ce403110664 -> 
  custom:audio-decoder-ogg-vorbis: bf7c407c2cedff20999df2af8eb42d56 -> 
  custom:scripting/monoscript/fileName/SoundPlayer.cs: 78b4f7857ab318d12ab4da51217b5bd2 -> de8f3d4c96b446794089a8747c7618fc
  custom:audio-encoder-webm-vorbis: bf7c407c2cedff20999df2af8eb42d56 -> 
========================================================================
Received Prepare
Caller must complete domain reload
Begin MonoManager ReloadAssembly
- Loaded All Assemblies, in  0.466 seconds
Native extension for WindowsStandalone target not found
Mono: successfully reloaded assembly
- Finished resetting the current domain, in  1.700 seconds
Domain Reload Profiling: 2163ms
	BeginReloadAssembly (144ms)
		ExecutionOrderSort (0ms)
		DisableScriptedObjects (3ms)
		BackupInstance (0ms)
		ReleaseScriptingObjects (0ms)
		CreateAndSetChildDomain (30ms)
	RebuildCommonClasses (26ms)
	RebuildNativeTypeToScriptingClass (8ms)
	initialDomainReloadingComplete (30ms)
	LoadAllAssembliesAndSetupDomain (254ms)
		LoadAssemblies (315ms)
		RebuildTransferFunctionScriptingTraits (0ms)
		AnalyzeDomain (16ms)
			TypeCache.Refresh (5ms)
				TypeCache.ScanAssembly (0ms)
			ScanForSourceGeneratedMonoScriptInfo (0ms)
			ResolveRequiredComponents (9ms)
	FinalizeReload (1701ms)
		ReleaseScriptCaches (0ms)
		RebuildScriptCaches (0ms)
		SetupLoadedEditorAssemblies (455ms)
			LogAssemblyErrors (0ms)
			InitializePlatformSupportModulesInManaged (5ms)
			SetLoadedEditorAssemblies (4ms)
			RefreshPlugins (0ms)
			BeforeProcessingInitializeOnLoad (78ms)
			ProcessInitializeOnLoadAttributes (286ms)
			ProcessInitializeOnLoadMethodAttributes (71ms)
			AfterProcessingInitializeOnLoad (10ms)
			EditorAssembliesLoaded (0ms)
		ExecutionOrderSort2 (0ms)
		AwakeInstancesAfterBackupRestoration (9ms)
Refreshing native plugins compatible for Editor in 11.36 ms, found 3 plugins.
Preloading 0 native plugins for Editor in 0.00 ms.
Unloading 5278 Unused Serialized files (Serialized files now loaded: 0)
Unloading 24 unused Assets / (0.7 MB). Loaded Objects now: 5881.
Memory consumption went from 188.6 MB to 187.8 MB.
Total: 3.808700 ms (FindLiveObjects: 0.459000 ms CreateObjectMapping: 0.362400 ms MarkObjects: 2.604600 ms  DeleteObjects: 0.381800 ms)

Prepare: number of updated asset objects reloaded= 0
AssetImportParameters requested are different than current active one (requested -> active):
  custom:scripting/monoscript/fileName/PlayerControllerScript.cs: a84ea3056063ff5e122e15d43833959e -> ac72a1ef68dfff9f45e5d291debc57b5
  custom:container-demuxer-ogg: 62fdf1f143b41e24485cea50d1cbac27 -> 
  custom:video-codec-MediaFoundation-h265: 746d11721c4dcdbdad8f713fa42b33f4 -> 
  custom:video-decoder-ogg-theora: a1e56fd34408186e4bbccfd4996cb3dc -> 
  custom:framework-win-MediaFoundation: 216162199b28c13a410421893ffa2e32 -> 
  custom:CustomObjectIndexerAttribute: 72b91833f83ae208fae7752999fa3104 -> 
  custom:container-demuxer-webm: 4f35f7cbe854078d1ac9338744f61a02 -> 
  custom:container-muxer-webm: aa71ff27fc2769a1b78a27578f13a17b -> 
  custom:video-decoder-webm-vp8: 9c59270c3fd7afecdb556c50c9e8de78 -> 
  custom:SearchIndexIgnoredProperties: e643bd26f0fe6173181afceb89e7c659 -> 
  custom:AudioImporter_EditorPlatform: d09bf68614088b80899f8185d706f6e7 -> 
  custom:scripting/monoscript/fileName/NewSceneTemplatePipeline.cs: b6f58a58324aadcdeb2ef714546683e7 -> 
  custom:scripting/monoscript/fileName/CursorState.cs: 5bf3d468deb07a3715c6bd3a310829bb -> 18edcf0e60018a5a6aafd91b55f4838d
  custom:video-encoder-webm-vp8: eb34c28f22e8b96e1ab97ce403110664 -> 
  custom:audio-decoder-ogg-vorbis: bf7c407c2cedff20999df2af8eb42d56 -> 
  custom:scripting/monoscript/fileName/SoundPlayer.cs: 78b4f7857ab318d12ab4da51217b5bd2 -> de8f3d4c96b446794089a8747c7618fc
  custom:audio-encoder-webm-vorbis: bf7c407c2cedff20999df2af8eb42d56 -> 
========================================================================
Received Prepare
Caller must complete domain reload
Begin MonoManager ReloadAssembly
- Loaded All Assemblies, in  0.519 seconds
Native extension for WindowsStandalone target not found
Mono: successfully reloaded assembly
- Finished resetting the current domain, in  1.713 seconds
Domain Reload Profiling: 2228ms
	BeginReloadAssembly (151ms)
		ExecutionOrderSort (0ms)
		DisableScriptedObjects (4ms)
		BackupInstance (0ms)
		ReleaseScriptingObjects (0ms)
		CreateAndSetChildDomain (29ms)
	RebuildCommonClasses (28ms)
	RebuildNativeTypeToScriptingClass (12ms)
	initialDomainReloadingComplete (37ms)
	LoadAllAssembliesAndSetupDomain (287ms)
		LoadAssemblies (356ms)
		RebuildTransferFunctionScriptingTraits (0ms)
		AnalyzeDomain (16ms)
			TypeCache.Refresh (5ms)
				TypeCache.ScanAssembly (0ms)
			ScanForSourceGeneratedMonoScriptInfo (0ms)
			ResolveRequiredComponents (10ms)
	FinalizeReload (1714ms)
		ReleaseScriptCaches (0ms)
		RebuildScriptCaches (0ms)
		SetupLoadedEditorAssemblies (454ms)
			LogAssemblyErrors (0ms)
			InitializePlatformSupportModulesInManaged (6ms)
			SetLoadedEditorAssemblies (4ms)
			RefreshPlugins (0ms)
			BeforeProcessingInitializeOnLoad (83ms)
			ProcessInitializeOnLoadAttributes (282ms)
			ProcessInitializeOnLoadMethodAttributes (71ms)
			AfterProcessingInitializeOnLoad (8ms)
			EditorAssembliesLoaded (0ms)
		ExecutionOrderSort2 (0ms)
		AwakeInstancesAfterBackupRestoration (8ms)
Refreshing native plugins compatible for Editor in 8.55 ms, found 3 plugins.
Preloading 0 native plugins for Editor in 0.00 ms.
Unloading 5278 Unused Serialized files (Serialized files now loaded: 0)
Unloading 24 unused Assets / (0.7 MB). Loaded Objects now: 5884.
Memory consumption went from 188.6 MB to 187.8 MB.
Total: 2.865500 ms (FindLiveObjects: 0.318700 ms CreateObjectMapping: 0.136700 ms MarkObjects: 2.121000 ms  DeleteObjects: 0.288500 ms)

Prepare: number of updated asset objects reloaded= 0
AssetImportParameters requested are different than current active one (requested -> active):
  custom:scripting/monoscript/fileName/PlayerControllerScript.cs: a84ea3056063ff5e122e15d43833959e -> ac72a1ef68dfff9f45e5d291debc57b5
  custom:container-demuxer-ogg: 62fdf1f143b41e24485cea50d1cbac27 -> 
  custom:video-codec-MediaFoundation-h265: 746d11721c4dcdbdad8f713fa42b33f4 -> 
  custom:video-decoder-ogg-theora: a1e56fd34408186e4bbccfd4996cb3dc -> 
  custom:framework-win-MediaFoundation: 216162199b28c13a410421893ffa2e32 -> 
  custom:CustomObjectIndexerAttribute: 72b91833f83ae208fae7752999fa3104 -> 
  custom:container-demuxer-webm: 4f35f7cbe854078d1ac9338744f61a02 -> 
  custom:container-muxer-webm: aa71ff27fc2769a1b78a27578f13a17b -> 
  custom:video-decoder-webm-vp8: 9c59270c3fd7afecdb556c50c9e8de78 -> 
  custom:SearchIndexIgnoredProperties: e643bd26f0fe6173181afceb89e7c659 -> 
  custom:AudioImporter_EditorPlatform: d09bf68614088b80899f8185d706f6e7 -> 
  custom:scripting/monoscript/fileName/NewSceneTemplatePipeline.cs: b6f58a58324aadcdeb2ef714546683e7 -> 
  custom:scripting/monoscript/fileName/CursorState.cs: 5bf3d468deb07a3715c6bd3a310829bb -> 18edcf0e60018a5a6aafd91b55f4838d
  custom:video-encoder-webm-vp8: eb34c28f22e8b96e1ab97ce403110664 -> 
  custom:audio-decoder-ogg-vorbis: bf7c407c2cedff20999df2af8eb42d56 -> 
  custom:scripting/monoscript/fileName/SoundPlayer.cs: 78b4f7857ab318d12ab4da51217b5bd2 -> de8f3d4c96b446794089a8747c7618fc
  custom:audio-encoder-webm-vorbis: bf7c407c2cedff20999df2af8eb42d56 -> 
========================================================================
Received Import Request.
  Time since last request: 19255.367826 seconds.
  path: Assets/Parkour FPS - First Person Character Controller/Prefabs/Player Controller.prefab
  artifactKey: Guid(92d47fad1f15424438aa8f0d389d24cd) Importer(815301076,1909f56bfc062723c751e8b465ee728b)
Start importing Assets/Parkour FPS - First Person Character Controller/Prefabs/Player Controller.prefab using Guid(92d47fad1f15424438aa8f0d389d24cd) Importer(815301076,1909f56bfc062723c751e8b465ee728b) [PhysX] Initialized MultithreadedTaskDispatcher with 12 workers.
[PhysX] Initialized MultithreadedTaskDispatcher with 12 workers.
 -> (artifact id: 'bdc49a4e6ac28d58963454c93234aca7') in 0.146511 seconds
Number of updated asset objects reloaded before import = 0
Number of asset objects unloaded after import = 99
========================================================================
Received Import Request.
  Time since last request: 3.129358 seconds.
  path: Assets/Parkour FPS - First Person Character Controller/Materials
  artifactKey: Guid(b6931494fa1ac0f4ba40b1d3d7df4cb1) Importer(815301076,1909f56bfc062723c751e8b465ee728b)
Start importing Assets/Parkour FPS - First Person Character Controller/Materials using Guid(b6931494fa1ac0f4ba40b1d3d7df4cb1) Importer(815301076,1909f56bfc062723c751e8b465ee728b) [PhysX] Initialized MultithreadedTaskDispatcher with 12 workers.
 -> (artifact id: 'be71de04ec1abd8e07054eac9921620a') in 0.000486 seconds
Number of updated asset objects reloaded before import = 0
Number of asset objects unloaded after import = 0
========================================================================
Received Import Request.
  Time since last request: 29.353807 seconds.
  path: Assets/Textures/cursor.png
  artifactKey: Guid(c5da2ab4cdcf5f2419c132e9dbf56074) Importer(815301076,1909f56bfc062723c751e8b465ee728b)
Start importing Assets/Textures/cursor.png using Guid(c5da2ab4cdcf5f2419c132e9dbf56074) Importer(815301076,1909f56bfc062723c751e8b465ee728b) [PhysX] Initialized MultithreadedTaskDispatcher with 12 workers.
[PhysX] Initialized MultithreadedTaskDispatcher with 12 workers.
 -> (artifact id: '9b1306b0c4ea03181502635167f31c6e') in 0.052705 seconds
Number of updated asset objects reloaded before import = 0
Number of asset objects unloaded after import = 3
========================================================================
Received Import Request.
  Time since last request: 0.000017 seconds.
  path: Assets/Textures/SpeedLines.png
  artifactKey: Guid(daa03d55c1977dd4389828b0f289cb24) Importer(815301076,1909f56bfc062723c751e8b465ee728b)
Start importing Assets/Textures/SpeedLines.png using Guid(daa03d55c1977dd4389828b0f289cb24) Importer(815301076,1909f56bfc062723c751e8b465ee728b) [PhysX] Initialized MultithreadedTaskDispatcher with 12 workers.
[PhysX] Initialized MultithreadedTaskDispatcher with 12 workers.
 -> (artifact id: '7448195f65e490e9cbff13c3bd7c31e4') in 0.008383 seconds
Number of updated asset objects reloaded before import = 0
Number of asset objects unloaded after import = 3
========================================================================
Received Import Request.
  Time since last request: 19.377093 seconds.
  path: Assets/Parkour FPS - First Person Character Controller/Materials/SpeedLinesMat.mat
  artifactKey: Guid(0b95536756a26eb4fbc80703c9fb0e28) Importer(815301076,1909f56bfc062723c751e8b465ee728b)
Start importing Assets/Parkour FPS - First Person Character Controller/Materials/SpeedLinesMat.mat using Guid(0b95536756a26eb4fbc80703c9fb0e28) Importer(815301076,1909f56bfc062723c751e8b465ee728b) [PhysX] Initialized MultithreadedTaskDispatcher with 12 workers.
[PhysX] Initialized MultithreadedTaskDispatcher with 12 workers.
 -> (artifact id: 'ec16b15d6614af69500906a842a35541') in 0.038616 seconds
Number of updated asset objects reloaded before import = 0
Number of asset objects unloaded after import = 2
========================================================================
Received Prepare
Caller must complete domain reload
Begin MonoManager ReloadAssembly
- Loaded All Assemblies, in  0.505 seconds
Native extension for WindowsStandalone target not found
Mono: successfully reloaded assembly
- Finished resetting the current domain, in  1.828 seconds
Domain Reload Profiling: 2328ms
	BeginReloadAssembly (158ms)
		ExecutionOrderSort (0ms)
		DisableScriptedObjects (3ms)
		BackupInstance (0ms)
		ReleaseScriptingObjects (0ms)
		CreateAndSetChildDomain (30ms)
	RebuildCommonClasses (29ms)
	RebuildNativeTypeToScriptingClass (9ms)
	initialDomainReloadingComplete (35ms)
	LoadAllAssembliesAndSetupDomain (269ms)
		LoadAssemblies (341ms)
		RebuildTransferFunctionScriptingTraits (0ms)
		AnalyzeDomain (20ms)
			TypeCache.Refresh (6ms)
				TypeCache.ScanAssembly (0ms)
			ScanForSourceGeneratedMonoScriptInfo (0ms)
			ResolveRequiredComponents (12ms)
	FinalizeReload (1828ms)
		ReleaseScriptCaches (0ms)
		RebuildScriptCaches (0ms)
		SetupLoadedEditorAssemblies (493ms)
			LogAssemblyErrors (0ms)
			InitializePlatformSupportModulesInManaged (6ms)
			SetLoadedEditorAssemblies (4ms)
			RefreshPlugins (0ms)
			BeforeProcessingInitializeOnLoad (91ms)
			ProcessInitializeOnLoadAttributes (312ms)
			ProcessInitializeOnLoadMethodAttributes (69ms)
			AfterProcessingInitializeOnLoad (10ms)
			EditorAssembliesLoaded (0ms)
		ExecutionOrderSort2 (0ms)
		AwakeInstancesAfterBackupRestoration (9ms)
Refreshing native plugins compatible for Editor in 7.95 ms, found 3 plugins.
Preloading 0 native plugins for Editor in 0.00 ms.
Unloading 5277 Unused Serialized files (Serialized files now loaded: 0)
Unloading 24 unused Assets / (0.7 MB). Loaded Objects now: 5941.
Memory consumption went from 193.0 MB to 192.3 MB.
Total: 3.412300 ms (FindLiveObjects: 0.376400 ms CreateObjectMapping: 0.288100 ms MarkObjects: 2.419300 ms  DeleteObjects: 0.327700 ms)

Prepare: number of updated asset objects reloaded= 0
AssetImportParameters requested are different than current active one (requested -> active):
  custom:scripting/monoscript/fileName/PlayerControllerScript.cs: a84ea3056063ff5e122e15d43833959e -> ac72a1ef68dfff9f45e5d291debc57b5
  custom:container-demuxer-ogg: 62fdf1f143b41e24485cea50d1cbac27 -> 
  custom:video-codec-MediaFoundation-h265: 746d11721c4dcdbdad8f713fa42b33f4 -> 
  custom:video-decoder-ogg-theora: a1e56fd34408186e4bbccfd4996cb3dc -> 
  custom:framework-win-MediaFoundation: 216162199b28c13a410421893ffa2e32 -> 
  custom:CustomObjectIndexerAttribute: 72b91833f83ae208fae7752999fa3104 -> 
  custom:container-demuxer-webm: 4f35f7cbe854078d1ac9338744f61a02 -> 
  custom:container-muxer-webm: aa71ff27fc2769a1b78a27578f13a17b -> 
  custom:video-decoder-webm-vp8: 9c59270c3fd7afecdb556c50c9e8de78 -> 
  custom:SearchIndexIgnoredProperties: e643bd26f0fe6173181afceb89e7c659 -> 
  custom:AudioImporter_EditorPlatform: d09bf68614088b80899f8185d706f6e7 -> 
  custom:scripting/monoscript/fileName/NewSceneTemplatePipeline.cs: b6f58a58324aadcdeb2ef714546683e7 -> 
  custom:scripting/monoscript/fileName/CursorState.cs: 5bf3d468deb07a3715c6bd3a310829bb -> 18edcf0e60018a5a6aafd91b55f4838d
  custom:video-encoder-webm-vp8: eb34c28f22e8b96e1ab97ce403110664 -> 
  custom:audio-decoder-ogg-vorbis: bf7c407c2cedff20999df2af8eb42d56 -> 
  custom:scripting/monoscript/fileName/SoundPlayer.cs: 78b4f7857ab318d12ab4da51217b5bd2 -> de8f3d4c96b446794089a8747c7618fc
  custom:audio-encoder-webm-vorbis: bf7c407c2cedff20999df2af8eb42d56 -> 
========================================================================
Received Import Request.
  Time since last request: 35.486198 seconds.
  path: Assets/scripts
  artifactKey: Guid(843d1a98804c3a14d955f344499a9172) Importer(815301076,1909f56bfc062723c751e8b465ee728b)
Start importing Assets/scripts using Guid(843d1a98804c3a14d955f344499a9172) Importer(815301076,1909f56bfc062723c751e8b465ee728b) [PhysX] Initialized MultithreadedTaskDispatcher with 12 workers.
 -> (artifact id: 'f0988275f78a0747615df46212069dbc') in 0.001617 seconds
Number of updated asset objects reloaded before import = 0
Number of asset objects unloaded after import = 0
========================================================================
Received Prepare
Caller must complete domain reload
Begin MonoManager ReloadAssembly
- Loaded All Assemblies, in  0.549 seconds
Native extension for WindowsStandalone target not found
Mono: successfully reloaded assembly
- Finished resetting the current domain, in  1.622 seconds
Domain Reload Profiling: 2166ms
	BeginReloadAssembly (156ms)
		ExecutionOrderSort (0ms)
		DisableScriptedObjects (3ms)
		BackupInstance (0ms)
		ReleaseScriptingObjects (0ms)
		CreateAndSetChildDomain (28ms)
	RebuildCommonClasses (34ms)
	RebuildNativeTypeToScriptingClass (9ms)
	initialDomainReloadingComplete (37ms)
	LoadAllAssembliesAndSetupDomain (309ms)
		LoadAssemblies (365ms)
		RebuildTransferFunctionScriptingTraits (0ms)
		AnalyzeDomain (36ms)
			TypeCache.Refresh (8ms)
				TypeCache.ScanAssembly (0ms)
			ScanForSourceGeneratedMonoScriptInfo (17ms)
			ResolveRequiredComponents (9ms)
	FinalizeReload (1622ms)
		ReleaseScriptCaches (0ms)
		RebuildScriptCaches (0ms)
		SetupLoadedEditorAssemblies (396ms)
			LogAssemblyErrors (0ms)
			InitializePlatformSupportModulesInManaged (5ms)
			SetLoadedEditorAssemblies (4ms)
			RefreshPlugins (0ms)
			BeforeProcessingInitializeOnLoad (79ms)
			ProcessInitializeOnLoadAttributes (242ms)
			ProcessInitializeOnLoadMethodAttributes (58ms)
			AfterProcessingInitializeOnLoad (7ms)
			EditorAssembliesLoaded (0ms)
		ExecutionOrderSort2 (0ms)
		AwakeInstancesAfterBackupRestoration (6ms)
Refreshing native plugins compatible for Editor in 10.90 ms, found 3 plugins.
Preloading 0 native plugins for Editor in 0.00 ms.
Unloading 5277 Unused Serialized files (Serialized files now loaded: 0)
Unloading 24 unused Assets / (0.7 MB). Loaded Objects now: 5944.
Memory consumption went from 193.0 MB to 192.3 MB.
Total: 3.386900 ms (FindLiveObjects: 0.384600 ms CreateObjectMapping: 0.261200 ms MarkObjects: 2.391600 ms  DeleteObjects: 0.348800 ms)

Prepare: number of updated asset objects reloaded= 0
AssetImportParameters requested are different than current active one (requested -> active):
  custom:scripting/monoscript/fileName/PlayerControllerScript.cs: a84ea3056063ff5e122e15d43833959e -> ac72a1ef68dfff9f45e5d291debc57b5
  custom:container-demuxer-ogg: 62fdf1f143b41e24485cea50d1cbac27 -> 
  custom:video-codec-MediaFoundation-h265: 746d11721c4dcdbdad8f713fa42b33f4 -> 
  custom:video-decoder-ogg-theora: a1e56fd34408186e4bbccfd4996cb3dc -> 
  custom:framework-win-MediaFoundation: 216162199b28c13a410421893ffa2e32 -> 
  custom:CustomObjectIndexerAttribute: 72b91833f83ae208fae7752999fa3104 -> 
  custom:container-demuxer-webm: 4f35f7cbe854078d1ac9338744f61a02 -> 
  custom:container-muxer-webm: aa71ff27fc2769a1b78a27578f13a17b -> 
  custom:video-decoder-webm-vp8: 9c59270c3fd7afecdb556c50c9e8de78 -> 
  custom:SearchIndexIgnoredProperties: e643bd26f0fe6173181afceb89e7c659 -> 
  custom:AudioImporter_EditorPlatform: d09bf68614088b80899f8185d706f6e7 -> 
  custom:scripting/monoscript/fileName/NewSceneTemplatePipeline.cs: b6f58a58324aadcdeb2ef714546683e7 -> 
  custom:scripting/monoscript/fileName/CursorState.cs: 5bf3d468deb07a3715c6bd3a310829bb -> 18edcf0e60018a5a6aafd91b55f4838d
  custom:video-encoder-webm-vp8: eb34c28f22e8b96e1ab97ce403110664 -> 
  custom:audio-decoder-ogg-vorbis: bf7c407c2cedff20999df2af8eb42d56 -> 
  custom:scripting/monoscript/fileName/SoundPlayer.cs: 78b4f7857ab318d12ab4da51217b5bd2 -> de8f3d4c96b446794089a8747c7618fc
  custom:audio-encoder-webm-vorbis: bf7c407c2cedff20999df2af8eb42d56 -> 
  custom:scripting/monoscript/fileName/Outline.cs: 90e9de2d8fd5203760c8138f8c396db8 -> 5cc4e1f72e41e12efce0db8381204c45
  custom:scripting/precompiled-assembly-types:Assembly-CSharp: 71229a671333430623312a44f376a75e -> 9983f0a47bdcc277d42b44322341aebe
========================================================================
Received Import Request.
  Time since last request: 9.166995 seconds.
  path: Assets/scripts/Player
  artifactKey: Guid(6d3c4f070e030214399a9ad6a8f5611f) Importer(815301076,1909f56bfc062723c751e8b465ee728b)
Start importing Assets/scripts/Player using Guid(6d3c4f070e030214399a9ad6a8f5611f) Importer(815301076,1909f56bfc062723c751e8b465ee728b) [PhysX] Initialized MultithreadedTaskDispatcher with 12 workers.
 -> (artifact id: '516bf0b61bc877a046bb525467f63d70') in 0.002024 seconds
Number of updated asset objects reloaded before import = 0
Number of asset objects unloaded after import = 0
========================================================================
Received Import Request.
  Time since last request: 2.443815 seconds.
  path: Assets/scripts/CursorState.cs
  artifactKey: Guid(320f34160d6de1c4ca41f2a14f63614c) Importer(815301076,1909f56bfc062723c751e8b465ee728b)
Start importing Assets/scripts/CursorState.cs using Guid(320f34160d6de1c4ca41f2a14f63614c) Importer(815301076,1909f56bfc062723c751e8b465ee728b) [PhysX] Initialized MultithreadedTaskDispatcher with 12 workers.
 -> (artifact id: 'b6ed8af8a22e789657f9eaa0f8b023e5') in 0.000509 seconds
Number of updated asset objects reloaded before import = 0
Number of asset objects unloaded after import = 0
========================================================================
Received Import Request.
  Time since last request: 0.402143 seconds.
  path: Assets/scripts/gameQuit.cs
  artifactKey: Guid(64433bed4856d2949900d0fc2ffcd7d8) Importer(815301076,1909f56bfc062723c751e8b465ee728b)
Start importing Assets/scripts/gameQuit.cs using Guid(64433bed4856d2949900d0fc2ffcd7d8) Importer(815301076,1909f56bfc062723c751e8b465ee728b) [PhysX] Initialized MultithreadedTaskDispatcher with 12 workers.
 -> (artifact id: 'e5e027ff438d4c9bd6af090eef8415de') in 0.000972 seconds
Number of updated asset objects reloaded before import = 0
Number of asset objects unloaded after import = 0
========================================================================
Received Import Request.
  Time since last request: 0.681610 seconds.
  path: Assets/scripts/GameRespawn.cs
  artifactKey: Guid(8e3e97e2ec582a547a9569b0d1dc7c30) Importer(815301076,1909f56bfc062723c751e8b465ee728b)
Start importing Assets/scripts/GameRespawn.cs using Guid(8e3e97e2ec582a547a9569b0d1dc7c30) Importer(815301076,1909f56bfc062723c751e8b465ee728b) [PhysX] Initialized MultithreadedTaskDispatcher with 12 workers.
 -> (artifact id: '49ce1edd6cf256151aa3f19fe939a42e') in 0.001045 seconds
Number of updated asset objects reloaded before import = 0
Number of asset objects unloaded after import = 0
========================================================================
Received Prepare
Caller must complete domain reload
Begin MonoManager ReloadAssembly
- Loaded All Assemblies, in  0.567 seconds
Native extension for WindowsStandalone target not found
Mono: successfully reloaded assembly
- Finished resetting the current domain, in  1.601 seconds
Domain Reload Profiling: 2163ms
	BeginReloadAssembly (150ms)
		ExecutionOrderSort (0ms)
		DisableScriptedObjects (3ms)
		BackupInstance (0ms)
		ReleaseScriptingObjects (0ms)
		CreateAndSetChildDomain (31ms)
	RebuildCommonClasses (27ms)
	RebuildNativeTypeToScriptingClass (8ms)
	initialDomainReloadingComplete (29ms)
	LoadAllAssembliesAndSetupDomain (347ms)
		LoadAssemblies (340ms)
		RebuildTransferFunctionScriptingTraits (0ms)
		AnalyzeDomain (87ms)
			TypeCache.Refresh (39ms)
				TypeCache.ScanAssembly (0ms)
			ScanForSourceGeneratedMonoScriptInfo (33ms)
			ResolveRequiredComponents (13ms)
	FinalizeReload (1601ms)
		ReleaseScriptCaches (0ms)
		RebuildScriptCaches (0ms)
		SetupLoadedEditorAssemblies (403ms)
			LogAssemblyErrors (0ms)
			InitializePlatformSupportModulesInManaged (6ms)
			SetLoadedEditorAssemblies (4ms)
			RefreshPlugins (0ms)
			BeforeProcessingInitializeOnLoad (76ms)
			ProcessInitializeOnLoadAttributes (248ms)
			ProcessInitializeOnLoadMethodAttributes (62ms)
			AfterProcessingInitializeOnLoad (7ms)
			EditorAssembliesLoaded (0ms)
		ExecutionOrderSort2 (0ms)
		AwakeInstancesAfterBackupRestoration (6ms)
Refreshing native plugins compatible for Editor in 7.84 ms, found 3 plugins.
Preloading 0 native plugins for Editor in 0.00 ms.
Unloading 5277 Unused Serialized files (Serialized files now loaded: 0)
Unloading 24 unused Assets / (0.7 MB). Loaded Objects now: 5947.
Memory consumption went from 193.0 MB to 192.3 MB.
Total: 3.870700 ms (FindLiveObjects: 0.399500 ms CreateObjectMapping: 0.279500 ms MarkObjects: 2.896800 ms  DeleteObjects: 0.293900 ms)

Prepare: number of updated asset objects reloaded= 0
AssetImportParameters requested are different than current active one (requested -> active):
  custom:scripting/monoscript/fileName/PlayerControllerScript.cs: 611bee229e14d5c3cba5401576a48eca -> ac72a1ef68dfff9f45e5d291debc57b5
  custom:container-demuxer-ogg: 62fdf1f143b41e24485cea50d1cbac27 -> 
  custom:video-codec-MediaFoundation-h265: 746d11721c4dcdbdad8f713fa42b33f4 -> 
  custom:video-decoder-ogg-theora: a1e56fd34408186e4bbccfd4996cb3dc -> 
  custom:scripting/monoscript/fileName/gameQuit.cs: 381d941fd2788eebf77d8cb6f70ef3c2 -> 7382bf7b61ded40b83716f0378898bfe
  custom:framework-win-MediaFoundation: 216162199b28c13a410421893ffa2e32 -> 
  custom:scripting/monoscript/fileName/MoveCamera.cs: 0ba2c6a4ff0b26c3b5d913ad712bdbcf -> 4cac7d10977ef19e1f3dcb198cffecc9
  custom:scripting/monoscript/fileName/GrapplingGun.cs: c6f63c2bc0100b9f6daba303de7e6391 -> 77176f16d51127b7327ebe60da444b1b
  custom:CustomObjectIndexerAttribute: 72b91833f83ae208fae7752999fa3104 -> 
  custom:container-demuxer-webm: 4f35f7cbe854078d1ac9338744f61a02 -> 
  custom:container-muxer-webm: aa71ff27fc2769a1b78a27578f13a17b -> 
  custom:video-decoder-webm-vp8: 9c59270c3fd7afecdb556c50c9e8de78 -> 
  custom:SearchIndexIgnoredProperties: e643bd26f0fe6173181afceb89e7c659 -> 
  custom:AudioImporter_EditorPlatform: d09bf68614088b80899f8185d706f6e7 -> 
  custom:scripting/monoscript/fileName/NewSceneTemplatePipeline.cs: b6f58a58324aadcdeb2ef714546683e7 -> 
  custom:scripting/monoscript/fileName/CursorState.cs: d9334e78ca93c8a76e4ffabba9acbc96 -> 18edcf0e60018a5a6aafd91b55f4838d
  custom:video-encoder-webm-vp8: eb34c28f22e8b96e1ab97ce403110664 -> 
  custom:audio-decoder-ogg-vorbis: bf7c407c2cedff20999df2af8eb42d56 -> 
  custom:scripting/monoscript/fileName/SoundPlayer.cs: 475d88b9df1544d8382efdce1bccce36 -> de8f3d4c96b446794089a8747c7618fc
  custom:scripting/monoscript/fileName/RotateGun.cs: 990b299e558ef4062b64873ad76f8048 -> eb2e4494e6808171dca4a2e27cab19b6
  custom:audio-encoder-webm-vorbis: bf7c407c2cedff20999df2af8eb42d56 -> 
  custom:scripting/monoscript/fileName/GameRespawn.cs: 4e16be644a2a6965abf6e4d660a3f3d9 -> de38c5bfa9c430c63979501321be442e
  custom:scripting/monoscript/fileName/Outline.cs: 90e9de2d8fd5203760c8138f8c396db8 -> 5cc4e1f72e41e12efce0db8381204c45
  custom:scripting/precompiled-assembly-types:Assembly-CSharp: 22371b8e392c0989988f2a07f820d8b4 -> 9983f0a47bdcc277d42b44322341aebe
========================================================================
Received Import Request.
  Time since last request: 24.041571 seconds.
  path: Assets/scripts/Menus
  artifactKey: Guid(76603ec35948e47488f201690771fed0) Importer(815301076,1909f56bfc062723c751e8b465ee728b)
Start importing Assets/scripts/Menus using Guid(76603ec35948e47488f201690771fed0) Importer(815301076,1909f56bfc062723c751e8b465ee728b) [PhysX] Initialized MultithreadedTaskDispatcher with 12 workers.
 -> (artifact id: '5e60a1a51d2aec2f00360b085b405a43') in 0.001327 seconds
Number of updated asset objects reloaded before import = 0
Number of asset objects unloaded after import = 0
========================================================================
Received Prepare
Caller must complete domain reload
Begin MonoManager ReloadAssembly
- Loaded All Assemblies, in  0.569 seconds
Native extension for WindowsStandalone target not found
Mono: successfully reloaded assembly
- Finished resetting the current domain, in  1.583 seconds
Domain Reload Profiling: 2148ms
	BeginReloadAssembly (173ms)
		ExecutionOrderSort (0ms)
		DisableScriptedObjects (3ms)
		BackupInstance (0ms)
		ReleaseScriptingObjects (0ms)
		CreateAndSetChildDomain (29ms)
	RebuildCommonClasses (33ms)
	RebuildNativeTypeToScriptingClass (9ms)
	initialDomainReloadingComplete (31ms)
	LoadAllAssembliesAndSetupDomain (319ms)
		LoadAssemblies (382ms)
		RebuildTransferFunctionScriptingTraits (0ms)
		AnalyzeDomain (40ms)
			TypeCache.Refresh (8ms)
				TypeCache.ScanAssembly (0ms)
			ScanForSourceGeneratedMonoScriptInfo (19ms)
			ResolveRequiredComponents (11ms)
	FinalizeReload (1583ms)
		ReleaseScriptCaches (0ms)
		RebuildScriptCaches (0ms)
		SetupLoadedEditorAssemblies (401ms)
			LogAssemblyErrors (0ms)
			InitializePlatformSupportModulesInManaged (5ms)
			SetLoadedEditorAssemblies (4ms)
			RefreshPlugins (0ms)
			BeforeProcessingInitializeOnLoad (79ms)
			ProcessInitializeOnLoadAttributes (246ms)
			ProcessInitializeOnLoadMethodAttributes (60ms)
			AfterProcessingInitializeOnLoad (8ms)
			EditorAssembliesLoaded (0ms)
		ExecutionOrderSort2 (0ms)
		AwakeInstancesAfterBackupRestoration (6ms)
Refreshing native plugins compatible for Editor in 8.09 ms, found 3 plugins.
Preloading 0 native plugins for Editor in 0.00 ms.
Unloading 5277 Unused Serialized files (Serialized files now loaded: 0)
Unloading 24 unused Assets / (0.8 MB). Loaded Objects now: 5950.
Memory consumption went from 193.1 MB to 192.3 MB.
Total: 3.141600 ms (FindLiveObjects: 0.321400 ms CreateObjectMapping: 0.226200 ms MarkObjects: 2.296600 ms  DeleteObjects: 0.296800 ms)

Prepare: number of updated asset objects reloaded= 0
AssetImportParameters requested are different than current active one (requested -> active):
  custom:scripting/monoscript/fileName/PlayerControllerScript.cs: 611bee229e14d5c3cba5401576a48eca -> ac72a1ef68dfff9f45e5d291debc57b5
  custom:container-demuxer-ogg: 62fdf1f143b41e24485cea50d1cbac27 -> 
  custom:scripting/monoscript/fileName/Menu.cs: f8ad144ecc097d023673ac832072e82c -> 6a6b6f10406332b78ded19ddc96541c7
  custom:video-codec-MediaFoundation-h265: 746d11721c4dcdbdad8f713fa42b33f4 -> 
  custom:video-decoder-ogg-theora: a1e56fd34408186e4bbccfd4996cb3dc -> 
  custom:scripting/monoscript/fileName/gameQuit.cs: 381d941fd2788eebf77d8cb6f70ef3c2 -> 7382bf7b61ded40b83716f0378898bfe
  custom:framework-win-MediaFoundation: 216162199b28c13a410421893ffa2e32 -> 
  custom:scripting/monoscript/fileName/MoveCamera.cs: 0ba2c6a4ff0b26c3b5d913ad712bdbcf -> 4cac7d10977ef19e1f3dcb198cffecc9
  custom:scripting/monoscript/fileName/GrapplingGun.cs: c6f63c2bc0100b9f6daba303de7e6391 -> 77176f16d51127b7327ebe60da444b1b
  custom:CustomObjectIndexerAttribute: 72b91833f83ae208fae7752999fa3104 -> 
  custom:container-demuxer-webm: 4f35f7cbe854078d1ac9338744f61a02 -> 
  custom:container-muxer-webm: aa71ff27fc2769a1b78a27578f13a17b -> 
  custom:video-decoder-webm-vp8: 9c59270c3fd7afecdb556c50c9e8de78 -> 
  custom:SearchIndexIgnoredProperties: e643bd26f0fe6173181afceb89e7c659 -> 
  custom:AudioImporter_EditorPlatform: d09bf68614088b80899f8185d706f6e7 -> 
  custom:scripting/monoscript/fileName/NewSceneTemplatePipeline.cs: b6f58a58324aadcdeb2ef714546683e7 -> 
  custom:scripting/monoscript/fileName/CursorState.cs: d9334e78ca93c8a76e4ffabba9acbc96 -> 18edcf0e60018a5a6aafd91b55f4838d
  custom:video-encoder-webm-vp8: eb34c28f22e8b96e1ab97ce403110664 -> 
  custom:audio-decoder-ogg-vorbis: bf7c407c2cedff20999df2af8eb42d56 -> 
  custom:scripting/monoscript/fileName/SoundPlayer.cs: 475d88b9df1544d8382efdce1bccce36 -> de8f3d4c96b446794089a8747c7618fc
  custom:scripting/monoscript/fileName/RotateGun.cs: 990b299e558ef4062b64873ad76f8048 -> eb2e4494e6808171dca4a2e27cab19b6
  custom:audio-encoder-webm-vorbis: bf7c407c2cedff20999df2af8eb42d56 -> 
  custom:scripting/monoscript/fileName/GameRespawn.cs: 4e16be644a2a6965abf6e4d660a3f3d9 -> de38c5bfa9c430c63979501321be442e
  custom:scripting/monoscript/fileName/Outline.cs: 90e9de2d8fd5203760c8138f8c396db8 -> 5cc4e1f72e41e12efce0db8381204c45
  custom:scripting/precompiled-assembly-types:Assembly-CSharp: 430a82a1c270ddc4693fc50174c3e42f -> 9983f0a47bdcc277d42b44322341aebe
========================================================================
Received Import Request.
  Time since last request: 14.018389 seconds.
  path: Assets/scripts/Miscellanious
  artifactKey: Guid(416c1f837f7d6ef418093e4094dd0f09) Importer(815301076,1909f56bfc062723c751e8b465ee728b)
Start importing Assets/scripts/Miscellanious using Guid(416c1f837f7d6ef418093e4094dd0f09) Importer(815301076,1909f56bfc062723c751e8b465ee728b) [PhysX] Initialized MultithreadedTaskDispatcher with 12 workers.
 -> (artifact id: 'de5de805a826af26f08bffd85d86eec5') in 0.004474 seconds
Number of updated asset objects reloaded before import = 0
Number of asset objects unloaded after import = 0
========================================================================
Received Prepare
Caller must complete domain reload
Begin MonoManager ReloadAssembly
- Loaded All Assemblies, in  0.541 seconds
Native extension for WindowsStandalone target not found
Mono: successfully reloaded assembly
- Finished resetting the current domain, in  1.559 seconds
Domain Reload Profiling: 2095ms
	BeginReloadAssembly (147ms)
		ExecutionOrderSort (0ms)
		DisableScriptedObjects (4ms)
		BackupInstance (0ms)
		ReleaseScriptingObjects (0ms)
		CreateAndSetChildDomain (30ms)
	RebuildCommonClasses (36ms)
	RebuildNativeTypeToScriptingClass (11ms)
	initialDomainReloadingComplete (34ms)
	LoadAllAssembliesAndSetupDomain (308ms)
		LoadAssemblies (350ms)
		RebuildTransferFunctionScriptingTraits (0ms)
		AnalyzeDomain (39ms)
			TypeCache.Refresh (9ms)
				TypeCache.ScanAssembly (0ms)
			ScanForSourceGeneratedMonoScriptInfo (18ms)
			ResolveRequiredComponents (11ms)
	FinalizeReload (1559ms)
		ReleaseScriptCaches (0ms)
		RebuildScriptCaches (0ms)
		SetupLoadedEditorAssemblies (398ms)
			LogAssemblyErrors (0ms)
			InitializePlatformSupportModulesInManaged (5ms)
			SetLoadedEditorAssemblies (4ms)
			RefreshPlugins (0ms)
			BeforeProcessingInitializeOnLoad (72ms)
			ProcessInitializeOnLoadAttributes (251ms)
			ProcessInitializeOnLoadMethodAttributes (58ms)
			AfterProcessingInitializeOnLoad (8ms)
			EditorAssembliesLoaded (0ms)
		ExecutionOrderSort2 (0ms)
		AwakeInstancesAfterBackupRestoration (8ms)
Refreshing native plugins compatible for Editor in 10.39 ms, found 3 plugins.
Preloading 0 native plugins for Editor in 0.00 ms.
Unloading 5276 Unused Serialized files (Serialized files now loaded: 0)
Unloading 25 unused Assets / (0.8 MB). Loaded Objects now: 5952.
Memory consumption went from 193.0 MB to 192.3 MB.
Total: 3.265000 ms (FindLiveObjects: 0.312200 ms CreateObjectMapping: 0.131300 ms MarkObjects: 2.128500 ms  DeleteObjects: 0.692300 ms)

Prepare: number of updated asset objects reloaded= 0
AssetImportParameters requested are different than current active one (requested -> active):
  custom:scripting/monoscript/fileName/PlayerControllerScript.cs: 611bee229e14d5c3cba5401576a48eca -> ac72a1ef68dfff9f45e5d291debc57b5
  custom:container-demuxer-ogg: 62fdf1f143b41e24485cea50d1cbac27 -> 
  custom:scripting/monoscript/fileName/Menu.cs: f8ad144ecc097d023673ac832072e82c -> 6a6b6f10406332b78ded19ddc96541c7
  custom:video-codec-MediaFoundation-h265: 746d11721c4dcdbdad8f713fa42b33f4 -> 
  custom:video-decoder-ogg-theora: a1e56fd34408186e4bbccfd4996cb3dc -> 
  custom:scripting/monoscript/fileName/gameQuit.cs: 381d941fd2788eebf77d8cb6f70ef3c2 -> 7382bf7b61ded40b83716f0378898bfe
  custom:framework-win-MediaFoundation: 216162199b28c13a410421893ffa2e32 -> 
  custom:scripting/monoscript/fileName/MoveCamera.cs: 0ba2c6a4ff0b26c3b5d913ad712bdbcf -> 4cac7d10977ef19e1f3dcb198cffecc9
  custom:scripting/monoscript/fileName/GrapplingGun.cs: c6f63c2bc0100b9f6daba303de7e6391 -> 77176f16d51127b7327ebe60da444b1b
  custom:CustomObjectIndexerAttribute: 72b91833f83ae208fae7752999fa3104 -> 
  custom:container-demuxer-webm: 4f35f7cbe854078d1ac9338744f61a02 -> 
  custom:container-muxer-webm: aa71ff27fc2769a1b78a27578f13a17b -> 
  custom:video-decoder-webm-vp8: 9c59270c3fd7afecdb556c50c9e8de78 -> 
  custom:SearchIndexIgnoredProperties: e643bd26f0fe6173181afceb89e7c659 -> 
  custom:AudioImporter_EditorPlatform: d09bf68614088b80899f8185d706f6e7 -> 
  custom:scripting/monoscript/fileName/NewSceneTemplatePipeline.cs: b6f58a58324aadcdeb2ef714546683e7 -> 
  custom:scripting/monoscript/fileName/CursorState.cs: d9334e78ca93c8a76e4ffabba9acbc96 -> 18edcf0e60018a5a6aafd91b55f4838d
  custom:video-encoder-webm-vp8: eb34c28f22e8b96e1ab97ce403110664 -> 
  custom:audio-decoder-ogg-vorbis: bf7c407c2cedff20999df2af8eb42d56 -> 
  custom:scripting/monoscript/fileName/SoundPlayer.cs: 475d88b9df1544d8382efdce1bccce36 -> de8f3d4c96b446794089a8747c7618fc
  custom:scripting/monoscript/fileName/RotateGun.cs: 990b299e558ef4062b64873ad76f8048 -> eb2e4494e6808171dca4a2e27cab19b6
  custom:audio-encoder-webm-vorbis: bf7c407c2cedff20999df2af8eb42d56 -> 
  custom:scripting/monoscript/fileName/GameRespawn.cs: 4e16be644a2a6965abf6e4d660a3f3d9 -> de38c5bfa9c430c63979501321be442e
  custom:scripting/monoscript/fileName/Outline.cs: 90e9de2d8fd5203760c8138f8c396db8 -> 5cc4e1f72e41e12efce0db8381204c45
  custom:scripting/precompiled-assembly-types:Assembly-CSharp: c891d2eadfa36aaabdf875e6b4c12f8f -> 9983f0a47bdcc277d42b44322341aebe
========================================================================
Received Import Request.
  Time since last request: 12.644023 seconds.
  path: Assets/scripts/Levels
  artifactKey: Guid(76603ec35948e47488f201690771fed0) Importer(815301076,1909f56bfc062723c751e8b465ee728b)
Start importing Assets/scripts/Levels using Guid(76603ec35948e47488f201690771fed0) Importer(815301076,1909f56bfc062723c751e8b465ee728b) [PhysX] Initialized MultithreadedTaskDispatcher with 12 workers.
 -> (artifact id: '299fbadd9b6799473a51c1f7be391996') in 0.001417 seconds
Number of updated asset objects reloaded before import = 0
Number of asset objects unloaded after import = 0
========================================================================
Received Prepare
Caller must complete domain reload
Begin MonoManager ReloadAssembly
- Loaded All Assemblies, in  0.721 seconds
Native extension for WindowsStandalone target not found
Mono: successfully reloaded assembly
- Finished resetting the current domain, in  2.031 seconds
Domain Reload Profiling: 2748ms
	BeginReloadAssembly (177ms)
		ExecutionOrderSort (0ms)
		DisableScriptedObjects (3ms)
		BackupInstance (0ms)
		ReleaseScriptingObjects (0ms)
		CreateAndSetChildDomain (30ms)
	RebuildCommonClasses (39ms)
	RebuildNativeTypeToScriptingClass (9ms)
	initialDomainReloadingComplete (37ms)
	LoadAllAssembliesAndSetupDomain (453ms)
		LoadAssemblies (492ms)
		RebuildTransferFunctionScriptingTraits (0ms)
		AnalyzeDomain (65ms)
			TypeCache.Refresh (15ms)
				TypeCache.ScanAssembly (1ms)
			ScanForSourceGeneratedMonoScriptInfo (31ms)
			ResolveRequiredComponents (15ms)
	FinalizeReload (2032ms)
		ReleaseScriptCaches (0ms)
		RebuildScriptCaches (0ms)
		SetupLoadedEditorAssemblies (506ms)
			LogAssemblyErrors (0ms)
			InitializePlatformSupportModulesInManaged (6ms)
			SetLoadedEditorAssemblies (4ms)
			RefreshPlugins (0ms)
			BeforeProcessingInitializeOnLoad (84ms)
			ProcessInitializeOnLoadAttributes (330ms)
			ProcessInitializeOnLoadMethodAttributes (72ms)
			AfterProcessingInitializeOnLoad (10ms)
			EditorAssembliesLoaded (0ms)
		ExecutionOrderSort2 (0ms)
		AwakeInstancesAfterBackupRestoration (26ms)
Refreshing native plugins compatible for Editor in 10.71 ms, found 3 plugins.
Preloading 0 native plugins for Editor in 0.00 ms.
Unloading 5276 Unused Serialized files (Serialized files now loaded: 0)
Unloading 24 unused Assets / (0.7 MB). Loaded Objects now: 5955.
Memory consumption went from 193.0 MB to 192.3 MB.
Total: 4.583100 ms (FindLiveObjects: 0.507300 ms CreateObjectMapping: 0.162200 ms MarkObjects: 3.393000 ms  DeleteObjects: 0.519700 ms)

Prepare: number of updated asset objects reloaded= 0
AssetImportParameters requested are different than current active one (requested -> active):
  custom:scripting/monoscript/fileName/PlayerControllerScript.cs: 611bee229e14d5c3cba5401576a48eca -> ac72a1ef68dfff9f45e5d291debc57b5
  custom:container-demuxer-ogg: 62fdf1f143b41e24485cea50d1cbac27 -> 
  custom:scripting/monoscript/fileName/Menu.cs: 0e1575f508e60d6d9d2287980b1e9d59 -> 6a6b6f10406332b78ded19ddc96541c7
  custom:video-codec-MediaFoundation-h265: 746d11721c4dcdbdad8f713fa42b33f4 -> 
  custom:video-decoder-ogg-theora: a1e56fd34408186e4bbccfd4996cb3dc -> 
  custom:scripting/monoscript/fileName/gameQuit.cs: 381d941fd2788eebf77d8cb6f70ef3c2 -> 7382bf7b61ded40b83716f0378898bfe
  custom:framework-win-MediaFoundation: 216162199b28c13a410421893ffa2e32 -> 
  custom:scripting/monoscript/fileName/nextscene.cs: 71d4e97111f2ccfb6469eaa5c15852fd -> 7f36a7078f337f359827de0bfa973d17
  custom:scripting/monoscript/fileName/MoveCamera.cs: 0ba2c6a4ff0b26c3b5d913ad712bdbcf -> 4cac7d10977ef19e1f3dcb198cffecc9
  custom:scripting/monoscript/fileName/GrapplingGun.cs: c6f63c2bc0100b9f6daba303de7e6391 -> 77176f16d51127b7327ebe60da444b1b
  custom:CustomObjectIndexerAttribute: 72b91833f83ae208fae7752999fa3104 -> 
  custom:container-demuxer-webm: 4f35f7cbe854078d1ac9338744f61a02 -> 
  custom:container-muxer-webm: aa71ff27fc2769a1b78a27578f13a17b -> 
  custom:video-decoder-webm-vp8: 9c59270c3fd7afecdb556c50c9e8de78 -> 
  custom:SearchIndexIgnoredProperties: e643bd26f0fe6173181afceb89e7c659 -> 
  custom:AudioImporter_EditorPlatform: d09bf68614088b80899f8185d706f6e7 -> 
  custom:scripting/monoscript/fileName/NewSceneTemplatePipeline.cs: b6f58a58324aadcdeb2ef714546683e7 -> 
  custom:scripting/monoscript/fileName/CursorState.cs: d9334e78ca93c8a76e4ffabba9acbc96 -> 18edcf0e60018a5a6aafd91b55f4838d
  custom:video-encoder-webm-vp8: eb34c28f22e8b96e1ab97ce403110664 -> 
  custom:audio-decoder-ogg-vorbis: bf7c407c2cedff20999df2af8eb42d56 -> 
  custom:scripting/monoscript/fileName/SoundPlayer.cs: 475d88b9df1544d8382efdce1bccce36 -> de8f3d4c96b446794089a8747c7618fc
  custom:scripting/monoscript/fileName/RotateGun.cs: 990b299e558ef4062b64873ad76f8048 -> eb2e4494e6808171dca4a2e27cab19b6
  custom:audio-encoder-webm-vorbis: bf7c407c2cedff20999df2af8eb42d56 -> 
  custom:scripting/monoscript/fileName/GameRespawn.cs: 4e16be644a2a6965abf6e4d660a3f3d9 -> de38c5bfa9c430c63979501321be442e
  custom:scripting/monoscript/fileName/Outline.cs: 53e30f65bc69c9da23ab26501987120f -> 5cc4e1f72e41e12efce0db8381204c45
  custom:scripting/precompiled-assembly-types:Assembly-CSharp: 3310e9eb149ebf6fa219e2d9e5e9e41d -> 9983f0a47bdcc277d42b44322341aebe
========================================================================
Received Import Request.
  Time since last request: 13.656856 seconds.
  path: Assets/scripts/miscellaneous
  artifactKey: Guid(416c1f837f7d6ef418093e4094dd0f09) Importer(815301076,1909f56bfc062723c751e8b465ee728b)
Start importing Assets/scripts/miscellaneous using Guid(416c1f837f7d6ef418093e4094dd0f09) Importer(815301076,1909f56bfc062723c751e8b465ee728b) [PhysX] Initialized MultithreadedTaskDispatcher with 12 workers.
 -> (artifact id: '100d06ee54fb7a61f1fc5f87b8b3b5be') in 0.001513 seconds
Number of updated asset objects reloaded before import = 0
Number of asset objects unloaded after import = 0
========================================================================
Received Prepare
Caller must complete domain reload
Begin MonoManager ReloadAssembly
- Loaded All Assemblies, in  0.532 seconds
Native extension for WindowsStandalone target not found
Mono: successfully reloaded assembly
- Finished resetting the current domain, in  1.983 seconds
Domain Reload Profiling: 2511ms
	BeginReloadAssembly (148ms)
		ExecutionOrderSort (0ms)
		DisableScriptedObjects (3ms)
		BackupInstance (0ms)
		ReleaseScriptingObjects (0ms)
		CreateAndSetChildDomain (31ms)
	RebuildCommonClasses (27ms)
	RebuildNativeTypeToScriptingClass (9ms)
	initialDomainReloadingComplete (32ms)
	LoadAllAssembliesAndSetupDomain (312ms)
		LoadAssemblies (346ms)
		RebuildTransferFunctionScriptingTraits (0ms)
		AnalyzeDomain (47ms)
			TypeCache.Refresh (9ms)
				TypeCache.ScanAssembly (0ms)
			ScanForSourceGeneratedMonoScriptInfo (24ms)
			ResolveRequiredComponents (12ms)
	FinalizeReload (1983ms)
		ReleaseScriptCaches (0ms)
		RebuildScriptCaches (0ms)
		SetupLoadedEditorAssemblies (478ms)
			LogAssemblyErrors (0ms)
			InitializePlatformSupportModulesInManaged (8ms)
			SetLoadedEditorAssemblies (7ms)
			RefreshPlugins (0ms)
			BeforeProcessingInitializeOnLoad (99ms)
			ProcessInitializeOnLoadAttributes (298ms)
			ProcessInitializeOnLoadMethodAttributes (59ms)
			AfterProcessingInitializeOnLoad (7ms)
			EditorAssembliesLoaded (0ms)
		ExecutionOrderSort2 (0ms)
		AwakeInstancesAfterBackupRestoration (6ms)
Refreshing native plugins compatible for Editor in 8.48 ms, found 3 plugins.
Preloading 0 native plugins for Editor in 0.00 ms.
Unloading 5276 Unused Serialized files (Serialized files now loaded: 0)
Unloading 24 unused Assets / (0.7 MB). Loaded Objects now: 5958.
Memory consumption went from 193.0 MB to 192.3 MB.
Total: 3.811200 ms (FindLiveObjects: 0.587300 ms CreateObjectMapping: 0.199700 ms MarkObjects: 2.664300 ms  DeleteObjects: 0.359300 ms)

Prepare: number of updated asset objects reloaded= 0
AssetImportParameters requested are different than current active one (requested -> active):
  custom:scripting/monoscript/fileName/PlayerControllerScript.cs: 611bee229e14d5c3cba5401576a48eca -> ac72a1ef68dfff9f45e5d291debc57b5
  custom:container-demuxer-ogg: 62fdf1f143b41e24485cea50d1cbac27 -> 
  custom:scripting/monoscript/fileName/Menu.cs: 0e1575f508e60d6d9d2287980b1e9d59 -> 6a6b6f10406332b78ded19ddc96541c7
  custom:video-codec-MediaFoundation-h265: 746d11721c4dcdbdad8f713fa42b33f4 -> 
  custom:video-decoder-ogg-theora: a1e56fd34408186e4bbccfd4996cb3dc -> 
  custom:scripting/monoscript/fileName/gameQuit.cs: 381d941fd2788eebf77d8cb6f70ef3c2 -> 7382bf7b61ded40b83716f0378898bfe
  custom:framework-win-MediaFoundation: 216162199b28c13a410421893ffa2e32 -> 
  custom:scripting/monoscript/fileName/nextscene.cs: 71d4e97111f2ccfb6469eaa5c15852fd -> 7f36a7078f337f359827de0bfa973d17
  custom:scripting/monoscript/fileName/MoveCamera.cs: 0ba2c6a4ff0b26c3b5d913ad712bdbcf -> 4cac7d10977ef19e1f3dcb198cffecc9
  custom:scripting/monoscript/fileName/GrapplingGun.cs: c6f63c2bc0100b9f6daba303de7e6391 -> 77176f16d51127b7327ebe60da444b1b
  custom:CustomObjectIndexerAttribute: 72b91833f83ae208fae7752999fa3104 -> 
  custom:container-demuxer-webm: 4f35f7cbe854078d1ac9338744f61a02 -> 
  custom:container-muxer-webm: aa71ff27fc2769a1b78a27578f13a17b -> 
  custom:video-decoder-webm-vp8: 9c59270c3fd7afecdb556c50c9e8de78 -> 
  custom:SearchIndexIgnoredProperties: e643bd26f0fe6173181afceb89e7c659 -> 
  custom:AudioImporter_EditorPlatform: d09bf68614088b80899f8185d706f6e7 -> 
  custom:scripting/monoscript/fileName/NewSceneTemplatePipeline.cs: b6f58a58324aadcdeb2ef714546683e7 -> 
  custom:scripting/monoscript/fileName/CursorState.cs: d9334e78ca93c8a76e4ffabba9acbc96 -> 18edcf0e60018a5a6aafd91b55f4838d
  custom:video-encoder-webm-vp8: eb34c28f22e8b96e1ab97ce403110664 -> 
  custom:audio-decoder-ogg-vorbis: bf7c407c2cedff20999df2af8eb42d56 -> 
  custom:scripting/monoscript/fileName/SoundPlayer.cs: 475d88b9df1544d8382efdce1bccce36 -> de8f3d4c96b446794089a8747c7618fc
  custom:scripting/monoscript/fileName/RotateGun.cs: 990b299e558ef4062b64873ad76f8048 -> eb2e4494e6808171dca4a2e27cab19b6
  custom:audio-encoder-webm-vorbis: bf7c407c2cedff20999df2af8eb42d56 -> 
  custom:scripting/monoscript/fileName/GameRespawn.cs: 4e16be644a2a6965abf6e4d660a3f3d9 -> de38c5bfa9c430c63979501321be442e
  custom:scripting/monoscript/fileName/Outline.cs: e84ff0e466a25ccbb711d1f9086222f9 -> 5cc4e1f72e41e12efce0db8381204c45
  custom:scripting/precompiled-assembly-types:Assembly-CSharp: 3310e9eb149ebf6fa219e2d9e5e9e41d -> 9983f0a47bdcc277d42b44322341aebe
========================================================================
Received Prepare
Caller must complete domain reload
Begin MonoManager ReloadAssembly
- Loaded All Assemblies, in  0.534 seconds
Native extension for WindowsStandalone target not found
Mono: successfully reloaded assembly
- Finished resetting the current domain, in  1.535 seconds
Domain Reload Profiling: 2066ms
	BeginReloadAssembly (169ms)
		ExecutionOrderSort (0ms)
		DisableScriptedObjects (5ms)
		BackupInstance (0ms)
		ReleaseScriptingObjects (0ms)
		CreateAndSetChildDomain (34ms)
	RebuildCommonClasses (26ms)
	RebuildNativeTypeToScriptingClass (8ms)
	initialDomainReloadingComplete (31ms)
	LoadAllAssembliesAndSetupDomain (296ms)
		LoadAssemblies (351ms)
		RebuildTransferFunctionScriptingTraits (0ms)
		AnalyzeDomain (38ms)
			TypeCache.Refresh (8ms)
				TypeCache.ScanAssembly (0ms)
			ScanForSourceGeneratedMonoScriptInfo (20ms)
			ResolveRequiredComponents (9ms)
	FinalizeReload (1536ms)
		ReleaseScriptCaches (0ms)
		RebuildScriptCaches (0ms)
		SetupLoadedEditorAssemblies (401ms)
			LogAssemblyErrors (0ms)
			InitializePlatformSupportModulesInManaged (6ms)
			SetLoadedEditorAssemblies (4ms)
			RefreshPlugins (0ms)
			BeforeProcessingInitializeOnLoad (84ms)
			ProcessInitializeOnLoadAttributes (246ms)
			ProcessInitializeOnLoadMethodAttributes (54ms)
			AfterProcessingInitializeOnLoad (7ms)
			EditorAssembliesLoaded (0ms)
		ExecutionOrderSort2 (0ms)
		AwakeInstancesAfterBackupRestoration (8ms)
Refreshing native plugins compatible for Editor in 7.96 ms, found 3 plugins.
Preloading 0 native plugins for Editor in 0.00 ms.
Unloading 5277 Unused Serialized files (Serialized files now loaded: 0)
Unloading 24 unused Assets / (0.7 MB). Loaded Objects now: 5961.
Memory consumption went from 193.3 MB to 192.6 MB.
Total: 3.115000 ms (FindLiveObjects: 0.302300 ms CreateObjectMapping: 0.201000 ms MarkObjects: 2.308200 ms  DeleteObjects: 0.302800 ms)

Prepare: number of updated asset objects reloaded= 0
AssetImportParameters requested are different than current active one (requested -> active):
  custom:scripting/monoscript/fileName/PlayerControllerScript.cs: 611bee229e14d5c3cba5401576a48eca -> ac72a1ef68dfff9f45e5d291debc57b5
  custom:container-demuxer-ogg: 62fdf1f143b41e24485cea50d1cbac27 -> 
  custom:scripting/monoscript/fileName/Menu.cs: 0e1575f508e60d6d9d2287980b1e9d59 -> 6a6b6f10406332b78ded19ddc96541c7
  custom:video-codec-MediaFoundation-h265: 746d11721c4dcdbdad8f713fa42b33f4 -> 
  custom:video-decoder-ogg-theora: a1e56fd34408186e4bbccfd4996cb3dc -> 
  custom:scripting/monoscript/fileName/gameQuit.cs: 381d941fd2788eebf77d8cb6f70ef3c2 -> 7382bf7b61ded40b83716f0378898bfe
  custom:framework-win-MediaFoundation: 216162199b28c13a410421893ffa2e32 -> 
  custom:scripting/monoscript/fileName/nextscene.cs: 71d4e97111f2ccfb6469eaa5c15852fd -> 7f36a7078f337f359827de0bfa973d17
  custom:scripting/monoscript/fileName/MoveCamera.cs: 0ba2c6a4ff0b26c3b5d913ad712bdbcf -> 4cac7d10977ef19e1f3dcb198cffecc9
  custom:scripting/monoscript/fileName/GrapplingGun.cs: c6f63c2bc0100b9f6daba303de7e6391 -> 77176f16d51127b7327ebe60da444b1b
  custom:CustomObjectIndexerAttribute: 72b91833f83ae208fae7752999fa3104 -> 
  custom:container-demuxer-webm: 4f35f7cbe854078d1ac9338744f61a02 -> 
  custom:container-muxer-webm: aa71ff27fc2769a1b78a27578f13a17b -> 
  custom:video-decoder-webm-vp8: 9c59270c3fd7afecdb556c50c9e8de78 -> 
  custom:SearchIndexIgnoredProperties: e643bd26f0fe6173181afceb89e7c659 -> 
  custom:AudioImporter_EditorPlatform: d09bf68614088b80899f8185d706f6e7 -> 
  custom:scripting/monoscript/fileName/NewSceneTemplatePipeline.cs: b6f58a58324aadcdeb2ef714546683e7 -> 
  custom:scripting/monoscript/fileName/CursorState.cs: d9334e78ca93c8a76e4ffabba9acbc96 -> 18edcf0e60018a5a6aafd91b55f4838d
  custom:video-encoder-webm-vp8: eb34c28f22e8b96e1ab97ce403110664 -> 
  custom:audio-decoder-ogg-vorbis: bf7c407c2cedff20999df2af8eb42d56 -> 
  custom:scripting/monoscript/fileName/SoundPlayer.cs: 475d88b9df1544d8382efdce1bccce36 -> de8f3d4c96b446794089a8747c7618fc
  custom:scripting/monoscript/fileName/RotateGun.cs: 990b299e558ef4062b64873ad76f8048 -> eb2e4494e6808171dca4a2e27cab19b6
  custom:audio-encoder-webm-vorbis: bf7c407c2cedff20999df2af8eb42d56 -> 
  custom:scripting/monoscript/fileName/GameRespawn.cs: 4e16be644a2a6965abf6e4d660a3f3d9 -> de38c5bfa9c430c63979501321be442e
  custom:scripting/monoscript/fileName/Outline.cs: 09c84349353572281e22293c31aa1a93 -> 5cc4e1f72e41e12efce0db8381204c45
  custom:scripting/precompiled-assembly-types:Assembly-CSharp: 3310e9eb149ebf6fa219e2d9e5e9e41d -> 9983f0a47bdcc277d42b44322341aebe
========================================================================
Received Import Request.
  Time since last request: 14.164589 seconds.
  path: Assets/QuickOutline/Resources/Materials
  artifactKey: Guid(80ac8e52d3c31a94babd161e86bc6b97) Importer(815301076,1909f56bfc062723c751e8b465ee728b)
Start importing Assets/QuickOutline/Resources/Materials using Guid(80ac8e52d3c31a94babd161e86bc6b97) Importer(815301076,1909f56bfc062723c751e8b465ee728b) [PhysX] Initialized MultithreadedTaskDispatcher with 12 workers.
 -> (artifact id: 'e9d359e776b1f5496ff4a5490d4912cb') in 0.001425 seconds
Number of updated asset objects reloaded before import = 0
Number of asset objects unloaded after import = 0
========================================================================
Received Import Request.
  Time since last request: 0.020414 seconds.
  path: Assets/QuickOutline/Resources/Materials/OutlineFill.mat
  artifactKey: Guid(311313efa011949e98b6761d652ad13c) Importer(815301076,1909f56bfc062723c751e8b465ee728b)
Start importing Assets/QuickOutline/Resources/Materials/OutlineFill.mat using Guid(311313efa011949e98b6761d652ad13c) Importer(815301076,1909f56bfc062723c751e8b465ee728b) [PhysX] Initialized MultithreadedTaskDispatcher with 12 workers.
[PhysX] Initialized MultithreadedTaskDispatcher with 12 workers.
 -> (artifact id: '3c2ae3f582e6ca111d3f642550a1a9e6') in 0.071273 seconds
Number of updated asset objects reloaded before import = 0
Number of asset objects unloaded after import = 1
========================================================================
Received Import Request.
  Time since last request: 5.666817 seconds.
  path: Assets/QuickOutline/Resources/Shaders/OutlineFill.shader
  artifactKey: Guid(4e76d4023d7e0411297c670f878973e2) Importer(815301076,1909f56bfc062723c751e8b465ee728b)
Start importing Assets/QuickOutline/Resources/Shaders/OutlineFill.shader using Guid(4e76d4023d7e0411297c670f878973e2) Importer(815301076,1909f56bfc062723c751e8b465ee728b) [PhysX] Initialized MultithreadedTaskDispatcher with 12 workers.
 -> (artifact id: '0cbe9bf44dc14b8368684d3faa18dcb1') in 0.000762 seconds
Number of updated asset objects reloaded before import = 0
Number of asset objects unloaded after import = 0
========================================================================
Received Import Request.
  Time since last request: 3.719092 seconds.
  path: Assets/materials/Swinging Outline.mat
  artifactKey: Guid(8edf7635e834ad74b9c0c6256ab2c190) Importer(815301076,1909f56bfc062723c751e8b465ee728b)
Start importing Assets/materials/Swinging Outline.mat using Guid(8edf7635e834ad74b9c0c6256ab2c190) Importer(815301076,1909f56bfc062723c751e8b465ee728b) [PhysX] Initialized MultithreadedTaskDispatcher with 12 workers.
[PhysX] Initialized MultithreadedTaskDispatcher with 12 workers.
 -> (artifact id: '348971b090370ce8a4826b55a15598e8') in 0.010284 seconds
Number of updated asset objects reloaded before import = 0
Number of asset objects unloaded after import = 2
========================================================================
Received Import Request.
  Time since last request: 37.462149 seconds.
  path: Assets/materials/Materials
  artifactKey: Guid(c0fa61876f0b8ce478eb84ed40a75025) Importer(815301076,1909f56bfc062723c751e8b465ee728b)
Start importing Assets/materials/Materials using Guid(c0fa61876f0b8ce478eb84ed40a75025) Importer(815301076,1909f56bfc062723c751e8b465ee728b) [PhysX] Initialized MultithreadedTaskDispatcher with 12 workers.
 -> (artifact id: '1fb6ef00b363016defe48b3872af1fe4') in 0.001008 seconds
Number of updated asset objects reloaded before import = 0
Number of asset objects unloaded after import = 0
========================================================================
Received Import Request.
  Time since last request: 0.057997 seconds.
  path: Assets/materials/Materials/floors.mat
  artifactKey: Guid(58f7ad796927d864ea4ae81c1fde424b) Importer(815301076,1909f56bfc062723c751e8b465ee728b)
Start importing Assets/materials/Materials/floors.mat using Guid(58f7ad796927d864ea4ae81c1fde424b) Importer(815301076,1909f56bfc062723c751e8b465ee728b) [PhysX] Initialized MultithreadedTaskDispatcher with 12 workers.
[PhysX] Initialized MultithreadedTaskDispatcher with 12 workers.
 -> (artifact id: '98f696fbc2403172427fde80be9d588d') in 0.020778 seconds
Number of updated asset objects reloaded before import = 0
Number of asset objects unloaded after import = 1
========================================================================
Received Import Request.
  Time since last request: 0.000015 seconds.
  path: Assets/materials/Materials/red.mat
  artifactKey: Guid(86906e66949a48845af50743bed82177) Importer(815301076,1909f56bfc062723c751e8b465ee728b)
Start importing Assets/materials/Materials/red.mat using Guid(86906e66949a48845af50743bed82177) Importer(815301076,1909f56bfc062723c751e8b465ee728b) [PhysX] Initialized MultithreadedTaskDispatcher with 12 workers.
[PhysX] Initialized MultithreadedTaskDispatcher with 12 workers.
 -> (artifact id: 'c26256585f0ac96f691dd8c5951a5bc8') in 0.011409 seconds
Number of updated asset objects reloaded before import = 0
Number of asset objects unloaded after import = 1
========================================================================
Received Import Request.
  Time since last request: 0.000026 seconds.
  path: Assets/materials/Materials/wallJump.mat
  artifactKey: Guid(d51a993d5e459ce49bb56498fe7f0c7d) Importer(815301076,1909f56bfc062723c751e8b465ee728b)
Start importing Assets/materials/Materials/wallJump.mat using Guid(d51a993d5e459ce49bb56498fe7f0c7d) Importer(815301076,1909f56bfc062723c751e8b465ee728b) [PhysX] Initialized MultithreadedTaskDispatcher with 12 workers.
[PhysX] Initialized MultithreadedTaskDispatcher with 12 workers.
 -> (artifact id: 'ba2062ad0d4b0b83a51a74ff26b09e56') in 0.008415 seconds
Number of updated asset objects reloaded before import = 0
Number of asset objects unloaded after import = 1
========================================================================
Received Import Request.
  Time since last request: 6.561332 seconds.
  path: Assets/Parkour FPS - First Person Character Controller/Prefabs/Player Controller.prefab
  artifactKey: Guid(92d47fad1f15424438aa8f0d389d24cd) Importer(815301076,1909f56bfc062723c751e8b465ee728b)
Start importing Assets/Parkour FPS - First Person Character Controller/Prefabs/Player Controller.prefab using Guid(92d47fad1f15424438aa8f0d389d24cd) Importer(815301076,1909f56bfc062723c751e8b465ee728b) [PhysX] Initialized MultithreadedTaskDispatcher with 12 workers.
[PhysX] Initialized MultithreadedTaskDispatcher with 12 workers.
 -> (artifact id: 'b0d4799227505e7331a8335b3199d27a') in 0.054641 seconds
Number of updated asset objects reloaded before import = 0
Number of asset objects unloaded after import = 99
========================================================================
Received Import Request.
  Time since last request: 39.667511 seconds.
  path: Assets/Models/Outline Shader Graph.shadergraph
  artifactKey: Guid(6a4b16bbde934514bbd89da228ee09e6) Importer(815301076,1909f56bfc062723c751e8b465ee728b)
Start importing Assets/Models/Outline Shader Graph.shadergraph using Guid(6a4b16bbde934514bbd89da228ee09e6) Importer(815301076,1909f56bfc062723c751e8b465ee728b) [PhysX] Initialized MultithreadedTaskDispatcher with 12 workers.
[PhysX] Initialized MultithreadedTaskDispatcher with 12 workers.
 -> (artifact id: '1ab2419bc3db35dbed40ae0dcb5c48d8') in 0.007815 seconds
Number of updated asset objects reloaded before import = 0
Number of asset objects unloaded after import = 2
========================================================================
Received Import Request.
  Time since last request: 10.753098 seconds.
  path: Assets/gunModel.fbx
  artifactKey: Guid(a3461f3c1ff92b5448d7e872275490af) Importer(815301076,1909f56bfc062723c751e8b465ee728b)
Start importing Assets/gunModel.fbx using Guid(a3461f3c1ff92b5448d7e872275490af) Importer(815301076,1909f56bfc062723c751e8b465ee728b) [PhysX] Initialized MultithreadedTaskDispatcher with 12 workers.
[PhysX] Initialized MultithreadedTaskDispatcher with 12 workers.
[PhysX] Initialized MultithreadedTaskDispatcher with 12 workers.
[PhysX] Initialized MultithreadedTaskDispatcher with 12 workers.
[PhysX] Initialized MultithreadedTaskDispatcher with 12 workers.
[PhysX] Initialized MultithreadedTaskDispatcher with 12 workers.
[PhysX] Initialized MultithreadedTaskDispatcher with 12 workers.
 -> (artifact id: '72ebf2d64377f6f73ff0ec3e13127e1c') in 0.052926 seconds
Number of updated asset objects reloaded before import = 0
Number of asset objects unloaded after import = 20
========================================================================
Received Import Request.
  Time since last request: 22.301016 seconds.
  path: Assets/materialsrendering
  artifactKey: Guid(58b96c5b4b77d1346b55cd854b5f6548) Importer(815301076,1909f56bfc062723c751e8b465ee728b)
Start importing Assets/materialsrendering using Guid(58b96c5b4b77d1346b55cd854b5f6548) Importer(815301076,1909f56bfc062723c751e8b465ee728b) [PhysX] Initialized MultithreadedTaskDispatcher with 12 workers.
 -> (artifact id: 'e2203a62dac7051bce7a5b5ec1f78a65') in 0.000522 seconds
Number of updated asset objects reloaded before import = 0
Number of asset objects unloaded after import = 0
========================================================================
Received Import Request.
  Time since last request: 47.361265 seconds.
  path: Assets/Prefabs/Player Controller.prefab
  artifactKey: Guid(92d47fad1f15424438aa8f0d389d24cd) Importer(815301076,1909f56bfc062723c751e8b465ee728b)
Start importing Assets/Prefabs/Player Controller.prefab using Guid(92d47fad1f15424438aa8f0d389d24cd) Importer(815301076,1909f56bfc062723c751e8b465ee728b) [PhysX] Initialized MultithreadedTaskDispatcher with 12 workers.
[PhysX] Initialized MultithreadedTaskDispatcher with 12 workers.
 -> (artifact id: '7719a083fd2e62f8ab4544ac0c9cc1ee') in 0.021250 seconds
Number of updated asset objects reloaded before import = 0
Number of asset objects unloaded after import = 97
========================================================================
Received Import Request.
  Time since last request: 16.079302 seconds.
  path: Assets/PlayerController.cs
  artifactKey: Guid(28b6c1154bd257040bd0c236b39f9f76) Importer(815301076,1909f56bfc062723c751e8b465ee728b)
Start importing Assets/PlayerController.cs using Guid(28b6c1154bd257040bd0c236b39f9f76) Importer(815301076,1909f56bfc062723c751e8b465ee728b) [PhysX] Initialized MultithreadedTaskDispatcher with 12 workers.
 -> (artifact id: '607b1f72de9ec62a3920ec97ee25092c') in 0.000549 seconds
Number of updated asset objects reloaded before import = 0
Number of asset objects unloaded after import = 0
========================================================================
Received Prepare
Caller must complete domain reload
Begin MonoManager ReloadAssembly
- Loaded All Assemblies, in  0.625 seconds
Native extension for WindowsStandalone target not found
Mono: successfully reloaded assembly
- Finished resetting the current domain, in  2.883 seconds
Domain Reload Profiling: 3504ms
	BeginReloadAssembly (154ms)
		ExecutionOrderSort (0ms)
		DisableScriptedObjects (3ms)
		BackupInstance (0ms)
		ReleaseScriptingObjects (0ms)
		CreateAndSetChildDomain (34ms)
	RebuildCommonClasses (29ms)
	RebuildNativeTypeToScriptingClass (13ms)
	initialDomainReloadingComplete (32ms)
	LoadAllAssembliesAndSetupDomain (392ms)
		LoadAssemblies (429ms)
		RebuildTransferFunctionScriptingTraits (0ms)
		AnalyzeDomain (48ms)
			TypeCache.Refresh (10ms)
				TypeCache.ScanAssembly (0ms)
			ScanForSourceGeneratedMonoScriptInfo (22ms)
			ResolveRequiredComponents (12ms)
	FinalizeReload (2883ms)
		ReleaseScriptCaches (0ms)
		RebuildScriptCaches (0ms)
		SetupLoadedEditorAssemblies (569ms)
			LogAssemblyErrors (0ms)
			InitializePlatformSupportModulesInManaged (6ms)
			SetLoadedEditorAssemblies (4ms)
			RefreshPlugins (0ms)
			BeforeProcessingInitializeOnLoad (112ms)
			ProcessInitializeOnLoadAttributes (358ms)
			ProcessInitializeOnLoadMethodAttributes (79ms)
			AfterProcessingInitializeOnLoad (8ms)
			EditorAssembliesLoaded (0ms)
		ExecutionOrderSort2 (0ms)
		AwakeInstancesAfterBackupRestoration (7ms)
Refreshing native plugins compatible for Editor in 13.94 ms, found 3 plugins.
Preloading 0 native plugins for Editor in 0.00 ms.
Unloading 5275 Unused Serialized files (Serialized files now loaded: 0)
Unloading 25 unused Assets / (0.7 MB). Loaded Objects now: 5966.
Memory consumption went from 193.1 MB to 192.4 MB.
Total: 4.207100 ms (FindLiveObjects: 0.394300 ms CreateObjectMapping: 0.349100 ms MarkObjects: 3.069900 ms  DeleteObjects: 0.393300 ms)

Prepare: number of updated asset objects reloaded= 0
AssetImportParameters requested are different than current active one (requested -> active):
  custom:scripting/monoscript/fileName/PlayerControllerScript.cs: 611bee229e14d5c3cba5401576a48eca -> ac72a1ef68dfff9f45e5d291debc57b5
  custom:container-demuxer-ogg: 62fdf1f143b41e24485cea50d1cbac27 -> 
  custom:scripting/monoscript/fileName/Menu.cs: 0e1575f508e60d6d9d2287980b1e9d59 -> 6a6b6f10406332b78ded19ddc96541c7
  custom:video-codec-MediaFoundation-h265: 746d11721c4dcdbdad8f713fa42b33f4 -> 
  custom:video-decoder-ogg-theora: a1e56fd34408186e4bbccfd4996cb3dc -> 
  custom:scripting/monoscript/fileName/gameQuit.cs: 381d941fd2788eebf77d8cb6f70ef3c2 -> 7382bf7b61ded40b83716f0378898bfe
  custom:framework-win-MediaFoundation: 216162199b28c13a410421893ffa2e32 -> 
  custom:scripting/monoscript/fileName/nextscene.cs: 71d4e97111f2ccfb6469eaa5c15852fd -> 7f36a7078f337f359827de0bfa973d17
  custom:scripting/monoscript/fileName/MoveCamera.cs: 0ba2c6a4ff0b26c3b5d913ad712bdbcf -> 4cac7d10977ef19e1f3dcb198cffecc9
  custom:scripting/monoscript/fileName/GrapplingGun.cs: c6f63c2bc0100b9f6daba303de7e6391 -> 77176f16d51127b7327ebe60da444b1b
  custom:CustomObjectIndexerAttribute: 72b91833f83ae208fae7752999fa3104 -> 
  custom:container-demuxer-webm: 4f35f7cbe854078d1ac9338744f61a02 -> 
  custom:container-muxer-webm: aa71ff27fc2769a1b78a27578f13a17b -> 
  custom:video-decoder-webm-vp8: 9c59270c3fd7afecdb556c50c9e8de78 -> 
  custom:SearchIndexIgnoredProperties: e643bd26f0fe6173181afceb89e7c659 -> 
  custom:AudioImporter_EditorPlatform: d09bf68614088b80899f8185d706f6e7 -> 
  custom:scripting/monoscript/fileName/NewSceneTemplatePipeline.cs: b6f58a58324aadcdeb2ef714546683e7 -> 
  custom:scripting/monoscript/fileName/CursorState.cs: d9334e78ca93c8a76e4ffabba9acbc96 -> 18edcf0e60018a5a6aafd91b55f4838d
  custom:video-encoder-webm-vp8: eb34c28f22e8b96e1ab97ce403110664 -> 
  custom:audio-decoder-ogg-vorbis: bf7c407c2cedff20999df2af8eb42d56 -> 
  custom:scripting/monoscript/fileName/SoundPlayer.cs: 475d88b9df1544d8382efdce1bccce36 -> de8f3d4c96b446794089a8747c7618fc
  custom:scripting/monoscript/fileName/RotateGun.cs: 990b299e558ef4062b64873ad76f8048 -> eb2e4494e6808171dca4a2e27cab19b6
  custom:audio-encoder-webm-vorbis: bf7c407c2cedff20999df2af8eb42d56 -> 
  custom:scripting/monoscript/fileName/GameRespawn.cs: 4e16be644a2a6965abf6e4d660a3f3d9 -> de38c5bfa9c430c63979501321be442e
  custom:scripting/monoscript/fileName/Outline.cs: 09c84349353572281e22293c31aa1a93 -> 5cc4e1f72e41e12efce0db8381204c45
  custom:scripting/precompiled-assembly-types:Assembly-CSharp: e012d73ac0ada15e5eec879835842ea3 -> 9983f0a47bdcc277d42b44322341aebe
========================================================================
Received Import Request.
  Time since last request: 13.089154 seconds.
  path: Assets/PlayerControllerScript.cs
  artifactKey: Guid(4f0185104b0ae5644a6508ec8da90e21) Importer(815301076,1909f56bfc062723c751e8b465ee728b)
Start importing Assets/PlayerControllerScript.cs using Guid(4f0185104b0ae5644a6508ec8da90e21) Importer(815301076,1909f56bfc062723c751e8b465ee728b) [PhysX] Initialized MultithreadedTaskDispatcher with 12 workers.
 -> (artifact id: '0b0ff2a110417fed6c944746a4d8cb74') in 0.001620 seconds
Number of updated asset objects reloaded before import = 0
Number of asset objects unloaded after import = 0
========================================================================
Received Prepare
Caller must complete domain reload
Begin MonoManager ReloadAssembly
- Loaded All Assemblies, in  0.511 seconds
Native extension for WindowsStandalone target not found
Mono: successfully reloaded assembly
- Finished resetting the current domain, in  1.599 seconds
Domain Reload Profiling: 2106ms
	BeginReloadAssembly (144ms)
		ExecutionOrderSort (0ms)
		DisableScriptedObjects (3ms)
		BackupInstance (0ms)
		ReleaseScriptingObjects (0ms)
		CreateAndSetChildDomain (30ms)
	RebuildCommonClasses (25ms)
	RebuildNativeTypeToScriptingClass (8ms)
	initialDomainReloadingComplete (31ms)
	LoadAllAssembliesAndSetupDomain (298ms)
		LoadAssemblies (337ms)
		RebuildTransferFunctionScriptingTraits (0ms)
		AnalyzeDomain (41ms)
			TypeCache.Refresh (10ms)
				TypeCache.ScanAssembly (0ms)
			ScanForSourceGeneratedMonoScriptInfo (19ms)
			ResolveRequiredComponents (9ms)
	FinalizeReload (1600ms)
		ReleaseScriptCaches (0ms)
		RebuildScriptCaches (0ms)
		SetupLoadedEditorAssemblies (424ms)
			LogAssemblyErrors (0ms)
			InitializePlatformSupportModulesInManaged (5ms)
			SetLoadedEditorAssemblies (4ms)
			RefreshPlugins (0ms)
			BeforeProcessingInitializeOnLoad (74ms)
			ProcessInitializeOnLoadAttributes (277ms)
			ProcessInitializeOnLoadMethodAttributes (57ms)
			AfterProcessingInitializeOnLoad (8ms)
			EditorAssembliesLoaded (0ms)
		ExecutionOrderSort2 (0ms)
		AwakeInstancesAfterBackupRestoration (6ms)
Refreshing native plugins compatible for Editor in 8.23 ms, found 3 plugins.
Preloading 0 native plugins for Editor in 0.00 ms.
Unloading 5274 Unused Serialized files (Serialized files now loaded: 0)
Unloading 25 unused Assets / (0.7 MB). Loaded Objects now: 5968.
Memory consumption went from 193.1 MB to 192.4 MB.
Total: 3.309100 ms (FindLiveObjects: 0.311500 ms CreateObjectMapping: 0.269500 ms MarkObjects: 2.415000 ms  DeleteObjects: 0.312500 ms)

Prepare: number of updated asset objects reloaded= 0
AssetImportParameters requested are different than current active one (requested -> active):
  custom:scripting/monoscript/fileName/PlayerControllerScript.cs: 611bee229e14d5c3cba5401576a48eca -> ac72a1ef68dfff9f45e5d291debc57b5
  custom:container-demuxer-ogg: 62fdf1f143b41e24485cea50d1cbac27 -> 
  custom:scripting/monoscript/fileName/Menu.cs: 0e1575f508e60d6d9d2287980b1e9d59 -> 6a6b6f10406332b78ded19ddc96541c7
  custom:video-codec-MediaFoundation-h265: 746d11721c4dcdbdad8f713fa42b33f4 -> 
  custom:video-decoder-ogg-theora: a1e56fd34408186e4bbccfd4996cb3dc -> 
  custom:scripting/monoscript/fileName/gameQuit.cs: 381d941fd2788eebf77d8cb6f70ef3c2 -> 7382bf7b61ded40b83716f0378898bfe
  custom:framework-win-MediaFoundation: 216162199b28c13a410421893ffa2e32 -> 
  custom:scripting/monoscript/fileName/nextscene.cs: 71d4e97111f2ccfb6469eaa5c15852fd -> 7f36a7078f337f359827de0bfa973d17
  custom:scripting/monoscript/fileName/MoveCamera.cs: 0ba2c6a4ff0b26c3b5d913ad712bdbcf -> 4cac7d10977ef19e1f3dcb198cffecc9
  custom:scripting/monoscript/fileName/GrapplingGun.cs: c6f63c2bc0100b9f6daba303de7e6391 -> 77176f16d51127b7327ebe60da444b1b
  custom:CustomObjectIndexerAttribute: 72b91833f83ae208fae7752999fa3104 -> 
  custom:container-demuxer-webm: 4f35f7cbe854078d1ac9338744f61a02 -> 
  custom:container-muxer-webm: aa71ff27fc2769a1b78a27578f13a17b -> 
  custom:video-decoder-webm-vp8: 9c59270c3fd7afecdb556c50c9e8de78 -> 
  custom:SearchIndexIgnoredProperties: e643bd26f0fe6173181afceb89e7c659 -> 
  custom:AudioImporter_EditorPlatform: d09bf68614088b80899f8185d706f6e7 -> 
  custom:scripting/monoscript/fileName/NewSceneTemplatePipeline.cs: b6f58a58324aadcdeb2ef714546683e7 -> 
  custom:scripting/monoscript/fileName/CursorState.cs: d9334e78ca93c8a76e4ffabba9acbc96 -> 18edcf0e60018a5a6aafd91b55f4838d
  custom:video-encoder-webm-vp8: eb34c28f22e8b96e1ab97ce403110664 -> 
  custom:audio-decoder-ogg-vorbis: bf7c407c2cedff20999df2af8eb42d56 -> 
  custom:scripting/monoscript/fileName/SoundPlayer.cs: 475d88b9df1544d8382efdce1bccce36 -> de8f3d4c96b446794089a8747c7618fc
  custom:scripting/monoscript/fileName/RotateGun.cs: 990b299e558ef4062b64873ad76f8048 -> eb2e4494e6808171dca4a2e27cab19b6
  custom:audio-encoder-webm-vorbis: bf7c407c2cedff20999df2af8eb42d56 -> 
  custom:scripting/monoscript/fileName/GameRespawn.cs: 4e16be644a2a6965abf6e4d660a3f3d9 -> de38c5bfa9c430c63979501321be442e
  custom:scripting/monoscript/fileName/Outline.cs: 09c84349353572281e22293c31aa1a93 -> 5cc4e1f72e41e12efce0db8381204c45
  custom:scripting/precompiled-assembly-types:Assembly-CSharp: 83acc3865680cbb5ffc18739c17f64c4 -> 9983f0a47bdcc277d42b44322341aebe
========================================================================
Received Import Request.
  Time since last request: 10.787334 seconds.
  path: Assets/Player Container.prefab
  artifactKey: Guid(7aa40a2a23553f34c965051ef4a33b84) Importer(815301076,1909f56bfc062723c751e8b465ee728b)
Start importing Assets/Player Container.prefab using Guid(7aa40a2a23553f34c965051ef4a33b84) Importer(815301076,1909f56bfc062723c751e8b465ee728b) [PhysX] Initialized MultithreadedTaskDispatcher with 12 workers.
[PhysX] Initialized MultithreadedTaskDispatcher with 12 workers.
 -> (artifact id: 'fee2e353cb6bee1f3bf13faf5dba465c') in 0.048696 seconds
Number of updated asset objects reloaded before import = 0
Number of asset objects unloaded after import = 45
========================================================================
Received Import Request.
  Time since last request: 5.868511 seconds.
  path: Assets/Textures
  artifactKey: Guid(f2b11ecb84cf90047ad7c9117f16a7e4) Importer(815301076,1909f56bfc062723c751e8b465ee728b)
Start importing Assets/Textures using Guid(f2b11ecb84cf90047ad7c9117f16a7e4) Importer(815301076,1909f56bfc062723c751e8b465ee728b) [PhysX] Initialized MultithreadedTaskDispatcher with 12 workers.
 -> (artifact id: '1028f3a4461338fc5562e811cebaff62') in 0.000688 seconds
Number of updated asset objects reloaded before import = 0
Number of asset objects unloaded after import = 0
========================================================================
Received Import Request.
  Time since last request: 25.234925 seconds.
  path: Assets/scripts/Player/GrapplingGun.cs
  artifactKey: Guid(9c34889dce478bc4789ca0c92f10178c) Importer(815301076,1909f56bfc062723c751e8b465ee728b)
Start importing Assets/scripts/Player/GrapplingGun.cs using Guid(9c34889dce478bc4789ca0c92f10178c) Importer(815301076,1909f56bfc062723c751e8b465ee728b) [PhysX] Initialized MultithreadedTaskDispatcher with 12 workers.
 -> (artifact id: '87a8275727fac75b07423868dc2b28af') in 0.000444 seconds
Number of updated asset objects reloaded before import = 0
Number of asset objects unloaded after import = 0
========================================================================
Received Import Request.
  Time since last request: 0.278804 seconds.
  path: Assets/scripts/Player/MoveCamera.cs
  artifactKey: Guid(5ece1743d7bcffa439bcbeaa33c8833b) Importer(815301076,1909f56bfc062723c751e8b465ee728b)
Start importing Assets/scripts/Player/MoveCamera.cs using Guid(5ece1743d7bcffa439bcbeaa33c8833b) Importer(815301076,1909f56bfc062723c751e8b465ee728b) [PhysX] Initialized MultithreadedTaskDispatcher with 12 workers.
 -> (artifact id: '3ec8dc719a623b256a229fc7301470c7') in 0.000552 seconds
Number of updated asset objects reloaded before import = 0
Number of asset objects unloaded after import = 0
========================================================================
Received Import Request.
  Time since last request: 1.247705 seconds.
  path: Assets/scripts/Player/PlayerControllerScript.cs
  artifactKey: Guid(7302d799ff5cf4a4a8bff5e8bfcd9ae6) Importer(815301076,1909f56bfc062723c751e8b465ee728b)
Start importing Assets/scripts/Player/PlayerControllerScript.cs using Guid(7302d799ff5cf4a4a8bff5e8bfcd9ae6) Importer(815301076,1909f56bfc062723c751e8b465ee728b) [PhysX] Initialized MultithreadedTaskDispatcher with 12 workers.
 -> (artifact id: '882c85119d630db929d0fdb73b0b02ca') in 0.000535 seconds
Number of updated asset objects reloaded before import = 0
Number of asset objects unloaded after import = 0
========================================================================
Received Prepare
Caller must complete domain reload
Begin MonoManager ReloadAssembly
- Loaded All Assemblies, in  0.725 seconds
Native extension for WindowsStandalone target not found
Mono: successfully reloaded assembly
- Finished resetting the current domain, in  1.791 seconds
Domain Reload Profiling: 2511ms
	BeginReloadAssembly (207ms)
		ExecutionOrderSort (0ms)
		DisableScriptedObjects (8ms)
		BackupInstance (0ms)
		ReleaseScriptingObjects (0ms)
		CreateAndSetChildDomain (40ms)
	RebuildCommonClasses (39ms)
	RebuildNativeTypeToScriptingClass (13ms)
	initialDomainReloadingComplete (36ms)
	LoadAllAssembliesAndSetupDomain (424ms)
		LoadAssemblies (410ms)
		RebuildTransferFunctionScriptingTraits (0ms)
		AnalyzeDomain (129ms)
			TypeCache.Refresh (10ms)
				TypeCache.ScanAssembly (0ms)
			ScanForSourceGeneratedMonoScriptInfo (101ms)
			ResolveRequiredComponents (12ms)
	FinalizeReload (1792ms)
		ReleaseScriptCaches (0ms)
		RebuildScriptCaches (0ms)
		SetupLoadedEditorAssemblies (445ms)
			LogAssemblyErrors (0ms)
			InitializePlatformSupportModulesInManaged (7ms)
			SetLoadedEditorAssemblies (4ms)
			RefreshPlugins (0ms)
			BeforeProcessingInitializeOnLoad (89ms)
			ProcessInitializeOnLoadAttributes (265ms)
			ProcessInitializeOnLoadMethodAttributes (71ms)
			AfterProcessingInitializeOnLoad (8ms)
			EditorAssembliesLoaded (0ms)
		ExecutionOrderSort2 (0ms)
		AwakeInstancesAfterBackupRestoration (8ms)
Refreshing native plugins compatible for Editor in 7.95 ms, found 3 plugins.
Preloading 0 native plugins for Editor in 0.00 ms.
Unloading 5274 Unused Serialized files (Serialized files now loaded: 0)
Unloading 24 unused Assets / (0.7 MB). Loaded Objects now: 5971.
Memory consumption went from 193.1 MB to 192.4 MB.
Total: 3.206800 ms (FindLiveObjects: 0.321400 ms CreateObjectMapping: 0.256500 ms MarkObjects: 2.326100 ms  DeleteObjects: 0.302100 ms)

Prepare: number of updated asset objects reloaded= 0
AssetImportParameters requested are different than current active one (requested -> active):
  custom:scripting/monoscript/fileName/PlayerControllerScript.cs: 611bee229e14d5c3cba5401576a48eca -> ac72a1ef68dfff9f45e5d291debc57b5
  custom:container-demuxer-ogg: 62fdf1f143b41e24485cea50d1cbac27 -> 
  custom:scripting/monoscript/fileName/Menu.cs: 0e1575f508e60d6d9d2287980b1e9d59 -> 6a6b6f10406332b78ded19ddc96541c7
  custom:video-codec-MediaFoundation-h265: 746d11721c4dcdbdad8f713fa42b33f4 -> 
  custom:video-decoder-ogg-theora: a1e56fd34408186e4bbccfd4996cb3dc -> 
  custom:scripting/monoscript/fileName/gameQuit.cs: 381d941fd2788eebf77d8cb6f70ef3c2 -> 7382bf7b61ded40b83716f0378898bfe
  custom:framework-win-MediaFoundation: 216162199b28c13a410421893ffa2e32 -> 
  custom:scripting/monoscript/fileName/nextscene.cs: 71d4e97111f2ccfb6469eaa5c15852fd -> 7f36a7078f337f359827de0bfa973d17
  custom:scripting/monoscript/fileName/MoveCamera.cs: 0ba2c6a4ff0b26c3b5d913ad712bdbcf -> 4cac7d10977ef19e1f3dcb198cffecc9
  custom:scripting/monoscript/fileName/GrapplingGun.cs: c6f63c2bc0100b9f6daba303de7e6391 -> 77176f16d51127b7327ebe60da444b1b
  custom:CustomObjectIndexerAttribute: 72b91833f83ae208fae7752999fa3104 -> 
  custom:container-demuxer-webm: 4f35f7cbe854078d1ac9338744f61a02 -> 
  custom:container-muxer-webm: aa71ff27fc2769a1b78a27578f13a17b -> 
  custom:video-decoder-webm-vp8: 9c59270c3fd7afecdb556c50c9e8de78 -> 
  custom:SearchIndexIgnoredProperties: e643bd26f0fe6173181afceb89e7c659 -> 
  custom:AudioImporter_EditorPlatform: d09bf68614088b80899f8185d706f6e7 -> 
  custom:scripting/monoscript/fileName/NewSceneTemplatePipeline.cs: b6f58a58324aadcdeb2ef714546683e7 -> 
  custom:scripting/monoscript/fileName/CursorState.cs: d9334e78ca93c8a76e4ffabba9acbc96 -> 18edcf0e60018a5a6aafd91b55f4838d
  custom:video-encoder-webm-vp8: eb34c28f22e8b96e1ab97ce403110664 -> 
  custom:audio-decoder-ogg-vorbis: bf7c407c2cedff20999df2af8eb42d56 -> 
  custom:scripting/monoscript/fileName/SoundPlayer.cs: 475d88b9df1544d8382efdce1bccce36 -> de8f3d4c96b446794089a8747c7618fc
  custom:scripting/monoscript/fileName/RotateGun.cs: 990b299e558ef4062b64873ad76f8048 -> eb2e4494e6808171dca4a2e27cab19b6
  custom:audio-encoder-webm-vorbis: bf7c407c2cedff20999df2af8eb42d56 -> 
  custom:scripting/monoscript/fileName/GameRespawn.cs: 4e16be644a2a6965abf6e4d660a3f3d9 -> de38c5bfa9c430c63979501321be442e
  custom:scripting/monoscript/fileName/Outline.cs: 09c84349353572281e22293c31aa1a93 -> 5cc4e1f72e41e12efce0db8381204c45
  custom:scripting/precompiled-assembly-types:Assembly-CSharp: a3f8337d572177ee1a555098e6070d0d -> 9983f0a47bdcc277d42b44322341aebe
========================================================================
Received Import Request.
  Time since last request: 513.115216 seconds.
  path: Assets/scripts/Player/PlayerControllerScript.cs
  artifactKey: Guid(7302d799ff5cf4a4a8bff5e8bfcd9ae6) Importer(815301076,1909f56bfc062723c751e8b465ee728b)
Start importing Assets/scripts/Player/PlayerControllerScript.cs using Guid(7302d799ff5cf4a4a8bff5e8bfcd9ae6) Importer(815301076,1909f56bfc062723c751e8b465ee728b) [PhysX] Initialized MultithreadedTaskDispatcher with 12 workers.
 -> (artifact id: '8efb892f32380cc771343764c3cde69f') in 0.001876 seconds
Number of updated asset objects reloaded before import = 0
Number of asset objects unloaded after import = 0
========================================================================
Received Import Request.
  Time since last request: 0.518980 seconds.
  path: Assets/scripts/Player/GameRespawn.cs
  artifactKey: Guid(8e3e97e2ec582a547a9569b0d1dc7c30) Importer(815301076,1909f56bfc062723c751e8b465ee728b)
Start importing Assets/scripts/Player/GameRespawn.cs using Guid(8e3e97e2ec582a547a9569b0d1dc7c30) Importer(815301076,1909f56bfc062723c751e8b465ee728b) [PhysX] Initialized MultithreadedTaskDispatcher with 12 workers.
 -> (artifact id: '6adf12b04b1c7137c86fdf9bc78accb9') in 0.000552 seconds
Number of updated asset objects reloaded before import = 0
Number of asset objects unloaded after import = 0
========================================================================
Received Import Request.
  Time since last request: 11.131092 seconds.
  path: Assets/scripts/Player/RotateGun.cs
  artifactKey: Guid(74fec76ccc83cd9488f9b2cea579b2fc) Importer(815301076,1909f56bfc062723c751e8b465ee728b)
Start importing Assets/scripts/Player/RotateGun.cs using Guid(74fec76ccc83cd9488f9b2cea579b2fc) Importer(815301076,1909f56bfc062723c751e8b465ee728b) [PhysX] Initialized MultithreadedTaskDispatcher with 12 workers.
 -> (artifact id: '8a720b77db585bc092c976fe8cff7d56') in 0.000481 seconds
Number of updated asset objects reloaded before import = 0
Number of asset objects unloaded after import = 0
========================================================================
Received Import Request.
  Time since last request: 37.264549 seconds.
  path: Assets/Scenes/Basic Movement
  artifactKey: Guid(f05f1fb04f6fbbb4cb795cd420c594d3) Importer(815301076,1909f56bfc062723c751e8b465ee728b)
Start importing Assets/Scenes/Basic Movement using Guid(f05f1fb04f6fbbb4cb795cd420c594d3) Importer(815301076,1909f56bfc062723c751e8b465ee728b) [PhysX] Initialized MultithreadedTaskDispatcher with 12 workers.
 -> (artifact id: '274c529b410107c92325d725de3547b2') in 0.000430 seconds
Number of updated asset objects reloaded before import = 0
Number of asset objects unloaded after import = 0
========================================================================
Received Import Request.
  Time since last request: 1.817029 seconds.
  path: Assets/Scenes/Level1.unity
  artifactKey: Guid(b553dd0cb22a94b49aa8faba9a449662) Importer(815301076,1909f56bfc062723c751e8b465ee728b)
Start importing Assets/Scenes/Level1.unity using Guid(b553dd0cb22a94b49aa8faba9a449662) Importer(815301076,1909f56bfc062723c751e8b465ee728b) [PhysX] Initialized MultithreadedTaskDispatcher with 12 workers.
 -> (artifact id: '7a972f1883ab481126c62d016d03061f') in 0.000598 seconds
Number of updated asset objects reloaded before import = 0
Number of asset objects unloaded after import = 0
========================================================================
Received Import Request.
  Time since last request: 7.081950 seconds.
  path: Assets/Scenes/Swinging
  artifactKey: Guid(335d47d587330ed4fa6028b6fbbc9fb5) Importer(815301076,1909f56bfc062723c751e8b465ee728b)
Start importing Assets/Scenes/Swinging using Guid(335d47d587330ed4fa6028b6fbbc9fb5) Importer(815301076,1909f56bfc062723c751e8b465ee728b) [PhysX] Initialized MultithreadedTaskDispatcher with 12 workers.
 -> (artifact id: '8ffb344c950610bb8c77caaa0a22d459') in 0.001094 seconds
Number of updated asset objects reloaded before import = 0
Number of asset objects unloaded after import = 0
========================================================================
Received Import Request.
  Time since last request: 1.952283 seconds.
  path: Assets/Scenes/Level5.unity
  artifactKey: Guid(72d3a48354206f34d9847b428fabb7e6) Importer(815301076,1909f56bfc062723c751e8b465ee728b)
Start importing Assets/Scenes/Level5.unity using Guid(72d3a48354206f34d9847b428fabb7e6) Importer(815301076,1909f56bfc062723c751e8b465ee728b) [PhysX] Initialized MultithreadedTaskDispatcher with 12 workers.
 -> (artifact id: '29f93c24d6453c2d8efc86f97f146cd2') in 0.000484 seconds
Number of updated asset objects reloaded before import = 0
Number of asset objects unloaded after import = 0
========================================================================
Received Import Request.
  Time since last request: 13.630944 seconds.
  path: Assets/Scenes/Wall Movement
  artifactKey: Guid(7d8544a6b608b4d4ab88aa6b5afc581b) Importer(815301076,1909f56bfc062723c751e8b465ee728b)
Start importing Assets/Scenes/Wall Movement using Guid(7d8544a6b608b4d4ab88aa6b5afc581b) Importer(815301076,1909f56bfc062723c751e8b465ee728b) [PhysX] Initialized MultithreadedTaskDispatcher with 12 workers.
 -> (artifact id: '071890a563306c50c1b7693131ff1bdb') in 0.000434 seconds
Number of updated asset objects reloaded before import = 0
Number of asset objects unloaded after import = 0
========================================================================
Received Import Request.
  Time since last request: 1.583489 seconds.
  path: Assets/Scenes/Level7.unity
  artifactKey: Guid(70dc6346b694b664aabcba92efe943fd) Importer(815301076,1909f56bfc062723c751e8b465ee728b)
Start importing Assets/Scenes/Level7.unity using Guid(70dc6346b694b664aabcba92efe943fd) Importer(815301076,1909f56bfc062723c751e8b465ee728b) [PhysX] Initialized MultithreadedTaskDispatcher with 12 workers.
 -> (artifact id: '36bfefa7abba883807e2c17a2c55a455') in 0.000513 seconds
Number of updated asset objects reloaded before import = 0
Number of asset objects unloaded after import = 0
========================================================================
Received Import Request.
  Time since last request: 5.786975 seconds.
  path: Assets/Scenes/Menus
  artifactKey: Guid(c624271e9df7c2a4e82c71a52745fa7a) Importer(815301076,1909f56bfc062723c751e8b465ee728b)
Start importing Assets/Scenes/Menus using Guid(c624271e9df7c2a4e82c71a52745fa7a) Importer(815301076,1909f56bfc062723c751e8b465ee728b) [PhysX] Initialized MultithreadedTaskDispatcher with 12 workers.
 -> (artifact id: 'ddd88aaa33e58ff7be03f72519ab3473') in 0.000412 seconds
Number of updated asset objects reloaded before import = 0
Number of asset objects unloaded after import = 0
========================================================================
Received Import Request.
  Time since last request: 2.358104 seconds.
  path: Assets/Scenes/Menu.unity
  artifactKey: Guid(5e4cfc83f75cc1346ac613a1c8917927) Importer(815301076,1909f56bfc062723c751e8b465ee728b)
Start importing Assets/Scenes/Menu.unity using Guid(5e4cfc83f75cc1346ac613a1c8917927) Importer(815301076,1909f56bfc062723c751e8b465ee728b) [PhysX] Initialized MultithreadedTaskDispatcher with 12 workers.
 -> (artifact id: 'b21193adc8b58ad25e8ec13406ddf313') in 0.000448 seconds
Number of updated asset objects reloaded before import = 0
Number of asset objects unloaded after import = 0
========================================================================
Received Import Request.
  Time since last request: 2.377615 seconds.
  path: Assets/Scenes/Glow.unity
  artifactKey: Guid(bfc16fce9e23f9a498a5ba96a39f731f) Importer(815301076,1909f56bfc062723c751e8b465ee728b)
Start importing Assets/Scenes/Glow.unity using Guid(bfc16fce9e23f9a498a5ba96a39f731f) Importer(815301076,1909f56bfc062723c751e8b465ee728b) [PhysX] Initialized MultithreadedTaskDispatcher with 12 workers.
 -> (artifact id: 'd1518d47e4484fc623583532a1e8e1ee') in 0.000521 seconds
Number of updated asset objects reloaded before import = 0
Number of asset objects unloaded after import = 0
========================================================================
Received Import Request.
  Time since last request: 0.519730 seconds.
  path: Assets/Scenes/base assets.unity
  artifactKey: Guid(256a07945b284ab4c9befec2de1d9037) Importer(815301076,1909f56bfc062723c751e8b465ee728b)
Start importing Assets/Scenes/base assets.unity using Guid(256a07945b284ab4c9befec2de1d9037) Importer(815301076,1909f56bfc062723c751e8b465ee728b) [PhysX] Initialized MultithreadedTaskDispatcher with 12 workers.
 -> (artifact id: 'b2e9189b9e63acb43d4a7a37d1562398') in 0.000688 seconds
Number of updated asset objects reloaded before import = 0
Number of asset objects unloaded after import = 0
========================================================================
Received Import Request.
  Time since last request: 4.416931 seconds.
  path: Assets/Scenes/testing area.unity
  artifactKey: Guid(0e909f445d5db25439a073adaeeaf93c) Importer(815301076,1909f56bfc062723c751e8b465ee728b)
Start importing Assets/Scenes/testing area.unity using Guid(0e909f445d5db25439a073adaeeaf93c) Importer(815301076,1909f56bfc062723c751e8b465ee728b) [PhysX] Initialized MultithreadedTaskDispatcher with 12 workers.
 -> (artifact id: '1fff15f135979ef60b9ecf3c5ad517c4') in 0.000452 seconds
Number of updated asset objects reloaded before import = 0
Number of asset objects unloaded after import = 0
========================================================================
Received Import Request.
  Time since last request: 18.864173 seconds.
  path: Assets/Scenes/Example Scene.unity
  artifactKey: Guid(9cfe0805185524947a94a961e3a6506a) Importer(815301076,1909f56bfc062723c751e8b465ee728b)
Start importing Assets/Scenes/Example Scene.unity using Guid(9cfe0805185524947a94a961e3a6506a) Importer(815301076,1909f56bfc062723c751e8b465ee728b) [PhysX] Initialized MultithreadedTaskDispatcher with 12 workers.
 -> (artifact id: '7a9e301934677ba86ab16e365ceccafd') in 0.000769 seconds
Number of updated asset objects reloaded before import = 0
Number of asset objects unloaded after import = 0
========================================================================
Received Import Request.
  Time since last request: 6.815254 seconds.
  path: Assets/Scenes/SampleScene.unity
  artifactKey: Guid(9fc0d4010bbf28b4594072e72b8655ab) Importer(815301076,1909f56bfc062723c751e8b465ee728b)
Start importing Assets/Scenes/SampleScene.unity using Guid(9fc0d4010bbf28b4594072e72b8655ab) Importer(815301076,1909f56bfc062723c751e8b465ee728b) [PhysX] Initialized MultithreadedTaskDispatcher with 12 workers.
 -> (artifact id: '0062b0fb11d85a954729a9fd93acfe0f') in 0.001050 seconds
Number of updated asset objects reloaded before import = 0
Number of asset objects unloaded after import = 0
========================================================================
Received Import Request.
  Time since last request: 8.156153 seconds.
  path: Assets/Scenes/testing area.unity
  artifactKey: Guid(0e909f445d5db25439a073adaeeaf93c) Importer(815301076,1909f56bfc062723c751e8b465ee728b)
Start importing Assets/Scenes/testing area.unity using Guid(0e909f445d5db25439a073adaeeaf93c) Importer(815301076,1909f56bfc062723c751e8b465ee728b) [PhysX] Initialized MultithreadedTaskDispatcher with 12 workers.
 -> (artifact id: 'cca8d10fe914eca8e29bbf35539b029d') in 0.000612 seconds
Number of updated asset objects reloaded before import = 0
Number of asset objects unloaded after import = 0
========================================================================
Received Import Request.
  Time since last request: 41.523716 seconds.
  path: Assets/Scenes/Swinging/Level5.unity
  artifactKey: Guid(72d3a48354206f34d9847b428fabb7e6) Importer(815301076,1909f56bfc062723c751e8b465ee728b)
Start importing Assets/Scenes/Swinging/Level5.unity using Guid(72d3a48354206f34d9847b428fabb7e6) Importer(815301076,1909f56bfc062723c751e8b465ee728b) [PhysX] Initialized MultithreadedTaskDispatcher with 12 workers.
 -> (artifact id: '70a36c5a07a643f4d975126923138ac1') in 0.001565 seconds
Number of updated asset objects reloaded before import = 0
Number of asset objects unloaded after import = 0
========================================================================
Received Import Request.
  Time since last request: 3.820100 seconds.
  path: Assets/Scenes/Wall Movement/Level8.unity
  artifactKey: Guid(dc1b3fe0963cfce49bf294d21f836eb1) Importer(815301076,1909f56bfc062723c751e8b465ee728b)
Start importing Assets/Scenes/Wall Movement/Level8.unity using Guid(dc1b3fe0963cfce49bf294d21f836eb1) Importer(815301076,1909f56bfc062723c751e8b465ee728b) [PhysX] Initialized MultithreadedTaskDispatcher with 12 workers.
 -> (artifact id: '51235a3b95bb35d78abff14c70050dd8') in 0.000577 seconds
Number of updated asset objects reloaded before import = 0
Number of asset objects unloaded after import = 0
========================================================================
Received Import Request.
  Time since last request: 22.857507 seconds.
  path: Assets/Scenes/Wall Movement/Level9.unity
  artifactKey: Guid(221dfbfca5c47b14ba5fe0910182d7af) Importer(815301076,1909f56bfc062723c751e8b465ee728b)
Start importing Assets/Scenes/Wall Movement/Level9.unity using Guid(221dfbfca5c47b14ba5fe0910182d7af) Importer(815301076,1909f56bfc062723c751e8b465ee728b) [PhysX] Initialized MultithreadedTaskDispatcher with 12 workers.
 -> (artifact id: 'e432f2abfefd10e781d05b439dd7289e') in 0.000539 seconds
Number of updated asset objects reloaded before import = 0
Number of asset objects unloaded after import = 0
========================================================================
Received Import Request.
  Time since last request: 8.027572 seconds.
  path: Assets/Prefabs/Player Controller.prefab
  artifactKey: Guid(92d47fad1f15424438aa8f0d389d24cd) Importer(815301076,1909f56bfc062723c751e8b465ee728b)
Start importing Assets/Prefabs/Player Controller.prefab using Guid(92d47fad1f15424438aa8f0d389d24cd) Importer(815301076,1909f56bfc062723c751e8b465ee728b) [PhysX] Initialized MultithreadedTaskDispatcher with 12 workers.
[PhysX] Initialized MultithreadedTaskDispatcher with 12 workers.
 -> (artifact id: 'ba928b3b3c90c03b5d55ef09571d5b52') in 0.077691 seconds
Number of updated asset objects reloaded before import = 0
Number of asset objects unloaded after import = 78
========================================================================
Received Import Request.
  Time since last request: 19.762293 seconds.
  path: Assets/Scenes/Basic Movement/Level1.unity
  artifactKey: Guid(b553dd0cb22a94b49aa8faba9a449662) Importer(815301076,1909f56bfc062723c751e8b465ee728b)
Start importing Assets/Scenes/Basic Movement/Level1.unity using Guid(b553dd0cb22a94b49aa8faba9a449662) Importer(815301076,1909f56bfc062723c751e8b465ee728b) [PhysX] Initialized MultithreadedTaskDispatcher with 12 workers.
 -> (artifact id: '48dba6db390eae5d4e42be40f45903aa') in 0.000484 seconds
Number of updated asset objects reloaded before import = 0
Number of asset objects unloaded after import = 0
========================================================================
Received Import Request.
  Time since last request: 4.486588 seconds.
  path: Assets/Scenes/Basic Movement/Level3.unity
  artifactKey: Guid(82bca4d034f1a394d8dd22ca9f92391d) Importer(815301076,1909f56bfc062723c751e8b465ee728b)
Start importing Assets/Scenes/Basic Movement/Level3.unity using Guid(82bca4d034f1a394d8dd22ca9f92391d) Importer(815301076,1909f56bfc062723c751e8b465ee728b) [PhysX] Initialized MultithreadedTaskDispatcher with 12 workers.
 -> (artifact id: 'eb7b2511abe4d7d594a67cf395b61c4b') in 0.000609 seconds
Number of updated asset objects reloaded before import = 0
Number of asset objects unloaded after import = 0
========================================================================
Received Import Request.
  Time since last request: 73.635323 seconds.
  path: Assets/Scenes/Swinging/Level4.unity
  artifactKey: Guid(7dbb866c688a1f042854748b15994f04) Importer(815301076,1909f56bfc062723c751e8b465ee728b)
Start importing Assets/Scenes/Swinging/Level4.unity using Guid(7dbb866c688a1f042854748b15994f04) Importer(815301076,1909f56bfc062723c751e8b465ee728b) [PhysX] Initialized MultithreadedTaskDispatcher with 12 workers.
 -> (artifact id: '3c0b1ef504938053c1c37a258f5d563c') in 0.000670 seconds
Number of updated asset objects reloaded before import = 0
Number of asset objects unloaded after import = 0
========================================================================
Received Import Request.
  Time since last request: 41.215474 seconds.
  path: Assets/Scenes/Swinging/Level6.unity
  artifactKey: Guid(563a84878e199074382018f4dad577d4) Importer(815301076,1909f56bfc062723c751e8b465ee728b)
Start importing Assets/Scenes/Swinging/Level6.unity using Guid(563a84878e199074382018f4dad577d4) Importer(815301076,1909f56bfc062723c751e8b465ee728b) [PhysX] Initialized MultithreadedTaskDispatcher with 12 workers.
 -> (artifact id: '1d3c522c97224b4c8ebff80e2a232b9a') in 0.000776 seconds
Number of updated asset objects reloaded before import = 0
Number of asset objects unloaded after import = 0
========================================================================
Received Import Request.
  Time since last request: 28.799868 seconds.
  path: Assets/Scenes/Wall Movement/Level7.unity
  artifactKey: Guid(70dc6346b694b664aabcba92efe943fd) Importer(815301076,1909f56bfc062723c751e8b465ee728b)
Start importing Assets/Scenes/Wall Movement/Level7.unity using Guid(70dc6346b694b664aabcba92efe943fd) Importer(815301076,1909f56bfc062723c751e8b465ee728b) [PhysX] Initialized MultithreadedTaskDispatcher with 12 workers.
 -> (artifact id: '1e6fbfb494e95ef859b452854fe88b3a') in 0.000634 seconds
Number of updated asset objects reloaded before import = 0
Number of asset objects unloaded after import = 0
========================================================================
Received Import Request.
  Time since last request: 1.676548 seconds.
  path: Assets/Scenes/Wall Movement/Level8.unity
  artifactKey: Guid(dc1b3fe0963cfce49bf294d21f836eb1) Importer(815301076,1909f56bfc062723c751e8b465ee728b)
Start importing Assets/Scenes/Wall Movement/Level8.unity using Guid(dc1b3fe0963cfce49bf294d21f836eb1) Importer(815301076,1909f56bfc062723c751e8b465ee728b) [PhysX] Initialized MultithreadedTaskDispatcher with 12 workers.
 -> (artifact id: '767440f064e49e5958c3bd8d48a19c67') in 0.000706 seconds
Number of updated asset objects reloaded before import = 0
Number of asset objects unloaded after import = 0
========================================================================
Received Import Request.
  Time since last request: 2.173542 seconds.
  path: Assets/Scenes/Wall Movement/Level9.unity
  artifactKey: Guid(221dfbfca5c47b14ba5fe0910182d7af) Importer(815301076,1909f56bfc062723c751e8b465ee728b)
Start importing Assets/Scenes/Wall Movement/Level9.unity using Guid(221dfbfca5c47b14ba5fe0910182d7af) Importer(815301076,1909f56bfc062723c751e8b465ee728b) [PhysX] Initialized MultithreadedTaskDispatcher with 12 workers.
 -> (artifact id: '799c86451367fd935e6aab84e5c2ac51') in 0.000476 seconds
Number of updated asset objects reloaded before import = 0
Number of asset objects unloaded after import = 0
========================================================================
Received Prepare
Caller must complete domain reload
Begin MonoManager ReloadAssembly
- Loaded All Assemblies, in  0.618 seconds
Native extension for WindowsStandalone target not found
Mono: successfully reloaded assembly
- Finished resetting the current domain, in  2.971 seconds
Domain Reload Profiling: 3581ms
	BeginReloadAssembly (177ms)
		ExecutionOrderSort (0ms)
		DisableScriptedObjects (4ms)
		BackupInstance (0ms)
		ReleaseScriptingObjects (0ms)
		CreateAndSetChildDomain (36ms)
	RebuildCommonClasses (31ms)
	RebuildNativeTypeToScriptingClass (10ms)
	initialDomainReloadingComplete (34ms)
	LoadAllAssembliesAndSetupDomain (359ms)
		LoadAssemblies (442ms)
		RebuildTransferFunctionScriptingTraits (0ms)
		AnalyzeDomain (19ms)
			TypeCache.Refresh (5ms)
				TypeCache.ScanAssembly (0ms)
			ScanForSourceGeneratedMonoScriptInfo (0ms)
			ResolveRequiredComponents (10ms)
	FinalizeReload (2971ms)
		ReleaseScriptCaches (0ms)
		RebuildScriptCaches (0ms)
		SetupLoadedEditorAssemblies (591ms)
			LogAssemblyErrors (0ms)
			InitializePlatformSupportModulesInManaged (7ms)
			SetLoadedEditorAssemblies (7ms)
			RefreshPlugins (0ms)
			BeforeProcessingInitializeOnLoad (118ms)
			ProcessInitializeOnLoadAttributes (367ms)
			ProcessInitializeOnLoadMethodAttributes (82ms)
			AfterProcessingInitializeOnLoad (9ms)
			EditorAssembliesLoaded (0ms)
		ExecutionOrderSort2 (0ms)
		AwakeInstancesAfterBackupRestoration (8ms)
Refreshing native plugins compatible for Editor in 9.86 ms, found 3 plugins.
Preloading 0 native plugins for Editor in 0.00 ms.
Unloading 5274 Unused Serialized files (Serialized files now loaded: 0)
Unloading 24 unused Assets / (0.7 MB). Loaded Objects now: 5974.
Memory consumption went from 193.2 MB to 192.4 MB.
Total: 8.373000 ms (FindLiveObjects: 0.425400 ms CreateObjectMapping: 0.332100 ms MarkObjects: 6.653400 ms  DeleteObjects: 0.960600 ms)

Prepare: number of updated asset objects reloaded= 0
AssetImportParameters requested are different than current active one (requested -> active):
  custom:scripting/monoscript/fileName/PlayerControllerScript.cs: 611bee229e14d5c3cba5401576a48eca -> ac72a1ef68dfff9f45e5d291debc57b5
  custom:container-demuxer-ogg: 62fdf1f143b41e24485cea50d1cbac27 -> 
  custom:scripting/monoscript/fileName/Menu.cs: 0e1575f508e60d6d9d2287980b1e9d59 -> 6a6b6f10406332b78ded19ddc96541c7
  custom:video-codec-MediaFoundation-h265: 746d11721c4dcdbdad8f713fa42b33f4 -> 
  custom:video-decoder-ogg-theora: a1e56fd34408186e4bbccfd4996cb3dc -> 
  custom:scripting/monoscript/fileName/gameQuit.cs: 381d941fd2788eebf77d8cb6f70ef3c2 -> 7382bf7b61ded40b83716f0378898bfe
  custom:framework-win-MediaFoundation: 216162199b28c13a410421893ffa2e32 -> 
  custom:scripting/monoscript/fileName/nextscene.cs: 71d4e97111f2ccfb6469eaa5c15852fd -> 7f36a7078f337f359827de0bfa973d17
  custom:scripting/monoscript/fileName/MoveCamera.cs: 0ba2c6a4ff0b26c3b5d913ad712bdbcf -> 4cac7d10977ef19e1f3dcb198cffecc9
  custom:scripting/monoscript/fileName/GrapplingGun.cs: c6f63c2bc0100b9f6daba303de7e6391 -> 77176f16d51127b7327ebe60da444b1b
  custom:CustomObjectIndexerAttribute: 72b91833f83ae208fae7752999fa3104 -> 
  custom:container-demuxer-webm: 4f35f7cbe854078d1ac9338744f61a02 -> 
  custom:container-muxer-webm: aa71ff27fc2769a1b78a27578f13a17b -> 
  custom:video-decoder-webm-vp8: 9c59270c3fd7afecdb556c50c9e8de78 -> 
  custom:SearchIndexIgnoredProperties: e643bd26f0fe6173181afceb89e7c659 -> 
  custom:AudioImporter_EditorPlatform: d09bf68614088b80899f8185d706f6e7 -> 
  custom:scripting/monoscript/fileName/NewSceneTemplatePipeline.cs: b6f58a58324aadcdeb2ef714546683e7 -> 
  custom:scripting/monoscript/fileName/CursorState.cs: d9334e78ca93c8a76e4ffabba9acbc96 -> 18edcf0e60018a5a6aafd91b55f4838d
  custom:video-encoder-webm-vp8: eb34c28f22e8b96e1ab97ce403110664 -> 
  custom:audio-decoder-ogg-vorbis: bf7c407c2cedff20999df2af8eb42d56 -> 
  custom:scripting/monoscript/fileName/SoundPlayer.cs: 475d88b9df1544d8382efdce1bccce36 -> de8f3d4c96b446794089a8747c7618fc
  custom:scripting/monoscript/fileName/RotateGun.cs: 990b299e558ef4062b64873ad76f8048 -> eb2e4494e6808171dca4a2e27cab19b6
  custom:audio-encoder-webm-vorbis: bf7c407c2cedff20999df2af8eb42d56 -> 
  custom:scripting/monoscript/fileName/GameRespawn.cs: 4e16be644a2a6965abf6e4d660a3f3d9 -> de38c5bfa9c430c63979501321be442e
  custom:scripting/monoscript/fileName/Outline.cs: 09c84349353572281e22293c31aa1a93 -> 5cc4e1f72e41e12efce0db8381204c45
  custom:scripting/precompiled-assembly-types:Assembly-CSharp: a3f8337d572177ee1a555098e6070d0d -> 9983f0a47bdcc277d42b44322341aebe
========================================================================
Received Prepare
Caller must complete domain reload
Begin MonoManager ReloadAssembly
- Loaded All Assemblies, in  0.532 seconds
Native extension for WindowsStandalone target not found
Mono: successfully reloaded assembly
- Finished resetting the current domain, in  2.123 seconds
Domain Reload Profiling: 2651ms
	BeginReloadAssembly (160ms)
		ExecutionOrderSort (0ms)
		DisableScriptedObjects (4ms)
		BackupInstance (0ms)
		ReleaseScriptingObjects (0ms)
		CreateAndSetChildDomain (31ms)
	RebuildCommonClasses (31ms)
	RebuildNativeTypeToScriptingClass (9ms)
	initialDomainReloadingComplete (33ms)
	LoadAllAssembliesAndSetupDomain (296ms)
		LoadAssemblies (365ms)
		RebuildTransferFunctionScriptingTraits (0ms)
		AnalyzeDomain (16ms)
			TypeCache.Refresh (6ms)
				TypeCache.ScanAssembly (0ms)
			ScanForSourceGeneratedMonoScriptInfo (0ms)
			ResolveRequiredComponents (9ms)
	FinalizeReload (2123ms)
		ReleaseScriptCaches (0ms)
		RebuildScriptCaches (0ms)
		SetupLoadedEditorAssemblies (633ms)
			LogAssemblyErrors (0ms)
			InitializePlatformSupportModulesInManaged (31ms)
			SetLoadedEditorAssemblies (21ms)
			RefreshPlugins (0ms)
			BeforeProcessingInitializeOnLoad (125ms)
			ProcessInitializeOnLoadAttributes (357ms)
			ProcessInitializeOnLoadMethodAttributes (87ms)
			AfterProcessingInitializeOnLoad (11ms)
			EditorAssembliesLoaded (0ms)
		ExecutionOrderSort2 (0ms)
		AwakeInstancesAfterBackupRestoration (9ms)
Refreshing native plugins compatible for Editor in 8.98 ms, found 3 plugins.
Preloading 0 native plugins for Editor in 0.00 ms.
Unloading 5275 Unused Serialized files (Serialized files now loaded: 0)
Unloading 24 unused Assets / (0.7 MB). Loaded Objects now: 5977.
Memory consumption went from 193.4 MB to 192.7 MB.
Total: 3.780100 ms (FindLiveObjects: 0.406000 ms CreateObjectMapping: 0.288600 ms MarkObjects: 2.584500 ms  DeleteObjects: 0.500000 ms)

Prepare: number of updated asset objects reloaded= 0
AssetImportParameters requested are different than current active one (requested -> active):
  custom:scripting/monoscript/fileName/PlayerControllerScript.cs: 611bee229e14d5c3cba5401576a48eca -> ac72a1ef68dfff9f45e5d291debc57b5
  custom:container-demuxer-ogg: 62fdf1f143b41e24485cea50d1cbac27 -> 
  custom:scripting/monoscript/fileName/Menu.cs: 0e1575f508e60d6d9d2287980b1e9d59 -> 6a6b6f10406332b78ded19ddc96541c7
  custom:video-codec-MediaFoundation-h265: 746d11721c4dcdbdad8f713fa42b33f4 -> 
  custom:video-decoder-ogg-theora: a1e56fd34408186e4bbccfd4996cb3dc -> 
  custom:scripting/monoscript/fileName/gameQuit.cs: 381d941fd2788eebf77d8cb6f70ef3c2 -> 7382bf7b61ded40b83716f0378898bfe
  custom:framework-win-MediaFoundation: 216162199b28c13a410421893ffa2e32 -> 
  custom:scripting/monoscript/fileName/nextscene.cs: 71d4e97111f2ccfb6469eaa5c15852fd -> 7f36a7078f337f359827de0bfa973d17
  custom:scripting/monoscript/fileName/MoveCamera.cs: 0ba2c6a4ff0b26c3b5d913ad712bdbcf -> 4cac7d10977ef19e1f3dcb198cffecc9
  custom:scripting/monoscript/fileName/GrapplingGun.cs: c6f63c2bc0100b9f6daba303de7e6391 -> 77176f16d51127b7327ebe60da444b1b
  custom:CustomObjectIndexerAttribute: 72b91833f83ae208fae7752999fa3104 -> 
  custom:container-demuxer-webm: 4f35f7cbe854078d1ac9338744f61a02 -> 
  custom:container-muxer-webm: aa71ff27fc2769a1b78a27578f13a17b -> 
  custom:video-decoder-webm-vp8: 9c59270c3fd7afecdb556c50c9e8de78 -> 
  custom:SearchIndexIgnoredProperties: e643bd26f0fe6173181afceb89e7c659 -> 
  custom:AudioImporter_EditorPlatform: d09bf68614088b80899f8185d706f6e7 -> 
  custom:scripting/monoscript/fileName/NewSceneTemplatePipeline.cs: b6f58a58324aadcdeb2ef714546683e7 -> 
  custom:scripting/monoscript/fileName/CursorState.cs: d9334e78ca93c8a76e4ffabba9acbc96 -> 18edcf0e60018a5a6aafd91b55f4838d
  custom:video-encoder-webm-vp8: eb34c28f22e8b96e1ab97ce403110664 -> 
  custom:audio-decoder-ogg-vorbis: bf7c407c2cedff20999df2af8eb42d56 -> 
  custom:scripting/monoscript/fileName/SoundPlayer.cs: 475d88b9df1544d8382efdce1bccce36 -> de8f3d4c96b446794089a8747c7618fc
  custom:scripting/monoscript/fileName/RotateGun.cs: 990b299e558ef4062b64873ad76f8048 -> eb2e4494e6808171dca4a2e27cab19b6
  custom:audio-encoder-webm-vorbis: bf7c407c2cedff20999df2af8eb42d56 -> 
  custom:scripting/monoscript/fileName/GameRespawn.cs: 4e16be644a2a6965abf6e4d660a3f3d9 -> de38c5bfa9c430c63979501321be442e
  custom:scripting/monoscript/fileName/Outline.cs: 09c84349353572281e22293c31aa1a93 -> 5cc4e1f72e41e12efce0db8381204c45
  custom:scripting/precompiled-assembly-types:Assembly-CSharp: a3f8337d572177ee1a555098e6070d0d -> 9983f0a47bdcc277d42b44322341aebe
========================================================================
Received Import Request.
  Time since last request: 163.366721 seconds.
  path: Assets/Scenes/Swinging/Level4.unity
  artifactKey: Guid(7dbb866c688a1f042854748b15994f04) Importer(815301076,1909f56bfc062723c751e8b465ee728b)
Start importing Assets/Scenes/Swinging/Level4.unity using Guid(7dbb866c688a1f042854748b15994f04) Importer(815301076,1909f56bfc062723c751e8b465ee728b) [PhysX] Initialized MultithreadedTaskDispatcher with 12 workers.
 -> (artifact id: 'ab0b4a5b1a046368e7503c5557532a52') in 0.001512 seconds
Number of updated asset objects reloaded before import = 0
Number of asset objects unloaded after import = 0
========================================================================
Received Import Request.
  Time since last request: 8.553625 seconds.
  path: Assets/Scenes/Wall Movement/Level9.unity
  artifactKey: Guid(221dfbfca5c47b14ba5fe0910182d7af) Importer(815301076,1909f56bfc062723c751e8b465ee728b)
Start importing Assets/Scenes/Wall Movement/Level9.unity using Guid(221dfbfca5c47b14ba5fe0910182d7af) Importer(815301076,1909f56bfc062723c751e8b465ee728b) [PhysX] Initialized MultithreadedTaskDispatcher with 12 workers.
 -> (artifact id: '88b599500cbdf2f2d5d6969512b3494b') in 0.000520 seconds
Number of updated asset objects reloaded before import = 0
Number of asset objects unloaded after import = 0
========================================================================
Received Prepare
Caller must complete domain reload
Begin MonoManager ReloadAssembly
- Loaded All Assemblies, in  0.541 seconds
Native extension for WindowsStandalone target not found
Mono: successfully reloaded assembly
- Finished resetting the current domain, in  1.932 seconds
Domain Reload Profiling: 2468ms
	BeginReloadAssembly (177ms)
		ExecutionOrderSort (0ms)
		DisableScriptedObjects (3ms)
		BackupInstance (0ms)
		ReleaseScriptingObjects (0ms)
		CreateAndSetChildDomain (38ms)
	RebuildCommonClasses (36ms)
	RebuildNativeTypeToScriptingClass (9ms)
	initialDomainReloadingComplete (37ms)
	LoadAllAssembliesAndSetupDomain (278ms)
		LoadAssemblies (357ms)
		RebuildTransferFunctionScriptingTraits (0ms)
		AnalyzeDomain (20ms)
			TypeCache.Refresh (5ms)
				TypeCache.ScanAssembly (0ms)
			ScanForSourceGeneratedMonoScriptInfo (0ms)
			ResolveRequiredComponents (13ms)
	FinalizeReload (1932ms)
		ReleaseScriptCaches (0ms)
		RebuildScriptCaches (0ms)
		SetupLoadedEditorAssemblies (539ms)
			LogAssemblyErrors (0ms)
			InitializePlatformSupportModulesInManaged (8ms)
			SetLoadedEditorAssemblies (5ms)
			RefreshPlugins (0ms)
			BeforeProcessingInitializeOnLoad (94ms)
			ProcessInitializeOnLoadAttributes (318ms)
			ProcessInitializeOnLoadMethodAttributes (103ms)
			AfterProcessingInitializeOnLoad (11ms)
			EditorAssembliesLoaded (0ms)
		ExecutionOrderSort2 (0ms)
		AwakeInstancesAfterBackupRestoration (11ms)
Refreshing native plugins compatible for Editor in 46.20 ms, found 3 plugins.
Preloading 0 native plugins for Editor in 0.00 ms.
Unloading 5274 Unused Serialized files (Serialized files now loaded: 0)
Unloading 24 unused Assets / (0.7 MB). Loaded Objects now: 5980.
Memory consumption went from 193.2 MB to 192.4 MB.
Total: 3.407900 ms (FindLiveObjects: 0.357900 ms CreateObjectMapping: 0.299400 ms MarkObjects: 2.415600 ms  DeleteObjects: 0.334200 ms)

Prepare: number of updated asset objects reloaded= 0
AssetImportParameters requested are different than current active one (requested -> active):
  custom:scripting/monoscript/fileName/PlayerControllerScript.cs: 611bee229e14d5c3cba5401576a48eca -> ac72a1ef68dfff9f45e5d291debc57b5
  custom:container-demuxer-ogg: 62fdf1f143b41e24485cea50d1cbac27 -> 
  custom:scripting/monoscript/fileName/Menu.cs: 0e1575f508e60d6d9d2287980b1e9d59 -> 6a6b6f10406332b78ded19ddc96541c7
  custom:video-codec-MediaFoundation-h265: 746d11721c4dcdbdad8f713fa42b33f4 -> 
  custom:video-decoder-ogg-theora: a1e56fd34408186e4bbccfd4996cb3dc -> 
  custom:scripting/monoscript/fileName/gameQuit.cs: 381d941fd2788eebf77d8cb6f70ef3c2 -> 7382bf7b61ded40b83716f0378898bfe
  custom:framework-win-MediaFoundation: 216162199b28c13a410421893ffa2e32 -> 
  custom:scripting/monoscript/fileName/nextscene.cs: 71d4e97111f2ccfb6469eaa5c15852fd -> 7f36a7078f337f359827de0bfa973d17
  custom:scripting/monoscript/fileName/MoveCamera.cs: 0ba2c6a4ff0b26c3b5d913ad712bdbcf -> 4cac7d10977ef19e1f3dcb198cffecc9
  custom:scripting/monoscript/fileName/GrapplingGun.cs: c6f63c2bc0100b9f6daba303de7e6391 -> 77176f16d51127b7327ebe60da444b1b
  custom:CustomObjectIndexerAttribute: 72b91833f83ae208fae7752999fa3104 -> 
  custom:container-demuxer-webm: 4f35f7cbe854078d1ac9338744f61a02 -> 
  custom:container-muxer-webm: aa71ff27fc2769a1b78a27578f13a17b -> 
  custom:video-decoder-webm-vp8: 9c59270c3fd7afecdb556c50c9e8de78 -> 
  custom:SearchIndexIgnoredProperties: e643bd26f0fe6173181afceb89e7c659 -> 
  custom:AudioImporter_EditorPlatform: d09bf68614088b80899f8185d706f6e7 -> 
  custom:scripting/monoscript/fileName/NewSceneTemplatePipeline.cs: b6f58a58324aadcdeb2ef714546683e7 -> 
  custom:scripting/monoscript/fileName/CursorState.cs: d9334e78ca93c8a76e4ffabba9acbc96 -> 18edcf0e60018a5a6aafd91b55f4838d
  custom:video-encoder-webm-vp8: eb34c28f22e8b96e1ab97ce403110664 -> 
  custom:audio-decoder-ogg-vorbis: bf7c407c2cedff20999df2af8eb42d56 -> 
  custom:scripting/monoscript/fileName/SoundPlayer.cs: 475d88b9df1544d8382efdce1bccce36 -> de8f3d4c96b446794089a8747c7618fc
  custom:scripting/monoscript/fileName/RotateGun.cs: 990b299e558ef4062b64873ad76f8048 -> eb2e4494e6808171dca4a2e27cab19b6
  custom:audio-encoder-webm-vorbis: bf7c407c2cedff20999df2af8eb42d56 -> 
  custom:scripting/monoscript/fileName/GameRespawn.cs: 4e16be644a2a6965abf6e4d660a3f3d9 -> de38c5bfa9c430c63979501321be442e
  custom:scripting/monoscript/fileName/Outline.cs: 09c84349353572281e22293c31aa1a93 -> 5cc4e1f72e41e12efce0db8381204c45
  custom:scripting/precompiled-assembly-types:Assembly-CSharp: a3f8337d572177ee1a555098e6070d0d -> 9983f0a47bdcc277d42b44322341aebe
========================================================================
Received Prepare
Caller must complete domain reload
Begin MonoManager ReloadAssembly
- Loaded All Assemblies, in  0.598 seconds
Native extension for WindowsStandalone target not found
Mono: successfully reloaded assembly
- Finished resetting the current domain, in  1.795 seconds
Domain Reload Profiling: 2388ms
	BeginReloadAssembly (171ms)
		ExecutionOrderSort (0ms)
		DisableScriptedObjects (5ms)
		BackupInstance (0ms)
		ReleaseScriptingObjects (0ms)
		CreateAndSetChildDomain (32ms)
	RebuildCommonClasses (36ms)
	RebuildNativeTypeToScriptingClass (9ms)
	initialDomainReloadingComplete (38ms)
	LoadAllAssembliesAndSetupDomain (339ms)
		LoadAssemblies (415ms)
		RebuildTransferFunctionScriptingTraits (0ms)
		AnalyzeDomain (20ms)
			TypeCache.Refresh (5ms)
				TypeCache.ScanAssembly (0ms)
			ScanForSourceGeneratedMonoScriptInfo (0ms)
			ResolveRequiredComponents (13ms)
	FinalizeReload (1795ms)
		ReleaseScriptCaches (0ms)
		RebuildScriptCaches (0ms)
		SetupLoadedEditorAssemblies (468ms)
			LogAssemblyErrors (0ms)
			InitializePlatformSupportModulesInManaged (6ms)
			SetLoadedEditorAssemblies (5ms)
			RefreshPlugins (0ms)
			BeforeProcessingInitializeOnLoad (86ms)
			ProcessInitializeOnLoadAttributes (289ms)
			ProcessInitializeOnLoadMethodAttributes (73ms)
			AfterProcessingInitializeOnLoad (9ms)
			EditorAssembliesLoaded (0ms)
		ExecutionOrderSort2 (0ms)
		AwakeInstancesAfterBackupRestoration (8ms)
Refreshing native plugins compatible for Editor in 8.30 ms, found 3 plugins.
Preloading 0 native plugins for Editor in 0.00 ms.
Unloading 5275 Unused Serialized files (Serialized files now loaded: 0)
Unloading 24 unused Assets / (0.7 MB). Loaded Objects now: 5983.
Memory consumption went from 193.4 MB to 192.7 MB.
Total: 3.716700 ms (FindLiveObjects: 0.361500 ms CreateObjectMapping: 0.278100 ms MarkObjects: 2.754400 ms  DeleteObjects: 0.322100 ms)

Prepare: number of updated asset objects reloaded= 0
AssetImportParameters requested are different than current active one (requested -> active):
  custom:scripting/monoscript/fileName/PlayerControllerScript.cs: 611bee229e14d5c3cba5401576a48eca -> ac72a1ef68dfff9f45e5d291debc57b5
  custom:container-demuxer-ogg: 62fdf1f143b41e24485cea50d1cbac27 -> 
  custom:scripting/monoscript/fileName/Menu.cs: 0e1575f508e60d6d9d2287980b1e9d59 -> 6a6b6f10406332b78ded19ddc96541c7
  custom:video-codec-MediaFoundation-h265: 746d11721c4dcdbdad8f713fa42b33f4 -> 
  custom:video-decoder-ogg-theora: a1e56fd34408186e4bbccfd4996cb3dc -> 
  custom:scripting/monoscript/fileName/gameQuit.cs: 381d941fd2788eebf77d8cb6f70ef3c2 -> 7382bf7b61ded40b83716f0378898bfe
  custom:framework-win-MediaFoundation: 216162199b28c13a410421893ffa2e32 -> 
  custom:scripting/monoscript/fileName/nextscene.cs: 71d4e97111f2ccfb6469eaa5c15852fd -> 7f36a7078f337f359827de0bfa973d17
  custom:scripting/monoscript/fileName/MoveCamera.cs: 0ba2c6a4ff0b26c3b5d913ad712bdbcf -> 4cac7d10977ef19e1f3dcb198cffecc9
  custom:scripting/monoscript/fileName/GrapplingGun.cs: c6f63c2bc0100b9f6daba303de7e6391 -> 77176f16d51127b7327ebe60da444b1b
  custom:CustomObjectIndexerAttribute: 72b91833f83ae208fae7752999fa3104 -> 
  custom:container-demuxer-webm: 4f35f7cbe854078d1ac9338744f61a02 -> 
  custom:container-muxer-webm: aa71ff27fc2769a1b78a27578f13a17b -> 
  custom:video-decoder-webm-vp8: 9c59270c3fd7afecdb556c50c9e8de78 -> 
  custom:SearchIndexIgnoredProperties: e643bd26f0fe6173181afceb89e7c659 -> 
  custom:AudioImporter_EditorPlatform: d09bf68614088b80899f8185d706f6e7 -> 
  custom:scripting/monoscript/fileName/NewSceneTemplatePipeline.cs: b6f58a58324aadcdeb2ef714546683e7 -> 
  custom:scripting/monoscript/fileName/CursorState.cs: d9334e78ca93c8a76e4ffabba9acbc96 -> 18edcf0e60018a5a6aafd91b55f4838d
  custom:video-encoder-webm-vp8: eb34c28f22e8b96e1ab97ce403110664 -> 
  custom:audio-decoder-ogg-vorbis: bf7c407c2cedff20999df2af8eb42d56 -> 
  custom:scripting/monoscript/fileName/SoundPlayer.cs: 475d88b9df1544d8382efdce1bccce36 -> de8f3d4c96b446794089a8747c7618fc
  custom:scripting/monoscript/fileName/RotateGun.cs: 990b299e558ef4062b64873ad76f8048 -> eb2e4494e6808171dca4a2e27cab19b6
  custom:audio-encoder-webm-vorbis: bf7c407c2cedff20999df2af8eb42d56 -> 
  custom:scripting/monoscript/fileName/GameRespawn.cs: 4e16be644a2a6965abf6e4d660a3f3d9 -> de38c5bfa9c430c63979501321be442e
  custom:scripting/monoscript/fileName/Outline.cs: 09c84349353572281e22293c31aa1a93 -> 5cc4e1f72e41e12efce0db8381204c45
  custom:scripting/precompiled-assembly-types:Assembly-CSharp: a3f8337d572177ee1a555098e6070d0d -> 9983f0a47bdcc277d42b44322341aebe
========================================================================
Received Prepare
Caller must complete domain reload
Begin MonoManager ReloadAssembly
- Loaded All Assemblies, in  0.543 seconds
Native extension for WindowsStandalone target not found
Mono: successfully reloaded assembly
- Finished resetting the current domain, in  1.813 seconds
Domain Reload Profiling: 2352ms
	BeginReloadAssembly (169ms)
		ExecutionOrderSort (0ms)
		DisableScriptedObjects (4ms)
		BackupInstance (0ms)
		ReleaseScriptingObjects (0ms)
		CreateAndSetChildDomain (32ms)
	RebuildCommonClasses (33ms)
	RebuildNativeTypeToScriptingClass (9ms)
	initialDomainReloadingComplete (33ms)
	LoadAllAssembliesAndSetupDomain (295ms)
		LoadAssemblies (370ms)
		RebuildTransferFunctionScriptingTraits (0ms)
		AnalyzeDomain (19ms)
			TypeCache.Refresh (7ms)
				TypeCache.ScanAssembly (0ms)
			ScanForSourceGeneratedMonoScriptInfo (0ms)
			ResolveRequiredComponents (9ms)
	FinalizeReload (1813ms)
		ReleaseScriptCaches (0ms)
		RebuildScriptCaches (0ms)
		SetupLoadedEditorAssemblies (490ms)
			LogAssemblyErrors (0ms)
			InitializePlatformSupportModulesInManaged (10ms)
			SetLoadedEditorAssemblies (5ms)
			RefreshPlugins (0ms)
			BeforeProcessingInitializeOnLoad (88ms)
			ProcessInitializeOnLoadAttributes (299ms)
			ProcessInitializeOnLoadMethodAttributes (78ms)
			AfterProcessingInitializeOnLoad (10ms)
			EditorAssembliesLoaded (0ms)
		ExecutionOrderSort2 (0ms)
		AwakeInstancesAfterBackupRestoration (7ms)
Refreshing native plugins compatible for Editor in 7.87 ms, found 3 plugins.
Preloading 0 native plugins for Editor in 0.00 ms.
Unloading 5275 Unused Serialized files (Serialized files now loaded: 0)
Unloading 24 unused Assets / (0.7 MB). Loaded Objects now: 5986.
Memory consumption went from 193.4 MB to 192.7 MB.
Total: 3.624500 ms (FindLiveObjects: 0.362700 ms CreateObjectMapping: 0.276500 ms MarkObjects: 2.648700 ms  DeleteObjects: 0.335900 ms)

Prepare: number of updated asset objects reloaded= 0
AssetImportParameters requested are different than current active one (requested -> active):
  custom:scripting/monoscript/fileName/PlayerControllerScript.cs: 611bee229e14d5c3cba5401576a48eca -> ac72a1ef68dfff9f45e5d291debc57b5
  custom:container-demuxer-ogg: 62fdf1f143b41e24485cea50d1cbac27 -> 
  custom:scripting/monoscript/fileName/Menu.cs: 0e1575f508e60d6d9d2287980b1e9d59 -> 6a6b6f10406332b78ded19ddc96541c7
  custom:video-codec-MediaFoundation-h265: 746d11721c4dcdbdad8f713fa42b33f4 -> 
  custom:video-decoder-ogg-theora: a1e56fd34408186e4bbccfd4996cb3dc -> 
  custom:scripting/monoscript/fileName/gameQuit.cs: 381d941fd2788eebf77d8cb6f70ef3c2 -> 7382bf7b61ded40b83716f0378898bfe
  custom:framework-win-MediaFoundation: 216162199b28c13a410421893ffa2e32 -> 
  custom:scripting/monoscript/fileName/nextscene.cs: 71d4e97111f2ccfb6469eaa5c15852fd -> 7f36a7078f337f359827de0bfa973d17
  custom:scripting/monoscript/fileName/MoveCamera.cs: 0ba2c6a4ff0b26c3b5d913ad712bdbcf -> 4cac7d10977ef19e1f3dcb198cffecc9
  custom:scripting/monoscript/fileName/GrapplingGun.cs: c6f63c2bc0100b9f6daba303de7e6391 -> 77176f16d51127b7327ebe60da444b1b
  custom:CustomObjectIndexerAttribute: 72b91833f83ae208fae7752999fa3104 -> 
  custom:container-demuxer-webm: 4f35f7cbe854078d1ac9338744f61a02 -> 
  custom:container-muxer-webm: aa71ff27fc2769a1b78a27578f13a17b -> 
  custom:video-decoder-webm-vp8: 9c59270c3fd7afecdb556c50c9e8de78 -> 
  custom:SearchIndexIgnoredProperties: e643bd26f0fe6173181afceb89e7c659 -> 
  custom:AudioImporter_EditorPlatform: d09bf68614088b80899f8185d706f6e7 -> 
  custom:scripting/monoscript/fileName/NewSceneTemplatePipeline.cs: b6f58a58324aadcdeb2ef714546683e7 -> 
  custom:scripting/monoscript/fileName/CursorState.cs: d9334e78ca93c8a76e4ffabba9acbc96 -> 18edcf0e60018a5a6aafd91b55f4838d
  custom:video-encoder-webm-vp8: eb34c28f22e8b96e1ab97ce403110664 -> 
  custom:audio-decoder-ogg-vorbis: bf7c407c2cedff20999df2af8eb42d56 -> 
  custom:scripting/monoscript/fileName/SoundPlayer.cs: 475d88b9df1544d8382efdce1bccce36 -> de8f3d4c96b446794089a8747c7618fc
  custom:scripting/monoscript/fileName/RotateGun.cs: 990b299e558ef4062b64873ad76f8048 -> eb2e4494e6808171dca4a2e27cab19b6
  custom:audio-encoder-webm-vorbis: bf7c407c2cedff20999df2af8eb42d56 -> 
  custom:scripting/monoscript/fileName/GameRespawn.cs: 4e16be644a2a6965abf6e4d660a3f3d9 -> de38c5bfa9c430c63979501321be442e
  custom:scripting/monoscript/fileName/Outline.cs: 09c84349353572281e22293c31aa1a93 -> 5cc4e1f72e41e12efce0db8381204c45
  custom:scripting/precompiled-assembly-types:Assembly-CSharp: a3f8337d572177ee1a555098e6070d0d -> 9983f0a47bdcc277d42b44322341aebe
========================================================================
Received Import Request.
  Time since last request: 70.973523 seconds.
  path: Assets/Scenes/Wall Movement/Level9.unity
  artifactKey: Guid(221dfbfca5c47b14ba5fe0910182d7af) Importer(815301076,1909f56bfc062723c751e8b465ee728b)
Start importing Assets/Scenes/Wall Movement/Level9.unity using Guid(221dfbfca5c47b14ba5fe0910182d7af) Importer(815301076,1909f56bfc062723c751e8b465ee728b) [PhysX] Initialized MultithreadedTaskDispatcher with 12 workers.
 -> (artifact id: 'e07e662ed743ffecc0d71f96aea48ff0') in 0.002012 seconds
Number of updated asset objects reloaded before import = 0
Number of asset objects unloaded after import = 0
========================================================================
Received Import Request.
  Time since last request: 4.442838 seconds.
  path: Assets/Scenes/Wall Movement/Level7.unity
  artifactKey: Guid(70dc6346b694b664aabcba92efe943fd) Importer(815301076,1909f56bfc062723c751e8b465ee728b)
Start importing Assets/Scenes/Wall Movement/Level7.unity using Guid(70dc6346b694b664aabcba92efe943fd) Importer(815301076,1909f56bfc062723c751e8b465ee728b) [PhysX] Initialized MultithreadedTaskDispatcher with 12 workers.
 -> (artifact id: '0043eb22e6c82791f0cfea0e2367a264') in 0.000632 seconds
Number of updated asset objects reloaded before import = 0
Number of asset objects unloaded after import = 0
========================================================================
Received Prepare
Caller must complete domain reload
Begin MonoManager ReloadAssembly
- Loaded All Assemblies, in  0.559 seconds
Native extension for WindowsStandalone target not found
Mono: successfully reloaded assembly
- Finished resetting the current domain, in  1.963 seconds
Domain Reload Profiling: 2518ms
	BeginReloadAssembly (169ms)
		ExecutionOrderSort (0ms)
		DisableScriptedObjects (3ms)
		BackupInstance (0ms)
		ReleaseScriptingObjects (0ms)
		CreateAndSetChildDomain (32ms)
	RebuildCommonClasses (35ms)
	RebuildNativeTypeToScriptingClass (8ms)
	initialDomainReloadingComplete (38ms)
	LoadAllAssembliesAndSetupDomain (304ms)
		LoadAssemblies (380ms)
		RebuildTransferFunctionScriptingTraits (0ms)
		AnalyzeDomain (21ms)
			TypeCache.Refresh (5ms)
				TypeCache.ScanAssembly (0ms)
			ScanForSourceGeneratedMonoScriptInfo (0ms)
			ResolveRequiredComponents (12ms)
	FinalizeReload (1963ms)
		ReleaseScriptCaches (0ms)
		RebuildScriptCaches (0ms)
		SetupLoadedEditorAssemblies (536ms)
			LogAssemblyErrors (0ms)
			InitializePlatformSupportModulesInManaged (7ms)
			SetLoadedEditorAssemblies (5ms)
			RefreshPlugins (0ms)
			BeforeProcessingInitializeOnLoad (102ms)
			ProcessInitializeOnLoadAttributes (336ms)
			ProcessInitializeOnLoadMethodAttributes (78ms)
			AfterProcessingInitializeOnLoad (9ms)
			EditorAssembliesLoaded (0ms)
		ExecutionOrderSort2 (0ms)
		AwakeInstancesAfterBackupRestoration (8ms)
Refreshing native plugins compatible for Editor in 10.39 ms, found 3 plugins.
Preloading 0 native plugins for Editor in 0.00 ms.
Unloading 5274 Unused Serialized files (Serialized files now loaded: 0)
Unloading 24 unused Assets / (0.7 MB). Loaded Objects now: 5989.
Memory consumption went from 193.2 MB to 192.4 MB.
Total: 4.230400 ms (FindLiveObjects: 0.556900 ms CreateObjectMapping: 0.343500 ms MarkObjects: 2.815600 ms  DeleteObjects: 0.513700 ms)

Prepare: number of updated asset objects reloaded= 0
AssetImportParameters requested are different than current active one (requested -> active):
  custom:scripting/monoscript/fileName/PlayerControllerScript.cs: 611bee229e14d5c3cba5401576a48eca -> ac72a1ef68dfff9f45e5d291debc57b5
  custom:container-demuxer-ogg: 62fdf1f143b41e24485cea50d1cbac27 -> 
  custom:scripting/monoscript/fileName/Menu.cs: 0e1575f508e60d6d9d2287980b1e9d59 -> 6a6b6f10406332b78ded19ddc96541c7
  custom:video-codec-MediaFoundation-h265: 746d11721c4dcdbdad8f713fa42b33f4 -> 
  custom:video-decoder-ogg-theora: a1e56fd34408186e4bbccfd4996cb3dc -> 
  custom:scripting/monoscript/fileName/gameQuit.cs: 381d941fd2788eebf77d8cb6f70ef3c2 -> 7382bf7b61ded40b83716f0378898bfe
  custom:framework-win-MediaFoundation: 216162199b28c13a410421893ffa2e32 -> 
  custom:scripting/monoscript/fileName/nextscene.cs: 71d4e97111f2ccfb6469eaa5c15852fd -> 7f36a7078f337f359827de0bfa973d17
  custom:scripting/monoscript/fileName/MoveCamera.cs: 0ba2c6a4ff0b26c3b5d913ad712bdbcf -> 4cac7d10977ef19e1f3dcb198cffecc9
  custom:scripting/monoscript/fileName/GrapplingGun.cs: c6f63c2bc0100b9f6daba303de7e6391 -> 77176f16d51127b7327ebe60da444b1b
  custom:CustomObjectIndexerAttribute: 72b91833f83ae208fae7752999fa3104 -> 
  custom:container-demuxer-webm: 4f35f7cbe854078d1ac9338744f61a02 -> 
  custom:container-muxer-webm: aa71ff27fc2769a1b78a27578f13a17b -> 
  custom:video-decoder-webm-vp8: 9c59270c3fd7afecdb556c50c9e8de78 -> 
  custom:SearchIndexIgnoredProperties: e643bd26f0fe6173181afceb89e7c659 -> 
  custom:AudioImporter_EditorPlatform: d09bf68614088b80899f8185d706f6e7 -> 
  custom:scripting/monoscript/fileName/NewSceneTemplatePipeline.cs: b6f58a58324aadcdeb2ef714546683e7 -> 
  custom:scripting/monoscript/fileName/CursorState.cs: d9334e78ca93c8a76e4ffabba9acbc96 -> 18edcf0e60018a5a6aafd91b55f4838d
  custom:video-encoder-webm-vp8: eb34c28f22e8b96e1ab97ce403110664 -> 
  custom:audio-decoder-ogg-vorbis: bf7c407c2cedff20999df2af8eb42d56 -> 
  custom:scripting/monoscript/fileName/SoundPlayer.cs: 475d88b9df1544d8382efdce1bccce36 -> de8f3d4c96b446794089a8747c7618fc
  custom:scripting/monoscript/fileName/RotateGun.cs: 990b299e558ef4062b64873ad76f8048 -> eb2e4494e6808171dca4a2e27cab19b6
  custom:audio-encoder-webm-vorbis: bf7c407c2cedff20999df2af8eb42d56 -> 
  custom:scripting/monoscript/fileName/GameRespawn.cs: 4e16be644a2a6965abf6e4d660a3f3d9 -> de38c5bfa9c430c63979501321be442e
  custom:scripting/monoscript/fileName/Outline.cs: 09c84349353572281e22293c31aa1a93 -> 5cc4e1f72e41e12efce0db8381204c45
  custom:scripting/precompiled-assembly-types:Assembly-CSharp: a3f8337d572177ee1a555098e6070d0d -> 9983f0a47bdcc277d42b44322341aebe
========================================================================
Received Prepare
Caller must complete domain reload
Begin MonoManager ReloadAssembly
- Loaded All Assemblies, in  0.577 seconds
Native extension for WindowsStandalone target not found
Mono: successfully reloaded assembly
- Finished resetting the current domain, in  1.955 seconds
Domain Reload Profiling: 2528ms
	BeginReloadAssembly (162ms)
		ExecutionOrderSort (0ms)
		DisableScriptedObjects (4ms)
		BackupInstance (0ms)
		ReleaseScriptingObjects (0ms)
		CreateAndSetChildDomain (32ms)
	RebuildCommonClasses (30ms)
	RebuildNativeTypeToScriptingClass (9ms)
	initialDomainReloadingComplete (31ms)
	LoadAllAssembliesAndSetupDomain (340ms)
		LoadAssemblies (402ms)
		RebuildTransferFunctionScriptingTraits (0ms)
		AnalyzeDomain (25ms)
			TypeCache.Refresh (9ms)
				TypeCache.ScanAssembly (0ms)
			ScanForSourceGeneratedMonoScriptInfo (0ms)
			ResolveRequiredComponents (13ms)
	FinalizeReload (1955ms)
		ReleaseScriptCaches (0ms)
		RebuildScriptCaches (0ms)
		SetupLoadedEditorAssemblies (537ms)
			LogAssemblyErrors (0ms)
			InitializePlatformSupportModulesInManaged (8ms)
			SetLoadedEditorAssemblies (6ms)
			RefreshPlugins (0ms)
			BeforeProcessingInitializeOnLoad (101ms)
			ProcessInitializeOnLoadAttributes (336ms)
			ProcessInitializeOnLoadMethodAttributes (76ms)
			AfterProcessingInitializeOnLoad (11ms)
			EditorAssembliesLoaded (0ms)
		ExecutionOrderSort2 (0ms)
		AwakeInstancesAfterBackupRestoration (8ms)
Refreshing native plugins compatible for Editor in 10.66 ms, found 3 plugins.
Preloading 0 native plugins for Editor in 0.00 ms.
Unloading 5275 Unused Serialized files (Serialized files now loaded: 0)
Unloading 24 unused Assets / (0.7 MB). Loaded Objects now: 5992.
Memory consumption went from 193.4 MB to 192.7 MB.
Total: 5.528300 ms (FindLiveObjects: 0.838100 ms CreateObjectMapping: 0.410200 ms MarkObjects: 3.797000 ms  DeleteObjects: 0.482200 ms)

Prepare: number of updated asset objects reloaded= 0
AssetImportParameters requested are different than current active one (requested -> active):
  custom:scripting/monoscript/fileName/PlayerControllerScript.cs: 611bee229e14d5c3cba5401576a48eca -> ac72a1ef68dfff9f45e5d291debc57b5
  custom:container-demuxer-ogg: 62fdf1f143b41e24485cea50d1cbac27 -> 
  custom:scripting/monoscript/fileName/Menu.cs: 0e1575f508e60d6d9d2287980b1e9d59 -> 6a6b6f10406332b78ded19ddc96541c7
  custom:video-codec-MediaFoundation-h265: 746d11721c4dcdbdad8f713fa42b33f4 -> 
  custom:video-decoder-ogg-theora: a1e56fd34408186e4bbccfd4996cb3dc -> 
  custom:scripting/monoscript/fileName/gameQuit.cs: 381d941fd2788eebf77d8cb6f70ef3c2 -> 7382bf7b61ded40b83716f0378898bfe
  custom:framework-win-MediaFoundation: 216162199b28c13a410421893ffa2e32 -> 
  custom:scripting/monoscript/fileName/nextscene.cs: 71d4e97111f2ccfb6469eaa5c15852fd -> 7f36a7078f337f359827de0bfa973d17
  custom:scripting/monoscript/fileName/MoveCamera.cs: 0ba2c6a4ff0b26c3b5d913ad712bdbcf -> 4cac7d10977ef19e1f3dcb198cffecc9
  custom:scripting/monoscript/fileName/GrapplingGun.cs: c6f63c2bc0100b9f6daba303de7e6391 -> 77176f16d51127b7327ebe60da444b1b
  custom:CustomObjectIndexerAttribute: 72b91833f83ae208fae7752999fa3104 -> 
  custom:container-demuxer-webm: 4f35f7cbe854078d1ac9338744f61a02 -> 
  custom:container-muxer-webm: aa71ff27fc2769a1b78a27578f13a17b -> 
  custom:video-decoder-webm-vp8: 9c59270c3fd7afecdb556c50c9e8de78 -> 
  custom:SearchIndexIgnoredProperties: e643bd26f0fe6173181afceb89e7c659 -> 
  custom:AudioImporter_EditorPlatform: d09bf68614088b80899f8185d706f6e7 -> 
  custom:scripting/monoscript/fileName/NewSceneTemplatePipeline.cs: b6f58a58324aadcdeb2ef714546683e7 -> 
  custom:scripting/monoscript/fileName/CursorState.cs: d9334e78ca93c8a76e4ffabba9acbc96 -> 18edcf0e60018a5a6aafd91b55f4838d
  custom:video-encoder-webm-vp8: eb34c28f22e8b96e1ab97ce403110664 -> 
  custom:audio-decoder-ogg-vorbis: bf7c407c2cedff20999df2af8eb42d56 -> 
  custom:scripting/monoscript/fileName/SoundPlayer.cs: 475d88b9df1544d8382efdce1bccce36 -> de8f3d4c96b446794089a8747c7618fc
  custom:scripting/monoscript/fileName/RotateGun.cs: 990b299e558ef4062b64873ad76f8048 -> eb2e4494e6808171dca4a2e27cab19b6
  custom:audio-encoder-webm-vorbis: bf7c407c2cedff20999df2af8eb42d56 -> 
  custom:scripting/monoscript/fileName/GameRespawn.cs: 4e16be644a2a6965abf6e4d660a3f3d9 -> de38c5bfa9c430c63979501321be442e
  custom:scripting/monoscript/fileName/Outline.cs: 09c84349353572281e22293c31aa1a93 -> 5cc4e1f72e41e12efce0db8381204c45
  custom:scripting/precompiled-assembly-types:Assembly-CSharp: a3f8337d572177ee1a555098e6070d0d -> 9983f0a47bdcc277d42b44322341aebe
========================================================================
Received Prepare
Caller must complete domain reload
Begin MonoManager ReloadAssembly
- Loaded All Assemblies, in  0.538 seconds
Native extension for WindowsStandalone target not found
Mono: successfully reloaded assembly
- Finished resetting the current domain, in  1.982 seconds
Domain Reload Profiling: 2514ms
	BeginReloadAssembly (161ms)
		ExecutionOrderSort (0ms)
		DisableScriptedObjects (4ms)
		BackupInstance (0ms)
		ReleaseScriptingObjects (0ms)
		CreateAndSetChildDomain (31ms)
	RebuildCommonClasses (30ms)
	RebuildNativeTypeToScriptingClass (9ms)
	initialDomainReloadingComplete (30ms)
	LoadAllAssembliesAndSetupDomain (301ms)
		LoadAssemblies (371ms)
		RebuildTransferFunctionScriptingTraits (0ms)
		AnalyzeDomain (21ms)
			TypeCache.Refresh (7ms)
				TypeCache.ScanAssembly (0ms)
			ScanForSourceGeneratedMonoScriptInfo (0ms)
			ResolveRequiredComponents (11ms)
	FinalizeReload (1982ms)
		ReleaseScriptCaches (0ms)
		RebuildScriptCaches (0ms)
		SetupLoadedEditorAssemblies (525ms)
			LogAssemblyErrors (0ms)
			InitializePlatformSupportModulesInManaged (11ms)
			SetLoadedEditorAssemblies (6ms)
			RefreshPlugins (0ms)
			BeforeProcessingInitializeOnLoad (97ms)
			ProcessInitializeOnLoadAttributes (322ms)
			ProcessInitializeOnLoadMethodAttributes (78ms)
			AfterProcessingInitializeOnLoad (11ms)
			EditorAssembliesLoaded (0ms)
		ExecutionOrderSort2 (0ms)
		AwakeInstancesAfterBackupRestoration (10ms)
Refreshing native plugins compatible for Editor in 10.16 ms, found 3 plugins.
Preloading 0 native plugins for Editor in 0.00 ms.
Unloading 5275 Unused Serialized files (Serialized files now loaded: 0)
Unloading 24 unused Assets / (0.7 MB). Loaded Objects now: 5995.
Memory consumption went from 193.4 MB to 192.7 MB.
Total: 3.727500 ms (FindLiveObjects: 0.351200 ms CreateObjectMapping: 0.276800 ms MarkObjects: 2.744900 ms  DeleteObjects: 0.354100 ms)

Prepare: number of updated asset objects reloaded= 0
AssetImportParameters requested are different than current active one (requested -> active):
  custom:scripting/monoscript/fileName/PlayerControllerScript.cs: 611bee229e14d5c3cba5401576a48eca -> ac72a1ef68dfff9f45e5d291debc57b5
  custom:container-demuxer-ogg: 62fdf1f143b41e24485cea50d1cbac27 -> 
  custom:scripting/monoscript/fileName/Menu.cs: 0e1575f508e60d6d9d2287980b1e9d59 -> 6a6b6f10406332b78ded19ddc96541c7
  custom:video-codec-MediaFoundation-h265: 746d11721c4dcdbdad8f713fa42b33f4 -> 
  custom:video-decoder-ogg-theora: a1e56fd34408186e4bbccfd4996cb3dc -> 
  custom:scripting/monoscript/fileName/gameQuit.cs: 381d941fd2788eebf77d8cb6f70ef3c2 -> 7382bf7b61ded40b83716f0378898bfe
  custom:framework-win-MediaFoundation: 216162199b28c13a410421893ffa2e32 -> 
  custom:scripting/monoscript/fileName/nextscene.cs: 71d4e97111f2ccfb6469eaa5c15852fd -> 7f36a7078f337f359827de0bfa973d17
  custom:scripting/monoscript/fileName/MoveCamera.cs: 0ba2c6a4ff0b26c3b5d913ad712bdbcf -> 4cac7d10977ef19e1f3dcb198cffecc9
  custom:scripting/monoscript/fileName/GrapplingGun.cs: c6f63c2bc0100b9f6daba303de7e6391 -> 77176f16d51127b7327ebe60da444b1b
  custom:CustomObjectIndexerAttribute: 72b91833f83ae208fae7752999fa3104 -> 
  custom:container-demuxer-webm: 4f35f7cbe854078d1ac9338744f61a02 -> 
  custom:container-muxer-webm: aa71ff27fc2769a1b78a27578f13a17b -> 
  custom:video-decoder-webm-vp8: 9c59270c3fd7afecdb556c50c9e8de78 -> 
  custom:SearchIndexIgnoredProperties: e643bd26f0fe6173181afceb89e7c659 -> 
  custom:AudioImporter_EditorPlatform: d09bf68614088b80899f8185d706f6e7 -> 
  custom:scripting/monoscript/fileName/NewSceneTemplatePipeline.cs: b6f58a58324aadcdeb2ef714546683e7 -> 
  custom:scripting/monoscript/fileName/CursorState.cs: d9334e78ca93c8a76e4ffabba9acbc96 -> 18edcf0e60018a5a6aafd91b55f4838d
  custom:video-encoder-webm-vp8: eb34c28f22e8b96e1ab97ce403110664 -> 
  custom:audio-decoder-ogg-vorbis: bf7c407c2cedff20999df2af8eb42d56 -> 
  custom:scripting/monoscript/fileName/SoundPlayer.cs: 475d88b9df1544d8382efdce1bccce36 -> de8f3d4c96b446794089a8747c7618fc
  custom:scripting/monoscript/fileName/RotateGun.cs: 990b299e558ef4062b64873ad76f8048 -> eb2e4494e6808171dca4a2e27cab19b6
  custom:audio-encoder-webm-vorbis: bf7c407c2cedff20999df2af8eb42d56 -> 
  custom:scripting/monoscript/fileName/GameRespawn.cs: 4e16be644a2a6965abf6e4d660a3f3d9 -> de38c5bfa9c430c63979501321be442e
  custom:scripting/monoscript/fileName/Outline.cs: 09c84349353572281e22293c31aa1a93 -> 5cc4e1f72e41e12efce0db8381204c45
  custom:scripting/precompiled-assembly-types:Assembly-CSharp: a3f8337d572177ee1a555098e6070d0d -> 9983f0a47bdcc277d42b44322341aebe
========================================================================
Received Prepare
Caller must complete domain reload
Begin MonoManager ReloadAssembly
- Loaded All Assemblies, in  0.573 seconds
Native extension for WindowsStandalone target not found
Mono: successfully reloaded assembly
- Finished resetting the current domain, in  1.933 seconds
Domain Reload Profiling: 2502ms
	BeginReloadAssembly (174ms)
		ExecutionOrderSort (0ms)
		DisableScriptedObjects (5ms)
		BackupInstance (0ms)
		ReleaseScriptingObjects (0ms)
		CreateAndSetChildDomain (34ms)
	RebuildCommonClasses (34ms)
	RebuildNativeTypeToScriptingClass (10ms)
	initialDomainReloadingComplete (33ms)
	LoadAllAssembliesAndSetupDomain (319ms)
		LoadAssemblies (401ms)
		RebuildTransferFunctionScriptingTraits (0ms)
		AnalyzeDomain (19ms)
			TypeCache.Refresh (5ms)
				TypeCache.ScanAssembly (0ms)
			ScanForSourceGeneratedMonoScriptInfo (0ms)
			ResolveRequiredComponents (12ms)
	FinalizeReload (1933ms)
		ReleaseScriptCaches (0ms)
		RebuildScriptCaches (0ms)
		SetupLoadedEditorAssemblies (525ms)
			LogAssemblyErrors (0ms)
			InitializePlatformSupportModulesInManaged (7ms)
			SetLoadedEditorAssemblies (5ms)
			RefreshPlugins (0ms)
			BeforeProcessingInitializeOnLoad (99ms)
			ProcessInitializeOnLoadAttributes (326ms)
			ProcessInitializeOnLoadMethodAttributes (79ms)
			AfterProcessingInitializeOnLoad (9ms)
			EditorAssembliesLoaded (0ms)
		ExecutionOrderSort2 (0ms)
		AwakeInstancesAfterBackupRestoration (9ms)
Refreshing native plugins compatible for Editor in 8.21 ms, found 3 plugins.
Preloading 0 native plugins for Editor in 0.00 ms.
Unloading 5275 Unused Serialized files (Serialized files now loaded: 0)
Unloading 24 unused Assets / (0.7 MB). Loaded Objects now: 5998.
Memory consumption went from 193.4 MB to 192.7 MB.
Total: 3.805900 ms (FindLiveObjects: 0.372100 ms CreateObjectMapping: 0.321400 ms MarkObjects: 2.774300 ms  DeleteObjects: 0.337300 ms)

Prepare: number of updated asset objects reloaded= 0
AssetImportParameters requested are different than current active one (requested -> active):
  custom:scripting/monoscript/fileName/PlayerControllerScript.cs: 611bee229e14d5c3cba5401576a48eca -> ac72a1ef68dfff9f45e5d291debc57b5
  custom:container-demuxer-ogg: 62fdf1f143b41e24485cea50d1cbac27 -> 
  custom:scripting/monoscript/fileName/Menu.cs: 0e1575f508e60d6d9d2287980b1e9d59 -> 6a6b6f10406332b78ded19ddc96541c7
  custom:video-codec-MediaFoundation-h265: 746d11721c4dcdbdad8f713fa42b33f4 -> 
  custom:video-decoder-ogg-theora: a1e56fd34408186e4bbccfd4996cb3dc -> 
  custom:scripting/monoscript/fileName/gameQuit.cs: 381d941fd2788eebf77d8cb6f70ef3c2 -> 7382bf7b61ded40b83716f0378898bfe
  custom:framework-win-MediaFoundation: 216162199b28c13a410421893ffa2e32 -> 
  custom:scripting/monoscript/fileName/nextscene.cs: 71d4e97111f2ccfb6469eaa5c15852fd -> 7f36a7078f337f359827de0bfa973d17
  custom:scripting/monoscript/fileName/MoveCamera.cs: 0ba2c6a4ff0b26c3b5d913ad712bdbcf -> 4cac7d10977ef19e1f3dcb198cffecc9
  custom:scripting/monoscript/fileName/GrapplingGun.cs: c6f63c2bc0100b9f6daba303de7e6391 -> 77176f16d51127b7327ebe60da444b1b
  custom:CustomObjectIndexerAttribute: 72b91833f83ae208fae7752999fa3104 -> 
  custom:container-demuxer-webm: 4f35f7cbe854078d1ac9338744f61a02 -> 
  custom:container-muxer-webm: aa71ff27fc2769a1b78a27578f13a17b -> 
  custom:video-decoder-webm-vp8: 9c59270c3fd7afecdb556c50c9e8de78 -> 
  custom:SearchIndexIgnoredProperties: e643bd26f0fe6173181afceb89e7c659 -> 
  custom:AudioImporter_EditorPlatform: d09bf68614088b80899f8185d706f6e7 -> 
  custom:scripting/monoscript/fileName/NewSceneTemplatePipeline.cs: b6f58a58324aadcdeb2ef714546683e7 -> 
  custom:scripting/monoscript/fileName/CursorState.cs: d9334e78ca93c8a76e4ffabba9acbc96 -> 18edcf0e60018a5a6aafd91b55f4838d
  custom:video-encoder-webm-vp8: eb34c28f22e8b96e1ab97ce403110664 -> 
  custom:audio-decoder-ogg-vorbis: bf7c407c2cedff20999df2af8eb42d56 -> 
  custom:scripting/monoscript/fileName/SoundPlayer.cs: 475d88b9df1544d8382efdce1bccce36 -> de8f3d4c96b446794089a8747c7618fc
  custom:scripting/monoscript/fileName/RotateGun.cs: 990b299e558ef4062b64873ad76f8048 -> eb2e4494e6808171dca4a2e27cab19b6
  custom:audio-encoder-webm-vorbis: bf7c407c2cedff20999df2af8eb42d56 -> 
  custom:scripting/monoscript/fileName/GameRespawn.cs: 4e16be644a2a6965abf6e4d660a3f3d9 -> de38c5bfa9c430c63979501321be442e
  custom:scripting/monoscript/fileName/Outline.cs: 09c84349353572281e22293c31aa1a93 -> 5cc4e1f72e41e12efce0db8381204c45
  custom:scripting/precompiled-assembly-types:Assembly-CSharp: a3f8337d572177ee1a555098e6070d0d -> 9983f0a47bdcc277d42b44322341aebe
========================================================================
Received Import Request.
  Time since last request: 162.499527 seconds.
  path: Assets/Scenes/Terrain.asset
  artifactKey: Guid(6d2c880000501e14ba3cd8fe84874a93) Importer(815301076,1909f56bfc062723c751e8b465ee728b)
Start importing Assets/Scenes/Terrain.asset using Guid(6d2c880000501e14ba3cd8fe84874a93) Importer(815301076,1909f56bfc062723c751e8b465ee728b) [PhysX] Initialized MultithreadedTaskDispatcher with 12 workers.
 -> (artifact id: '93a8f7a9340fd7e85c1241a24c4daeb4') in 0.014753 seconds
Number of updated asset objects reloaded before import = 0
Number of asset objects unloaded after import = 1
========================================================================
Received Import Request.
  Time since last request: 2.399267 seconds.
  path: Assets/Scenes/Example Scene.unity
  artifactKey: Guid(9cfe0805185524947a94a961e3a6506a) Importer(815301076,1909f56bfc062723c751e8b465ee728b)
Start importing Assets/Scenes/Example Scene.unity using Guid(9cfe0805185524947a94a961e3a6506a) Importer(815301076,1909f56bfc062723c751e8b465ee728b) [PhysX] Initialized MultithreadedTaskDispatcher with 12 workers.
 -> (artifact id: '71dbbdead0ecc6eb67241048dd1fba38') in 0.000528 seconds
Number of updated asset objects reloaded before import = 0
Number of asset objects unloaded after import = 0
========================================================================
Received Prepare
Caller must complete domain reload
Begin MonoManager ReloadAssembly
- Loaded All Assemblies, in  0.541 seconds
Native extension for WindowsStandalone target not found
Mono: successfully reloaded assembly
- Finished resetting the current domain, in  1.807 seconds
Domain Reload Profiling: 2344ms
	BeginReloadAssembly (170ms)
		ExecutionOrderSort (0ms)
		DisableScriptedObjects (4ms)
		BackupInstance (0ms)
		ReleaseScriptingObjects (0ms)
		CreateAndSetChildDomain (33ms)
	RebuildCommonClasses (35ms)
	RebuildNativeTypeToScriptingClass (11ms)
	initialDomainReloadingComplete (37ms)
	LoadAllAssembliesAndSetupDomain (284ms)
		LoadAssemblies (366ms)
		RebuildTransferFunctionScriptingTraits (0ms)
		AnalyzeDomain (17ms)
			TypeCache.Refresh (5ms)
				TypeCache.ScanAssembly (0ms)
			ScanForSourceGeneratedMonoScriptInfo (0ms)
			ResolveRequiredComponents (10ms)
	FinalizeReload (1808ms)
		ReleaseScriptCaches (0ms)
		RebuildScriptCaches (0ms)
		SetupLoadedEditorAssemblies (524ms)
			LogAssemblyErrors (0ms)
			InitializePlatformSupportModulesInManaged (6ms)
			SetLoadedEditorAssemblies (4ms)
			RefreshPlugins (0ms)
			BeforeProcessingInitializeOnLoad (96ms)
			ProcessInitializeOnLoadAttributes (326ms)
			ProcessInitializeOnLoadMethodAttributes (83ms)
			AfterProcessingInitializeOnLoad (9ms)
			EditorAssembliesLoaded (0ms)
		ExecutionOrderSort2 (0ms)
		AwakeInstancesAfterBackupRestoration (8ms)
Refreshing native plugins compatible for Editor in 8.88 ms, found 3 plugins.
Preloading 0 native plugins for Editor in 0.00 ms.
Unloading 5274 Unused Serialized files (Serialized files now loaded: 0)
Unloading 24 unused Assets / (0.7 MB). Loaded Objects now: 6001.
Memory consumption went from 193.2 MB to 192.5 MB.
Total: 3.935000 ms (FindLiveObjects: 0.356700 ms CreateObjectMapping: 0.292200 ms MarkObjects: 2.962600 ms  DeleteObjects: 0.322700 ms)

Prepare: number of updated asset objects reloaded= 0
AssetImportParameters requested are different than current active one (requested -> active):
  custom:scripting/monoscript/fileName/PlayerControllerScript.cs: 611bee229e14d5c3cba5401576a48eca -> ac72a1ef68dfff9f45e5d291debc57b5
  custom:container-demuxer-ogg: 62fdf1f143b41e24485cea50d1cbac27 -> 
  custom:scripting/monoscript/fileName/Menu.cs: 0e1575f508e60d6d9d2287980b1e9d59 -> 6a6b6f10406332b78ded19ddc96541c7
  custom:video-codec-MediaFoundation-h265: 746d11721c4dcdbdad8f713fa42b33f4 -> 
  custom:video-decoder-ogg-theora: a1e56fd34408186e4bbccfd4996cb3dc -> 
  custom:scripting/monoscript/fileName/gameQuit.cs: 381d941fd2788eebf77d8cb6f70ef3c2 -> 7382bf7b61ded40b83716f0378898bfe
  custom:framework-win-MediaFoundation: 216162199b28c13a410421893ffa2e32 -> 
  custom:scripting/monoscript/fileName/nextscene.cs: 71d4e97111f2ccfb6469eaa5c15852fd -> 7f36a7078f337f359827de0bfa973d17
  custom:scripting/monoscript/fileName/MoveCamera.cs: 0ba2c6a4ff0b26c3b5d913ad712bdbcf -> 4cac7d10977ef19e1f3dcb198cffecc9
  custom:scripting/monoscript/fileName/GrapplingGun.cs: c6f63c2bc0100b9f6daba303de7e6391 -> 77176f16d51127b7327ebe60da444b1b
  custom:CustomObjectIndexerAttribute: 72b91833f83ae208fae7752999fa3104 -> 
  custom:container-demuxer-webm: 4f35f7cbe854078d1ac9338744f61a02 -> 
  custom:container-muxer-webm: aa71ff27fc2769a1b78a27578f13a17b -> 
  custom:video-decoder-webm-vp8: 9c59270c3fd7afecdb556c50c9e8de78 -> 
  custom:SearchIndexIgnoredProperties: e643bd26f0fe6173181afceb89e7c659 -> 
  custom:AudioImporter_EditorPlatform: d09bf68614088b80899f8185d706f6e7 -> 
  custom:scripting/monoscript/fileName/NewSceneTemplatePipeline.cs: b6f58a58324aadcdeb2ef714546683e7 -> 
  custom:scripting/monoscript/fileName/CursorState.cs: d9334e78ca93c8a76e4ffabba9acbc96 -> 18edcf0e60018a5a6aafd91b55f4838d
  custom:video-encoder-webm-vp8: eb34c28f22e8b96e1ab97ce403110664 -> 
  custom:audio-decoder-ogg-vorbis: bf7c407c2cedff20999df2af8eb42d56 -> 
  custom:scripting/monoscript/fileName/SoundPlayer.cs: 475d88b9df1544d8382efdce1bccce36 -> de8f3d4c96b446794089a8747c7618fc
  custom:scripting/monoscript/fileName/RotateGun.cs: 990b299e558ef4062b64873ad76f8048 -> eb2e4494e6808171dca4a2e27cab19b6
  custom:audio-encoder-webm-vorbis: bf7c407c2cedff20999df2af8eb42d56 -> 
  custom:scripting/monoscript/fileName/GameRespawn.cs: 4e16be644a2a6965abf6e4d660a3f3d9 -> de38c5bfa9c430c63979501321be442e
  custom:scripting/monoscript/fileName/Outline.cs: 09c84349353572281e22293c31aa1a93 -> 5cc4e1f72e41e12efce0db8381204c45
  custom:scripting/precompiled-assembly-types:Assembly-CSharp: a3f8337d572177ee1a555098e6070d0d -> 9983f0a47bdcc277d42b44322341aebe
========================================================================
Received Prepare
Caller must complete domain reload
Begin MonoManager ReloadAssembly
- Loaded All Assemblies, in  0.534 seconds
Native extension for WindowsStandalone target not found
Mono: successfully reloaded assembly
- Finished resetting the current domain, in  1.797 seconds
Domain Reload Profiling: 2328ms
	BeginReloadAssembly (162ms)
		ExecutionOrderSort (0ms)
		DisableScriptedObjects (4ms)
		BackupInstance (0ms)
		ReleaseScriptingObjects (0ms)
		CreateAndSetChildDomain (33ms)
	RebuildCommonClasses (30ms)
	RebuildNativeTypeToScriptingClass (9ms)
	initialDomainReloadingComplete (34ms)
	LoadAllAssembliesAndSetupDomain (295ms)
		LoadAssemblies (365ms)
		RebuildTransferFunctionScriptingTraits (0ms)
		AnalyzeDomain (16ms)
			TypeCache.Refresh (5ms)
				TypeCache.ScanAssembly (0ms)
			ScanForSourceGeneratedMonoScriptInfo (0ms)
			ResolveRequiredComponents (10ms)
	FinalizeReload (1797ms)
		ReleaseScriptCaches (0ms)
		RebuildScriptCaches (0ms)
		SetupLoadedEditorAssemblies (485ms)
			LogAssemblyErrors (0ms)
			InitializePlatformSupportModulesInManaged (7ms)
			SetLoadedEditorAssemblies (5ms)
			RefreshPlugins (0ms)
			BeforeProcessingInitializeOnLoad (82ms)
			ProcessInitializeOnLoadAttributes (303ms)
			ProcessInitializeOnLoadMethodAttributes (77ms)
			AfterProcessingInitializeOnLoad (9ms)
			EditorAssembliesLoaded (0ms)
		ExecutionOrderSort2 (0ms)
		AwakeInstancesAfterBackupRestoration (7ms)
Refreshing native plugins compatible for Editor in 8.61 ms, found 3 plugins.
Preloading 0 native plugins for Editor in 0.00 ms.
Unloading 5275 Unused Serialized files (Serialized files now loaded: 0)
Unloading 24 unused Assets / (0.7 MB). Loaded Objects now: 6004.
Memory consumption went from 193.5 MB to 192.7 MB.
Total: 3.301300 ms (FindLiveObjects: 0.341000 ms CreateObjectMapping: 0.268200 ms MarkObjects: 2.367700 ms  DeleteObjects: 0.323600 ms)

Prepare: number of updated asset objects reloaded= 0
AssetImportParameters requested are different than current active one (requested -> active):
  custom:scripting/monoscript/fileName/PlayerControllerScript.cs: 611bee229e14d5c3cba5401576a48eca -> ac72a1ef68dfff9f45e5d291debc57b5
  custom:container-demuxer-ogg: 62fdf1f143b41e24485cea50d1cbac27 -> 
  custom:scripting/monoscript/fileName/Menu.cs: 0e1575f508e60d6d9d2287980b1e9d59 -> 6a6b6f10406332b78ded19ddc96541c7
  custom:video-codec-MediaFoundation-h265: 746d11721c4dcdbdad8f713fa42b33f4 -> 
  custom:video-decoder-ogg-theora: a1e56fd34408186e4bbccfd4996cb3dc -> 
  custom:scripting/monoscript/fileName/gameQuit.cs: 381d941fd2788eebf77d8cb6f70ef3c2 -> 7382bf7b61ded40b83716f0378898bfe
  custom:framework-win-MediaFoundation: 216162199b28c13a410421893ffa2e32 -> 
  custom:scripting/monoscript/fileName/nextscene.cs: 71d4e97111f2ccfb6469eaa5c15852fd -> 7f36a7078f337f359827de0bfa973d17
  custom:scripting/monoscript/fileName/MoveCamera.cs: 0ba2c6a4ff0b26c3b5d913ad712bdbcf -> 4cac7d10977ef19e1f3dcb198cffecc9
  custom:scripting/monoscript/fileName/GrapplingGun.cs: c6f63c2bc0100b9f6daba303de7e6391 -> 77176f16d51127b7327ebe60da444b1b
  custom:CustomObjectIndexerAttribute: 72b91833f83ae208fae7752999fa3104 -> 
  custom:container-demuxer-webm: 4f35f7cbe854078d1ac9338744f61a02 -> 
  custom:container-muxer-webm: aa71ff27fc2769a1b78a27578f13a17b -> 
  custom:video-decoder-webm-vp8: 9c59270c3fd7afecdb556c50c9e8de78 -> 
  custom:SearchIndexIgnoredProperties: e643bd26f0fe6173181afceb89e7c659 -> 
  custom:AudioImporter_EditorPlatform: d09bf68614088b80899f8185d706f6e7 -> 
  custom:scripting/monoscript/fileName/NewSceneTemplatePipeline.cs: b6f58a58324aadcdeb2ef714546683e7 -> 
  custom:scripting/monoscript/fileName/CursorState.cs: d9334e78ca93c8a76e4ffabba9acbc96 -> 18edcf0e60018a5a6aafd91b55f4838d
  custom:video-encoder-webm-vp8: eb34c28f22e8b96e1ab97ce403110664 -> 
  custom:audio-decoder-ogg-vorbis: bf7c407c2cedff20999df2af8eb42d56 -> 
  custom:scripting/monoscript/fileName/SoundPlayer.cs: 475d88b9df1544d8382efdce1bccce36 -> de8f3d4c96b446794089a8747c7618fc
  custom:scripting/monoscript/fileName/RotateGun.cs: 990b299e558ef4062b64873ad76f8048 -> eb2e4494e6808171dca4a2e27cab19b6
  custom:audio-encoder-webm-vorbis: bf7c407c2cedff20999df2af8eb42d56 -> 
  custom:scripting/monoscript/fileName/GameRespawn.cs: 4e16be644a2a6965abf6e4d660a3f3d9 -> de38c5bfa9c430c63979501321be442e
  custom:scripting/monoscript/fileName/Outline.cs: 09c84349353572281e22293c31aa1a93 -> 5cc4e1f72e41e12efce0db8381204c45
  custom:scripting/precompiled-assembly-types:Assembly-CSharp: a3f8337d572177ee1a555098e6070d0d -> 9983f0a47bdcc277d42b44322341aebe
========================================================================
Received Prepare
Caller must complete domain reload
Begin MonoManager ReloadAssembly
- Loaded All Assemblies, in  0.550 seconds
Native extension for WindowsStandalone target not found
Mono: successfully reloaded assembly
- Finished resetting the current domain, in  2.513 seconds
Domain Reload Profiling: 3059ms
	BeginReloadAssembly (174ms)
		ExecutionOrderSort (0ms)
		DisableScriptedObjects (4ms)
		BackupInstance (0ms)
		ReleaseScriptingObjects (0ms)
		CreateAndSetChildDomain (38ms)
	RebuildCommonClasses (28ms)
	RebuildNativeTypeToScriptingClass (12ms)
	initialDomainReloadingComplete (30ms)
	LoadAllAssembliesAndSetupDomain (302ms)
		LoadAssemblies (379ms)
		RebuildTransferFunctionScriptingTraits (0ms)
		AnalyzeDomain (17ms)
			TypeCache.Refresh (5ms)
				TypeCache.ScanAssembly (0ms)
			ScanForSourceGeneratedMonoScriptInfo (0ms)
			ResolveRequiredComponents (10ms)
	FinalizeReload (2514ms)
		ReleaseScriptCaches (0ms)
		RebuildScriptCaches (0ms)
		SetupLoadedEditorAssemblies (708ms)
			LogAssemblyErrors (0ms)
			InitializePlatformSupportModulesInManaged (8ms)
			SetLoadedEditorAssemblies (6ms)
			RefreshPlugins (0ms)
			BeforeProcessingInitializeOnLoad (142ms)
			ProcessInitializeOnLoadAttributes (454ms)
			ProcessInitializeOnLoadMethodAttributes (89ms)
			AfterProcessingInitializeOnLoad (9ms)
			EditorAssembliesLoaded (0ms)
		ExecutionOrderSort2 (0ms)
		AwakeInstancesAfterBackupRestoration (9ms)
Refreshing native plugins compatible for Editor in 11.20 ms, found 3 plugins.
Preloading 0 native plugins for Editor in 0.00 ms.
Unloading 5275 Unused Serialized files (Serialized files now loaded: 0)
Unloading 24 unused Assets / (0.8 MB). Loaded Objects now: 6007.
Memory consumption went from 193.5 MB to 192.7 MB.
Total: 4.595300 ms (FindLiveObjects: 0.764200 ms CreateObjectMapping: 0.387200 ms MarkObjects: 3.075300 ms  DeleteObjects: 0.367800 ms)

Prepare: number of updated asset objects reloaded= 0
AssetImportParameters requested are different than current active one (requested -> active):
  custom:scripting/monoscript/fileName/PlayerControllerScript.cs: 611bee229e14d5c3cba5401576a48eca -> ac72a1ef68dfff9f45e5d291debc57b5
  custom:container-demuxer-ogg: 62fdf1f143b41e24485cea50d1cbac27 -> 
  custom:scripting/monoscript/fileName/Menu.cs: 0e1575f508e60d6d9d2287980b1e9d59 -> 6a6b6f10406332b78ded19ddc96541c7
  custom:video-codec-MediaFoundation-h265: 746d11721c4dcdbdad8f713fa42b33f4 -> 
  custom:video-decoder-ogg-theora: a1e56fd34408186e4bbccfd4996cb3dc -> 
  custom:scripting/monoscript/fileName/gameQuit.cs: 381d941fd2788eebf77d8cb6f70ef3c2 -> 7382bf7b61ded40b83716f0378898bfe
  custom:framework-win-MediaFoundation: 216162199b28c13a410421893ffa2e32 -> 
  custom:scripting/monoscript/fileName/nextscene.cs: 71d4e97111f2ccfb6469eaa5c15852fd -> 7f36a7078f337f359827de0bfa973d17
  custom:scripting/monoscript/fileName/MoveCamera.cs: 0ba2c6a4ff0b26c3b5d913ad712bdbcf -> 4cac7d10977ef19e1f3dcb198cffecc9
  custom:scripting/monoscript/fileName/GrapplingGun.cs: c6f63c2bc0100b9f6daba303de7e6391 -> 77176f16d51127b7327ebe60da444b1b
  custom:CustomObjectIndexerAttribute: 72b91833f83ae208fae7752999fa3104 -> 
  custom:container-demuxer-webm: 4f35f7cbe854078d1ac9338744f61a02 -> 
  custom:container-muxer-webm: aa71ff27fc2769a1b78a27578f13a17b -> 
  custom:video-decoder-webm-vp8: 9c59270c3fd7afecdb556c50c9e8de78 -> 
  custom:SearchIndexIgnoredProperties: e643bd26f0fe6173181afceb89e7c659 -> 
  custom:AudioImporter_EditorPlatform: d09bf68614088b80899f8185d706f6e7 -> 
  custom:scripting/monoscript/fileName/NewSceneTemplatePipeline.cs: b6f58a58324aadcdeb2ef714546683e7 -> 
  custom:scripting/monoscript/fileName/CursorState.cs: d9334e78ca93c8a76e4ffabba9acbc96 -> 18edcf0e60018a5a6aafd91b55f4838d
  custom:video-encoder-webm-vp8: eb34c28f22e8b96e1ab97ce403110664 -> 
  custom:audio-decoder-ogg-vorbis: bf7c407c2cedff20999df2af8eb42d56 -> 
  custom:scripting/monoscript/fileName/SoundPlayer.cs: 475d88b9df1544d8382efdce1bccce36 -> de8f3d4c96b446794089a8747c7618fc
  custom:scripting/monoscript/fileName/RotateGun.cs: 990b299e558ef4062b64873ad76f8048 -> eb2e4494e6808171dca4a2e27cab19b6
  custom:audio-encoder-webm-vorbis: bf7c407c2cedff20999df2af8eb42d56 -> 
  custom:scripting/monoscript/fileName/GameRespawn.cs: 4e16be644a2a6965abf6e4d660a3f3d9 -> de38c5bfa9c430c63979501321be442e
  custom:scripting/monoscript/fileName/Outline.cs: 09c84349353572281e22293c31aa1a93 -> 5cc4e1f72e41e12efce0db8381204c45
  custom:scripting/precompiled-assembly-types:Assembly-CSharp: a3f8337d572177ee1a555098e6070d0d -> 9983f0a47bdcc277d42b44322341aebe
========================================================================
Received Prepare
Caller must complete domain reload
Begin MonoManager ReloadAssembly
- Loaded All Assemblies, in  0.509 seconds
Native extension for WindowsStandalone target not found
Mono: successfully reloaded assembly
- Finished resetting the current domain, in  1.925 seconds
Domain Reload Profiling: 2430ms
	BeginReloadAssembly (148ms)
		ExecutionOrderSort (0ms)
		DisableScriptedObjects (3ms)
		BackupInstance (0ms)
		ReleaseScriptingObjects (0ms)
		CreateAndSetChildDomain (28ms)
	RebuildCommonClasses (27ms)
	RebuildNativeTypeToScriptingClass (9ms)
	initialDomainReloadingComplete (33ms)
	LoadAllAssembliesAndSetupDomain (288ms)
		LoadAssemblies (351ms)
		RebuildTransferFunctionScriptingTraits (0ms)
		AnalyzeDomain (20ms)
			TypeCache.Refresh (6ms)
				TypeCache.ScanAssembly (0ms)
			ScanForSourceGeneratedMonoScriptInfo (0ms)
			ResolveRequiredComponents (12ms)
	FinalizeReload (1926ms)
		ReleaseScriptCaches (0ms)
		RebuildScriptCaches (0ms)
		SetupLoadedEditorAssemblies (564ms)
			LogAssemblyErrors (0ms)
			InitializePlatformSupportModulesInManaged (7ms)
			SetLoadedEditorAssemblies (5ms)
			RefreshPlugins (0ms)
			BeforeProcessingInitializeOnLoad (94ms)
			ProcessInitializeOnLoadAttributes (368ms)
			ProcessInitializeOnLoadMethodAttributes (79ms)
			AfterProcessingInitializeOnLoad (10ms)
			EditorAssembliesLoaded (0ms)
		ExecutionOrderSort2 (0ms)
		AwakeInstancesAfterBackupRestoration (9ms)
Refreshing native plugins compatible for Editor in 9.21 ms, found 3 plugins.
Preloading 0 native plugins for Editor in 0.00 ms.
Unloading 5275 Unused Serialized files (Serialized files now loaded: 0)
Unloading 24 unused Assets / (0.7 MB). Loaded Objects now: 6010.
Memory consumption went from 193.4 MB to 192.7 MB.
Total: 3.336000 ms (FindLiveObjects: 0.386800 ms CreateObjectMapping: 0.263400 ms MarkObjects: 2.362600 ms  DeleteObjects: 0.322300 ms)

Prepare: number of updated asset objects reloaded= 0
AssetImportParameters requested are different than current active one (requested -> active):
  custom:scripting/monoscript/fileName/PlayerControllerScript.cs: 611bee229e14d5c3cba5401576a48eca -> ac72a1ef68dfff9f45e5d291debc57b5
  custom:container-demuxer-ogg: 62fdf1f143b41e24485cea50d1cbac27 -> 
  custom:scripting/monoscript/fileName/Menu.cs: 0e1575f508e60d6d9d2287980b1e9d59 -> 6a6b6f10406332b78ded19ddc96541c7
  custom:video-codec-MediaFoundation-h265: 746d11721c4dcdbdad8f713fa42b33f4 -> 
  custom:video-decoder-ogg-theora: a1e56fd34408186e4bbccfd4996cb3dc -> 
  custom:scripting/monoscript/fileName/gameQuit.cs: 381d941fd2788eebf77d8cb6f70ef3c2 -> 7382bf7b61ded40b83716f0378898bfe
  custom:framework-win-MediaFoundation: 216162199b28c13a410421893ffa2e32 -> 
  custom:scripting/monoscript/fileName/nextscene.cs: 71d4e97111f2ccfb6469eaa5c15852fd -> 7f36a7078f337f359827de0bfa973d17
  custom:scripting/monoscript/fileName/MoveCamera.cs: 0ba2c6a4ff0b26c3b5d913ad712bdbcf -> 4cac7d10977ef19e1f3dcb198cffecc9
  custom:scripting/monoscript/fileName/GrapplingGun.cs: c6f63c2bc0100b9f6daba303de7e6391 -> 77176f16d51127b7327ebe60da444b1b
  custom:CustomObjectIndexerAttribute: 72b91833f83ae208fae7752999fa3104 -> 
  custom:container-demuxer-webm: 4f35f7cbe854078d1ac9338744f61a02 -> 
  custom:container-muxer-webm: aa71ff27fc2769a1b78a27578f13a17b -> 
  custom:video-decoder-webm-vp8: 9c59270c3fd7afecdb556c50c9e8de78 -> 
  custom:SearchIndexIgnoredProperties: e643bd26f0fe6173181afceb89e7c659 -> 
  custom:AudioImporter_EditorPlatform: d09bf68614088b80899f8185d706f6e7 -> 
  custom:scripting/monoscript/fileName/NewSceneTemplatePipeline.cs: b6f58a58324aadcdeb2ef714546683e7 -> 
  custom:scripting/monoscript/fileName/CursorState.cs: d9334e78ca93c8a76e4ffabba9acbc96 -> 18edcf0e60018a5a6aafd91b55f4838d
  custom:video-encoder-webm-vp8: eb34c28f22e8b96e1ab97ce403110664 -> 
  custom:audio-decoder-ogg-vorbis: bf7c407c2cedff20999df2af8eb42d56 -> 
  custom:scripting/monoscript/fileName/SoundPlayer.cs: 475d88b9df1544d8382efdce1bccce36 -> de8f3d4c96b446794089a8747c7618fc
  custom:scripting/monoscript/fileName/RotateGun.cs: 990b299e558ef4062b64873ad76f8048 -> eb2e4494e6808171dca4a2e27cab19b6
  custom:audio-encoder-webm-vorbis: bf7c407c2cedff20999df2af8eb42d56 -> 
  custom:scripting/monoscript/fileName/GameRespawn.cs: 4e16be644a2a6965abf6e4d660a3f3d9 -> de38c5bfa9c430c63979501321be442e
  custom:scripting/monoscript/fileName/Outline.cs: 09c84349353572281e22293c31aa1a93 -> 5cc4e1f72e41e12efce0db8381204c45
  custom:scripting/precompiled-assembly-types:Assembly-CSharp: a3f8337d572177ee1a555098e6070d0d -> 9983f0a47bdcc277d42b44322341aebe
========================================================================
Received Prepare
Caller must complete domain reload
Begin MonoManager ReloadAssembly
- Loaded All Assemblies, in  0.528 seconds
Native extension for WindowsStandalone target not found
Mono: successfully reloaded assembly
- Finished resetting the current domain, in  1.934 seconds
Domain Reload Profiling: 2458ms
	BeginReloadAssembly (159ms)
		ExecutionOrderSort (0ms)
		DisableScriptedObjects (5ms)
		BackupInstance (0ms)
		ReleaseScriptingObjects (0ms)
		CreateAndSetChildDomain (33ms)
	RebuildCommonClasses (29ms)
	RebuildNativeTypeToScriptingClass (8ms)
	initialDomainReloadingComplete (31ms)
	LoadAllAssembliesAndSetupDomain (295ms)
		LoadAssemblies (363ms)
		RebuildTransferFunctionScriptingTraits (0ms)
		AnalyzeDomain (20ms)
			TypeCache.Refresh (7ms)
				TypeCache.ScanAssembly (0ms)
			ScanForSourceGeneratedMonoScriptInfo (0ms)
			ResolveRequiredComponents (11ms)
	FinalizeReload (1935ms)
		ReleaseScriptCaches (0ms)
		RebuildScriptCaches (0ms)
		SetupLoadedEditorAssemblies (521ms)
			LogAssemblyErrors (0ms)
			InitializePlatformSupportModulesInManaged (8ms)
			SetLoadedEditorAssemblies (5ms)
			RefreshPlugins (0ms)
			BeforeProcessingInitializeOnLoad (96ms)
			ProcessInitializeOnLoadAttributes (328ms)
			ProcessInitializeOnLoadMethodAttributes (74ms)
			AfterProcessingInitializeOnLoad (8ms)
			EditorAssembliesLoaded (0ms)
		ExecutionOrderSort2 (0ms)
		AwakeInstancesAfterBackupRestoration (7ms)
Refreshing native plugins compatible for Editor in 9.69 ms, found 3 plugins.
Preloading 0 native plugins for Editor in 0.00 ms.
Unloading 5275 Unused Serialized files (Serialized files now loaded: 0)
Unloading 24 unused Assets / (0.7 MB). Loaded Objects now: 6013.
Memory consumption went from 193.5 MB to 192.7 MB.
Total: 5.402500 ms (FindLiveObjects: 0.439800 ms CreateObjectMapping: 0.332900 ms MarkObjects: 4.212100 ms  DeleteObjects: 0.416700 ms)

Prepare: number of updated asset objects reloaded= 0
AssetImportParameters requested are different than current active one (requested -> active):
  custom:scripting/monoscript/fileName/PlayerControllerScript.cs: 611bee229e14d5c3cba5401576a48eca -> ac72a1ef68dfff9f45e5d291debc57b5
  custom:container-demuxer-ogg: 62fdf1f143b41e24485cea50d1cbac27 -> 
  custom:scripting/monoscript/fileName/Menu.cs: 0e1575f508e60d6d9d2287980b1e9d59 -> 6a6b6f10406332b78ded19ddc96541c7
  custom:video-codec-MediaFoundation-h265: 746d11721c4dcdbdad8f713fa42b33f4 -> 
  custom:video-decoder-ogg-theora: a1e56fd34408186e4bbccfd4996cb3dc -> 
  custom:scripting/monoscript/fileName/gameQuit.cs: 381d941fd2788eebf77d8cb6f70ef3c2 -> 7382bf7b61ded40b83716f0378898bfe
  custom:framework-win-MediaFoundation: 216162199b28c13a410421893ffa2e32 -> 
  custom:scripting/monoscript/fileName/nextscene.cs: 71d4e97111f2ccfb6469eaa5c15852fd -> 7f36a7078f337f359827de0bfa973d17
  custom:scripting/monoscript/fileName/MoveCamera.cs: 0ba2c6a4ff0b26c3b5d913ad712bdbcf -> 4cac7d10977ef19e1f3dcb198cffecc9
  custom:scripting/monoscript/fileName/GrapplingGun.cs: c6f63c2bc0100b9f6daba303de7e6391 -> 77176f16d51127b7327ebe60da444b1b
  custom:CustomObjectIndexerAttribute: 72b91833f83ae208fae7752999fa3104 -> 
  custom:container-demuxer-webm: 4f35f7cbe854078d1ac9338744f61a02 -> 
  custom:container-muxer-webm: aa71ff27fc2769a1b78a27578f13a17b -> 
  custom:video-decoder-webm-vp8: 9c59270c3fd7afecdb556c50c9e8de78 -> 
  custom:SearchIndexIgnoredProperties: e643bd26f0fe6173181afceb89e7c659 -> 
  custom:AudioImporter_EditorPlatform: d09bf68614088b80899f8185d706f6e7 -> 
  custom:scripting/monoscript/fileName/NewSceneTemplatePipeline.cs: b6f58a58324aadcdeb2ef714546683e7 -> 
  custom:scripting/monoscript/fileName/CursorState.cs: d9334e78ca93c8a76e4ffabba9acbc96 -> 18edcf0e60018a5a6aafd91b55f4838d
  custom:video-encoder-webm-vp8: eb34c28f22e8b96e1ab97ce403110664 -> 
  custom:audio-decoder-ogg-vorbis: bf7c407c2cedff20999df2af8eb42d56 -> 
  custom:scripting/monoscript/fileName/SoundPlayer.cs: 475d88b9df1544d8382efdce1bccce36 -> de8f3d4c96b446794089a8747c7618fc
  custom:scripting/monoscript/fileName/RotateGun.cs: 990b299e558ef4062b64873ad76f8048 -> eb2e4494e6808171dca4a2e27cab19b6
  custom:audio-encoder-webm-vorbis: bf7c407c2cedff20999df2af8eb42d56 -> 
  custom:scripting/monoscript/fileName/GameRespawn.cs: 4e16be644a2a6965abf6e4d660a3f3d9 -> de38c5bfa9c430c63979501321be442e
  custom:scripting/monoscript/fileName/Outline.cs: 09c84349353572281e22293c31aa1a93 -> 5cc4e1f72e41e12efce0db8381204c45
  custom:scripting/precompiled-assembly-types:Assembly-CSharp: a3f8337d572177ee1a555098e6070d0d -> 9983f0a47bdcc277d42b44322341aebe
========================================================================
Received Prepare
Caller must complete domain reload
Begin MonoManager ReloadAssembly
- Loaded All Assemblies, in  0.520 seconds
Native extension for WindowsStandalone target not found
Mono: successfully reloaded assembly
- Finished resetting the current domain, in  1.981 seconds
Domain Reload Profiling: 2495ms
	BeginReloadAssembly (152ms)
		ExecutionOrderSort (0ms)
		DisableScriptedObjects (3ms)
		BackupInstance (0ms)
		ReleaseScriptingObjects (0ms)
		CreateAndSetChildDomain (28ms)
	RebuildCommonClasses (35ms)
	RebuildNativeTypeToScriptingClass (9ms)
	initialDomainReloadingComplete (31ms)
	LoadAllAssembliesAndSetupDomain (286ms)
		LoadAssemblies (353ms)
		RebuildTransferFunctionScriptingTraits (0ms)
		AnalyzeDomain (18ms)
			TypeCache.Refresh (7ms)
				TypeCache.ScanAssembly (0ms)
			ScanForSourceGeneratedMonoScriptInfo (0ms)
			ResolveRequiredComponents (9ms)
	FinalizeReload (1981ms)
		ReleaseScriptCaches (0ms)
		RebuildScriptCaches (0ms)
		SetupLoadedEditorAssemblies (572ms)
			LogAssemblyErrors (0ms)
			InitializePlatformSupportModulesInManaged (8ms)
			SetLoadedEditorAssemblies (6ms)
			RefreshPlugins (0ms)
			BeforeProcessingInitializeOnLoad (101ms)
			ProcessInitializeOnLoadAttributes (365ms)
			ProcessInitializeOnLoadMethodAttributes (81ms)
			AfterProcessingInitializeOnLoad (11ms)
			EditorAssembliesLoaded (0ms)
		ExecutionOrderSort2 (0ms)
		AwakeInstancesAfterBackupRestoration (8ms)
Refreshing native plugins compatible for Editor in 9.28 ms, found 3 plugins.
Preloading 0 native plugins for Editor in 0.00 ms.
Unloading 5275 Unused Serialized files (Serialized files now loaded: 0)
Unloading 24 unused Assets / (0.7 MB). Loaded Objects now: 6016.
Memory consumption went from 193.5 MB to 192.7 MB.
Total: 4.045200 ms (FindLiveObjects: 0.551100 ms CreateObjectMapping: 0.329600 ms MarkObjects: 2.797300 ms  DeleteObjects: 0.366500 ms)

Prepare: number of updated asset objects reloaded= 0
AssetImportParameters requested are different than current active one (requested -> active):
  custom:scripting/monoscript/fileName/PlayerControllerScript.cs: 611bee229e14d5c3cba5401576a48eca -> ac72a1ef68dfff9f45e5d291debc57b5
  custom:container-demuxer-ogg: 62fdf1f143b41e24485cea50d1cbac27 -> 
  custom:scripting/monoscript/fileName/Menu.cs: 0e1575f508e60d6d9d2287980b1e9d59 -> 6a6b6f10406332b78ded19ddc96541c7
  custom:video-codec-MediaFoundation-h265: 746d11721c4dcdbdad8f713fa42b33f4 -> 
  custom:video-decoder-ogg-theora: a1e56fd34408186e4bbccfd4996cb3dc -> 
  custom:scripting/monoscript/fileName/gameQuit.cs: 381d941fd2788eebf77d8cb6f70ef3c2 -> 7382bf7b61ded40b83716f0378898bfe
  custom:framework-win-MediaFoundation: 216162199b28c13a410421893ffa2e32 -> 
  custom:scripting/monoscript/fileName/nextscene.cs: 71d4e97111f2ccfb6469eaa5c15852fd -> 7f36a7078f337f359827de0bfa973d17
  custom:scripting/monoscript/fileName/MoveCamera.cs: 0ba2c6a4ff0b26c3b5d913ad712bdbcf -> 4cac7d10977ef19e1f3dcb198cffecc9
  custom:scripting/monoscript/fileName/GrapplingGun.cs: c6f63c2bc0100b9f6daba303de7e6391 -> 77176f16d51127b7327ebe60da444b1b
  custom:CustomObjectIndexerAttribute: 72b91833f83ae208fae7752999fa3104 -> 
  custom:container-demuxer-webm: 4f35f7cbe854078d1ac9338744f61a02 -> 
  custom:container-muxer-webm: aa71ff27fc2769a1b78a27578f13a17b -> 
  custom:video-decoder-webm-vp8: 9c59270c3fd7afecdb556c50c9e8de78 -> 
  custom:SearchIndexIgnoredProperties: e643bd26f0fe6173181afceb89e7c659 -> 
  custom:AudioImporter_EditorPlatform: d09bf68614088b80899f8185d706f6e7 -> 
  custom:scripting/monoscript/fileName/NewSceneTemplatePipeline.cs: b6f58a58324aadcdeb2ef714546683e7 -> 
  custom:scripting/monoscript/fileName/CursorState.cs: d9334e78ca93c8a76e4ffabba9acbc96 -> 18edcf0e60018a5a6aafd91b55f4838d
  custom:video-encoder-webm-vp8: eb34c28f22e8b96e1ab97ce403110664 -> 
  custom:audio-decoder-ogg-vorbis: bf7c407c2cedff20999df2af8eb42d56 -> 
  custom:scripting/monoscript/fileName/SoundPlayer.cs: 475d88b9df1544d8382efdce1bccce36 -> de8f3d4c96b446794089a8747c7618fc
  custom:scripting/monoscript/fileName/RotateGun.cs: 990b299e558ef4062b64873ad76f8048 -> eb2e4494e6808171dca4a2e27cab19b6
  custom:audio-encoder-webm-vorbis: bf7c407c2cedff20999df2af8eb42d56 -> 
  custom:scripting/monoscript/fileName/GameRespawn.cs: 4e16be644a2a6965abf6e4d660a3f3d9 -> de38c5bfa9c430c63979501321be442e
  custom:scripting/monoscript/fileName/Outline.cs: 09c84349353572281e22293c31aa1a93 -> 5cc4e1f72e41e12efce0db8381204c45
  custom:scripting/precompiled-assembly-types:Assembly-CSharp: a3f8337d572177ee1a555098e6070d0d -> 9983f0a47bdcc277d42b44322341aebe
========================================================================
Received Prepare
Caller must complete domain reload
Begin MonoManager ReloadAssembly
- Loaded All Assemblies, in  0.543 seconds
Native extension for WindowsStandalone target not found
Mono: successfully reloaded assembly
- Finished resetting the current domain, in  1.923 seconds
Domain Reload Profiling: 2463ms
	BeginReloadAssembly (166ms)
		ExecutionOrderSort (0ms)
		DisableScriptedObjects (4ms)
		BackupInstance (0ms)
		ReleaseScriptingObjects (0ms)
		CreateAndSetChildDomain (35ms)
	RebuildCommonClasses (35ms)
	RebuildNativeTypeToScriptingClass (11ms)
	initialDomainReloadingComplete (32ms)
	LoadAllAssembliesAndSetupDomain (296ms)
		LoadAssemblies (367ms)
		RebuildTransferFunctionScriptingTraits (0ms)
		AnalyzeDomain (20ms)
			TypeCache.Refresh (6ms)
				TypeCache.ScanAssembly (0ms)
			ScanForSourceGeneratedMonoScriptInfo (0ms)
			ResolveRequiredComponents (12ms)
	FinalizeReload (1923ms)
		ReleaseScriptCaches (0ms)
		RebuildScriptCaches (0ms)
		SetupLoadedEditorAssemblies (566ms)
			LogAssemblyErrors (0ms)
			InitializePlatformSupportModulesInManaged (7ms)
			SetLoadedEditorAssemblies (5ms)
			RefreshPlugins (0ms)
			BeforeProcessingInitializeOnLoad (97ms)
			ProcessInitializeOnLoadAttributes (344ms)
			ProcessInitializeOnLoadMethodAttributes (103ms)
			AfterProcessingInitializeOnLoad (11ms)
			EditorAssembliesLoaded (0ms)
		ExecutionOrderSort2 (0ms)
		AwakeInstancesAfterBackupRestoration (9ms)
Refreshing native plugins compatible for Editor in 7.98 ms, found 3 plugins.
Preloading 0 native plugins for Editor in 0.00 ms.
Unloading 5275 Unused Serialized files (Serialized files now loaded: 0)
Unloading 24 unused Assets / (0.7 MB). Loaded Objects now: 6019.
Memory consumption went from 193.5 MB to 192.7 MB.
Total: 5.331700 ms (FindLiveObjects: 0.655400 ms CreateObjectMapping: 0.353800 ms MarkObjects: 3.830600 ms  DeleteObjects: 0.490700 ms)

Prepare: number of updated asset objects reloaded= 0
AssetImportParameters requested are different than current active one (requested -> active):
  custom:scripting/monoscript/fileName/PlayerControllerScript.cs: 611bee229e14d5c3cba5401576a48eca -> ac72a1ef68dfff9f45e5d291debc57b5
  custom:container-demuxer-ogg: 62fdf1f143b41e24485cea50d1cbac27 -> 
  custom:scripting/monoscript/fileName/Menu.cs: 0e1575f508e60d6d9d2287980b1e9d59 -> 6a6b6f10406332b78ded19ddc96541c7
  custom:video-codec-MediaFoundation-h265: 746d11721c4dcdbdad8f713fa42b33f4 -> 
  custom:video-decoder-ogg-theora: a1e56fd34408186e4bbccfd4996cb3dc -> 
  custom:scripting/monoscript/fileName/gameQuit.cs: 381d941fd2788eebf77d8cb6f70ef3c2 -> 7382bf7b61ded40b83716f0378898bfe
  custom:framework-win-MediaFoundation: 216162199b28c13a410421893ffa2e32 -> 
  custom:scripting/monoscript/fileName/nextscene.cs: 71d4e97111f2ccfb6469eaa5c15852fd -> 7f36a7078f337f359827de0bfa973d17
  custom:scripting/monoscript/fileName/MoveCamera.cs: 0ba2c6a4ff0b26c3b5d913ad712bdbcf -> 4cac7d10977ef19e1f3dcb198cffecc9
  custom:scripting/monoscript/fileName/GrapplingGun.cs: c6f63c2bc0100b9f6daba303de7e6391 -> 77176f16d51127b7327ebe60da444b1b
  custom:CustomObjectIndexerAttribute: 72b91833f83ae208fae7752999fa3104 -> 
  custom:container-demuxer-webm: 4f35f7cbe854078d1ac9338744f61a02 -> 
  custom:container-muxer-webm: aa71ff27fc2769a1b78a27578f13a17b -> 
  custom:video-decoder-webm-vp8: 9c59270c3fd7afecdb556c50c9e8de78 -> 
  custom:SearchIndexIgnoredProperties: e643bd26f0fe6173181afceb89e7c659 -> 
  custom:AudioImporter_EditorPlatform: d09bf68614088b80899f8185d706f6e7 -> 
  custom:scripting/monoscript/fileName/NewSceneTemplatePipeline.cs: b6f58a58324aadcdeb2ef714546683e7 -> 
  custom:scripting/monoscript/fileName/CursorState.cs: d9334e78ca93c8a76e4ffabba9acbc96 -> 18edcf0e60018a5a6aafd91b55f4838d
  custom:video-encoder-webm-vp8: eb34c28f22e8b96e1ab97ce403110664 -> 
  custom:audio-decoder-ogg-vorbis: bf7c407c2cedff20999df2af8eb42d56 -> 
  custom:scripting/monoscript/fileName/SoundPlayer.cs: 475d88b9df1544d8382efdce1bccce36 -> de8f3d4c96b446794089a8747c7618fc
  custom:scripting/monoscript/fileName/RotateGun.cs: 990b299e558ef4062b64873ad76f8048 -> eb2e4494e6808171dca4a2e27cab19b6
  custom:audio-encoder-webm-vorbis: bf7c407c2cedff20999df2af8eb42d56 -> 
  custom:scripting/monoscript/fileName/GameRespawn.cs: 4e16be644a2a6965abf6e4d660a3f3d9 -> de38c5bfa9c430c63979501321be442e
  custom:scripting/monoscript/fileName/Outline.cs: 09c84349353572281e22293c31aa1a93 -> 5cc4e1f72e41e12efce0db8381204c45
  custom:scripting/precompiled-assembly-types:Assembly-CSharp: a3f8337d572177ee1a555098e6070d0d -> 9983f0a47bdcc277d42b44322341aebe
========================================================================
Received Import Request.
  Time since last request: 229.991510 seconds.
  path: Assets/Parkour FPS - First Person Character Controller/How To Use.pdf
  artifactKey: Guid(53a16f2c387893445bcc32065abf86d7) Importer(815301076,1909f56bfc062723c751e8b465ee728b)
Start importing Assets/Parkour FPS - First Person Character Controller/How To Use.pdf using Guid(53a16f2c387893445bcc32065abf86d7) Importer(815301076,1909f56bfc062723c751e8b465ee728b) [PhysX] Initialized MultithreadedTaskDispatcher with 12 workers.
 -> (artifact id: '009a4f7573552654d48d800ff96e4431') in 0.010169 seconds
Number of updated asset objects reloaded before import = 0
Number of asset objects unloaded after import = 1
========================================================================
Received Prepare
Caller must complete domain reload
Begin MonoManager ReloadAssembly
- Loaded All Assemblies, in  0.533 seconds
Native extension for WindowsStandalone target not found
Mono: successfully reloaded assembly
- Finished resetting the current domain, in  2.013 seconds
Domain Reload Profiling: 2543ms
	BeginReloadAssembly (166ms)
		ExecutionOrderSort (0ms)
		DisableScriptedObjects (3ms)
		BackupInstance (0ms)
		ReleaseScriptingObjects (0ms)
		CreateAndSetChildDomain (32ms)
	RebuildCommonClasses (35ms)
	RebuildNativeTypeToScriptingClass (11ms)
	initialDomainReloadingComplete (33ms)
	LoadAllAssembliesAndSetupDomain (284ms)
		LoadAssemblies (357ms)
		RebuildTransferFunctionScriptingTraits (0ms)
		AnalyzeDomain (20ms)
			TypeCache.Refresh (5ms)
				TypeCache.ScanAssembly (0ms)
			ScanForSourceGeneratedMonoScriptInfo (0ms)
			ResolveRequiredComponents (13ms)
	FinalizeReload (2014ms)
		ReleaseScriptCaches (0ms)
		RebuildScriptCaches (0ms)
		SetupLoadedEditorAssemblies (603ms)
			LogAssemblyErrors (0ms)
			InitializePlatformSupportModulesInManaged (7ms)
			SetLoadedEditorAssemblies (4ms)
			RefreshPlugins (0ms)
			BeforeProcessingInitializeOnLoad (107ms)
			ProcessInitializeOnLoadAttributes (395ms)
			ProcessInitializeOnLoadMethodAttributes (81ms)
			AfterProcessingInitializeOnLoad (9ms)
			EditorAssembliesLoaded (0ms)
		ExecutionOrderSort2 (0ms)
		AwakeInstancesAfterBackupRestoration (8ms)
Refreshing native plugins compatible for Editor in 8.57 ms, found 3 plugins.
Preloading 0 native plugins for Editor in 0.00 ms.
Unloading 5274 Unused Serialized files (Serialized files now loaded: 0)
Unloading 24 unused Assets / (0.7 MB). Loaded Objects now: 6022.
Memory consumption went from 193.2 MB to 192.5 MB.
Total: 3.681200 ms (FindLiveObjects: 0.471100 ms CreateObjectMapping: 0.350500 ms MarkObjects: 2.543700 ms  DeleteObjects: 0.315400 ms)

Prepare: number of updated asset objects reloaded= 0
AssetImportParameters requested are different than current active one (requested -> active):
  custom:scripting/monoscript/fileName/PlayerControllerScript.cs: 611bee229e14d5c3cba5401576a48eca -> ac72a1ef68dfff9f45e5d291debc57b5
  custom:container-demuxer-ogg: 62fdf1f143b41e24485cea50d1cbac27 -> 
  custom:scripting/monoscript/fileName/Menu.cs: 0e1575f508e60d6d9d2287980b1e9d59 -> 6a6b6f10406332b78ded19ddc96541c7
  custom:video-codec-MediaFoundation-h265: 746d11721c4dcdbdad8f713fa42b33f4 -> 
  custom:video-decoder-ogg-theora: a1e56fd34408186e4bbccfd4996cb3dc -> 
  custom:scripting/monoscript/fileName/gameQuit.cs: 381d941fd2788eebf77d8cb6f70ef3c2 -> 7382bf7b61ded40b83716f0378898bfe
  custom:framework-win-MediaFoundation: 216162199b28c13a410421893ffa2e32 -> 
  custom:scripting/monoscript/fileName/nextscene.cs: 71d4e97111f2ccfb6469eaa5c15852fd -> 7f36a7078f337f359827de0bfa973d17
  custom:scripting/monoscript/fileName/MoveCamera.cs: 0ba2c6a4ff0b26c3b5d913ad712bdbcf -> 4cac7d10977ef19e1f3dcb198cffecc9
  custom:scripting/monoscript/fileName/GrapplingGun.cs: c6f63c2bc0100b9f6daba303de7e6391 -> 77176f16d51127b7327ebe60da444b1b
  custom:CustomObjectIndexerAttribute: 72b91833f83ae208fae7752999fa3104 -> 
  custom:container-demuxer-webm: 4f35f7cbe854078d1ac9338744f61a02 -> 
  custom:container-muxer-webm: aa71ff27fc2769a1b78a27578f13a17b -> 
  custom:video-decoder-webm-vp8: 9c59270c3fd7afecdb556c50c9e8de78 -> 
  custom:SearchIndexIgnoredProperties: e643bd26f0fe6173181afceb89e7c659 -> 
  custom:AudioImporter_EditorPlatform: d09bf68614088b80899f8185d706f6e7 -> 
  custom:scripting/monoscript/fileName/NewSceneTemplatePipeline.cs: b6f58a58324aadcdeb2ef714546683e7 -> 
  custom:scripting/monoscript/fileName/CursorState.cs: d9334e78ca93c8a76e4ffabba9acbc96 -> 18edcf0e60018a5a6aafd91b55f4838d
  custom:video-encoder-webm-vp8: eb34c28f22e8b96e1ab97ce403110664 -> 
  custom:audio-decoder-ogg-vorbis: bf7c407c2cedff20999df2af8eb42d56 -> 
  custom:scripting/monoscript/fileName/SoundPlayer.cs: 475d88b9df1544d8382efdce1bccce36 -> de8f3d4c96b446794089a8747c7618fc
  custom:scripting/monoscript/fileName/RotateGun.cs: 990b299e558ef4062b64873ad76f8048 -> eb2e4494e6808171dca4a2e27cab19b6
  custom:audio-encoder-webm-vorbis: bf7c407c2cedff20999df2af8eb42d56 -> 
  custom:scripting/monoscript/fileName/GameRespawn.cs: 4e16be644a2a6965abf6e4d660a3f3d9 -> de38c5bfa9c430c63979501321be442e
  custom:scripting/monoscript/fileName/Outline.cs: 09c84349353572281e22293c31aa1a93 -> 5cc4e1f72e41e12efce0db8381204c45
  custom:scripting/precompiled-assembly-types:Assembly-CSharp: a3f8337d572177ee1a555098e6070d0d -> 9983f0a47bdcc277d42b44322341aebe
========================================================================
Received Prepare
Caller must complete domain reload
Begin MonoManager ReloadAssembly
- Loaded All Assemblies, in  0.529 seconds
Native extension for WindowsStandalone target not found
Mono: successfully reloaded assembly
- Finished resetting the current domain, in  1.814 seconds
Domain Reload Profiling: 2338ms
	BeginReloadAssembly (153ms)
		ExecutionOrderSort (0ms)
		DisableScriptedObjects (4ms)
		BackupInstance (0ms)
		ReleaseScriptingObjects (0ms)
		CreateAndSetChildDomain (30ms)
	RebuildCommonClasses (30ms)
	RebuildNativeTypeToScriptingClass (11ms)
	initialDomainReloadingComplete (32ms)
	LoadAllAssembliesAndSetupDomain (298ms)
		LoadAssemblies (364ms)
		RebuildTransferFunctionScriptingTraits (0ms)
		AnalyzeDomain (17ms)
			TypeCache.Refresh (6ms)
				TypeCache.ScanAssembly (0ms)
			ScanForSourceGeneratedMonoScriptInfo (0ms)
			ResolveRequiredComponents (9ms)
	FinalizeReload (1814ms)
		ReleaseScriptCaches (0ms)
		RebuildScriptCaches (0ms)
		SetupLoadedEditorAssemblies (519ms)
			LogAssemblyErrors (0ms)
			InitializePlatformSupportModulesInManaged (8ms)
			SetLoadedEditorAssemblies (6ms)
			RefreshPlugins (0ms)
			BeforeProcessingInitializeOnLoad (104ms)
			ProcessInitializeOnLoadAttributes (317ms)
			ProcessInitializeOnLoadMethodAttributes (74ms)
			AfterProcessingInitializeOnLoad (9ms)
			EditorAssembliesLoaded (0ms)
		ExecutionOrderSort2 (0ms)
		AwakeInstancesAfterBackupRestoration (9ms)
Refreshing native plugins compatible for Editor in 7.89 ms, found 3 plugins.
Preloading 0 native plugins for Editor in 0.00 ms.
Unloading 5275 Unused Serialized files (Serialized files now loaded: 0)
Unloading 24 unused Assets / (0.7 MB). Loaded Objects now: 6025.
Memory consumption went from 193.5 MB to 192.7 MB.
Total: 3.477200 ms (FindLiveObjects: 0.381800 ms CreateObjectMapping: 0.282900 ms MarkObjects: 2.466500 ms  DeleteObjects: 0.345000 ms)

Prepare: number of updated asset objects reloaded= 0
AssetImportParameters requested are different than current active one (requested -> active):
  custom:scripting/monoscript/fileName/PlayerControllerScript.cs: 611bee229e14d5c3cba5401576a48eca -> ac72a1ef68dfff9f45e5d291debc57b5
  custom:container-demuxer-ogg: 62fdf1f143b41e24485cea50d1cbac27 -> 
  custom:scripting/monoscript/fileName/Menu.cs: 0e1575f508e60d6d9d2287980b1e9d59 -> 6a6b6f10406332b78ded19ddc96541c7
  custom:video-codec-MediaFoundation-h265: 746d11721c4dcdbdad8f713fa42b33f4 -> 
  custom:video-decoder-ogg-theora: a1e56fd34408186e4bbccfd4996cb3dc -> 
  custom:scripting/monoscript/fileName/gameQuit.cs: 381d941fd2788eebf77d8cb6f70ef3c2 -> 7382bf7b61ded40b83716f0378898bfe
  custom:framework-win-MediaFoundation: 216162199b28c13a410421893ffa2e32 -> 
  custom:scripting/monoscript/fileName/nextscene.cs: 71d4e97111f2ccfb6469eaa5c15852fd -> 7f36a7078f337f359827de0bfa973d17
  custom:scripting/monoscript/fileName/MoveCamera.cs: 0ba2c6a4ff0b26c3b5d913ad712bdbcf -> 4cac7d10977ef19e1f3dcb198cffecc9
  custom:scripting/monoscript/fileName/GrapplingGun.cs: c6f63c2bc0100b9f6daba303de7e6391 -> 77176f16d51127b7327ebe60da444b1b
  custom:CustomObjectIndexerAttribute: 72b91833f83ae208fae7752999fa3104 -> 
  custom:container-demuxer-webm: 4f35f7cbe854078d1ac9338744f61a02 -> 
  custom:container-muxer-webm: aa71ff27fc2769a1b78a27578f13a17b -> 
  custom:video-decoder-webm-vp8: 9c59270c3fd7afecdb556c50c9e8de78 -> 
  custom:SearchIndexIgnoredProperties: e643bd26f0fe6173181afceb89e7c659 -> 
  custom:AudioImporter_EditorPlatform: d09bf68614088b80899f8185d706f6e7 -> 
  custom:scripting/monoscript/fileName/NewSceneTemplatePipeline.cs: b6f58a58324aadcdeb2ef714546683e7 -> 
  custom:scripting/monoscript/fileName/CursorState.cs: d9334e78ca93c8a76e4ffabba9acbc96 -> 18edcf0e60018a5a6aafd91b55f4838d
  custom:video-encoder-webm-vp8: eb34c28f22e8b96e1ab97ce403110664 -> 
  custom:audio-decoder-ogg-vorbis: bf7c407c2cedff20999df2af8eb42d56 -> 
  custom:scripting/monoscript/fileName/SoundPlayer.cs: 475d88b9df1544d8382efdce1bccce36 -> de8f3d4c96b446794089a8747c7618fc
  custom:scripting/monoscript/fileName/RotateGun.cs: 990b299e558ef4062b64873ad76f8048 -> eb2e4494e6808171dca4a2e27cab19b6
  custom:audio-encoder-webm-vorbis: bf7c407c2cedff20999df2af8eb42d56 -> 
  custom:scripting/monoscript/fileName/GameRespawn.cs: 4e16be644a2a6965abf6e4d660a3f3d9 -> de38c5bfa9c430c63979501321be442e
  custom:scripting/monoscript/fileName/Outline.cs: 09c84349353572281e22293c31aa1a93 -> 5cc4e1f72e41e12efce0db8381204c45
  custom:scripting/precompiled-assembly-types:Assembly-CSharp: a3f8337d572177ee1a555098e6070d0d -> 9983f0a47bdcc277d42b44322341aebe
========================================================================
Received Prepare
Caller must complete domain reload
Begin MonoManager ReloadAssembly
- Loaded All Assemblies, in  0.551 seconds
Native extension for WindowsStandalone target not found
Mono: successfully reloaded assembly
- Finished resetting the current domain, in  2.082 seconds
Domain Reload Profiling: 2629ms
	BeginReloadAssembly (178ms)
		ExecutionOrderSort (0ms)
		DisableScriptedObjects (6ms)
		BackupInstance (0ms)
		ReleaseScriptingObjects (0ms)
		CreateAndSetChildDomain (37ms)
	RebuildCommonClasses (28ms)
	RebuildNativeTypeToScriptingClass (11ms)
	initialDomainReloadingComplete (32ms)
	LoadAllAssembliesAndSetupDomain (298ms)
		LoadAssemblies (370ms)
		RebuildTransferFunctionScriptingTraits (0ms)
		AnalyzeDomain (19ms)
			TypeCache.Refresh (5ms)
				TypeCache.ScanAssembly (0ms)
			ScanForSourceGeneratedMonoScriptInfo (0ms)
			ResolveRequiredComponents (11ms)
	FinalizeReload (2082ms)
		ReleaseScriptCaches (0ms)
		RebuildScriptCaches (0ms)
		SetupLoadedEditorAssemblies (668ms)
			LogAssemblyErrors (0ms)
			InitializePlatformSupportModulesInManaged (8ms)
			SetLoadedEditorAssemblies (6ms)
			RefreshPlugins (0ms)
			BeforeProcessingInitializeOnLoad (126ms)
			ProcessInitializeOnLoadAttributes (401ms)
			ProcessInitializeOnLoadMethodAttributes (117ms)
			AfterProcessingInitializeOnLoad (11ms)
			EditorAssembliesLoaded (0ms)
		ExecutionOrderSort2 (0ms)
		AwakeInstancesAfterBackupRestoration (9ms)
Refreshing native plugins compatible for Editor in 9.73 ms, found 3 plugins.
Preloading 0 native plugins for Editor in 0.00 ms.
Unloading 5275 Unused Serialized files (Serialized files now loaded: 0)
Unloading 24 unused Assets / (0.7 MB). Loaded Objects now: 6028.
Memory consumption went from 193.5 MB to 192.7 MB.
Total: 4.881300 ms (FindLiveObjects: 0.467100 ms CreateObjectMapping: 0.309800 ms MarkObjects: 3.572900 ms  DeleteObjects: 0.530400 ms)

Prepare: number of updated asset objects reloaded= 0
AssetImportParameters requested are different than current active one (requested -> active):
  custom:scripting/monoscript/fileName/PlayerControllerScript.cs: 611bee229e14d5c3cba5401576a48eca -> ac72a1ef68dfff9f45e5d291debc57b5
  custom:container-demuxer-ogg: 62fdf1f143b41e24485cea50d1cbac27 -> 
  custom:scripting/monoscript/fileName/Menu.cs: 0e1575f508e60d6d9d2287980b1e9d59 -> 6a6b6f10406332b78ded19ddc96541c7
  custom:video-codec-MediaFoundation-h265: 746d11721c4dcdbdad8f713fa42b33f4 -> 
  custom:video-decoder-ogg-theora: a1e56fd34408186e4bbccfd4996cb3dc -> 
  custom:scripting/monoscript/fileName/gameQuit.cs: 381d941fd2788eebf77d8cb6f70ef3c2 -> 7382bf7b61ded40b83716f0378898bfe
  custom:framework-win-MediaFoundation: 216162199b28c13a410421893ffa2e32 -> 
  custom:scripting/monoscript/fileName/nextscene.cs: 71d4e97111f2ccfb6469eaa5c15852fd -> 7f36a7078f337f359827de0bfa973d17
  custom:scripting/monoscript/fileName/MoveCamera.cs: 0ba2c6a4ff0b26c3b5d913ad712bdbcf -> 4cac7d10977ef19e1f3dcb198cffecc9
  custom:scripting/monoscript/fileName/GrapplingGun.cs: c6f63c2bc0100b9f6daba303de7e6391 -> 77176f16d51127b7327ebe60da444b1b
  custom:CustomObjectIndexerAttribute: 72b91833f83ae208fae7752999fa3104 -> 
  custom:container-demuxer-webm: 4f35f7cbe854078d1ac9338744f61a02 -> 
  custom:container-muxer-webm: aa71ff27fc2769a1b78a27578f13a17b -> 
  custom:video-decoder-webm-vp8: 9c59270c3fd7afecdb556c50c9e8de78 -> 
  custom:SearchIndexIgnoredProperties: e643bd26f0fe6173181afceb89e7c659 -> 
  custom:AudioImporter_EditorPlatform: d09bf68614088b80899f8185d706f6e7 -> 
  custom:scripting/monoscript/fileName/NewSceneTemplatePipeline.cs: b6f58a58324aadcdeb2ef714546683e7 -> 
  custom:scripting/monoscript/fileName/CursorState.cs: d9334e78ca93c8a76e4ffabba9acbc96 -> 18edcf0e60018a5a6aafd91b55f4838d
  custom:video-encoder-webm-vp8: eb34c28f22e8b96e1ab97ce403110664 -> 
  custom:audio-decoder-ogg-vorbis: bf7c407c2cedff20999df2af8eb42d56 -> 
  custom:scripting/monoscript/fileName/SoundPlayer.cs: 475d88b9df1544d8382efdce1bccce36 -> de8f3d4c96b446794089a8747c7618fc
  custom:scripting/monoscript/fileName/RotateGun.cs: 990b299e558ef4062b64873ad76f8048 -> eb2e4494e6808171dca4a2e27cab19b6
  custom:audio-encoder-webm-vorbis: bf7c407c2cedff20999df2af8eb42d56 -> 
  custom:scripting/monoscript/fileName/GameRespawn.cs: 4e16be644a2a6965abf6e4d660a3f3d9 -> de38c5bfa9c430c63979501321be442e
  custom:scripting/monoscript/fileName/Outline.cs: 09c84349353572281e22293c31aa1a93 -> 5cc4e1f72e41e12efce0db8381204c45
  custom:scripting/precompiled-assembly-types:Assembly-CSharp: a3f8337d572177ee1a555098e6070d0d -> 9983f0a47bdcc277d42b44322341aebe
========================================================================
Received Prepare
Caller must complete domain reload
Begin MonoManager ReloadAssembly
- Loaded All Assemblies, in  0.573 seconds
Native extension for WindowsStandalone target not found
Mono: successfully reloaded assembly
- Finished resetting the current domain, in  2.801 seconds
Domain Reload Profiling: 3370ms
	BeginReloadAssembly (188ms)
		ExecutionOrderSort (0ms)
		DisableScriptedObjects (4ms)
		BackupInstance (0ms)
		ReleaseScriptingObjects (0ms)
		CreateAndSetChildDomain (37ms)
	RebuildCommonClasses (34ms)
	RebuildNativeTypeToScriptingClass (8ms)
	initialDomainReloadingComplete (31ms)
	LoadAllAssembliesAndSetupDomain (307ms)
		LoadAssemblies (400ms)
		RebuildTransferFunctionScriptingTraits (0ms)
		AnalyzeDomain (16ms)
			TypeCache.Refresh (5ms)
				TypeCache.ScanAssembly (0ms)
			ScanForSourceGeneratedMonoScriptInfo (0ms)
			ResolveRequiredComponents (9ms)
	FinalizeReload (2801ms)
		ReleaseScriptCaches (0ms)
		RebuildScriptCaches (0ms)
		SetupLoadedEditorAssemblies (498ms)
			LogAssemblyErrors (0ms)
			InitializePlatformSupportModulesInManaged (7ms)
			SetLoadedEditorAssemblies (6ms)
			RefreshPlugins (0ms)
			BeforeProcessingInitializeOnLoad (96ms)
			ProcessInitializeOnLoadAttributes (309ms)
			ProcessInitializeOnLoadMethodAttributes (70ms)
			AfterProcessingInitializeOnLoad (10ms)
			EditorAssembliesLoaded (0ms)
		ExecutionOrderSort2 (0ms)
		AwakeInstancesAfterBackupRestoration (9ms)
Refreshing native plugins compatible for Editor in 9.13 ms, found 3 plugins.
Preloading 0 native plugins for Editor in 0.00 ms.
Unloading 5275 Unused Serialized files (Serialized files now loaded: 0)
Unloading 24 unused Assets / (0.7 MB). Loaded Objects now: 6031.
Memory consumption went from 193.5 MB to 192.7 MB.
Total: 4.796600 ms (FindLiveObjects: 0.813700 ms CreateObjectMapping: 0.412400 ms MarkObjects: 3.143400 ms  DeleteObjects: 0.426500 ms)

Prepare: number of updated asset objects reloaded= 0
AssetImportParameters requested are different than current active one (requested -> active):
  custom:scripting/monoscript/fileName/PlayerControllerScript.cs: 611bee229e14d5c3cba5401576a48eca -> ac72a1ef68dfff9f45e5d291debc57b5
  custom:container-demuxer-ogg: 62fdf1f143b41e24485cea50d1cbac27 -> 
  custom:scripting/monoscript/fileName/Menu.cs: 0e1575f508e60d6d9d2287980b1e9d59 -> 6a6b6f10406332b78ded19ddc96541c7
  custom:video-codec-MediaFoundation-h265: 746d11721c4dcdbdad8f713fa42b33f4 -> 
  custom:video-decoder-ogg-theora: a1e56fd34408186e4bbccfd4996cb3dc -> 
  custom:scripting/monoscript/fileName/gameQuit.cs: 381d941fd2788eebf77d8cb6f70ef3c2 -> 7382bf7b61ded40b83716f0378898bfe
  custom:framework-win-MediaFoundation: 216162199b28c13a410421893ffa2e32 -> 
  custom:scripting/monoscript/fileName/nextscene.cs: 71d4e97111f2ccfb6469eaa5c15852fd -> 7f36a7078f337f359827de0bfa973d17
  custom:scripting/monoscript/fileName/MoveCamera.cs: 0ba2c6a4ff0b26c3b5d913ad712bdbcf -> 4cac7d10977ef19e1f3dcb198cffecc9
  custom:scripting/monoscript/fileName/GrapplingGun.cs: c6f63c2bc0100b9f6daba303de7e6391 -> 77176f16d51127b7327ebe60da444b1b
  custom:CustomObjectIndexerAttribute: 72b91833f83ae208fae7752999fa3104 -> 
  custom:container-demuxer-webm: 4f35f7cbe854078d1ac9338744f61a02 -> 
  custom:container-muxer-webm: aa71ff27fc2769a1b78a27578f13a17b -> 
  custom:video-decoder-webm-vp8: 9c59270c3fd7afecdb556c50c9e8de78 -> 
  custom:SearchIndexIgnoredProperties: e643bd26f0fe6173181afceb89e7c659 -> 
  custom:AudioImporter_EditorPlatform: d09bf68614088b80899f8185d706f6e7 -> 
  custom:scripting/monoscript/fileName/NewSceneTemplatePipeline.cs: b6f58a58324aadcdeb2ef714546683e7 -> 
  custom:scripting/monoscript/fileName/CursorState.cs: d9334e78ca93c8a76e4ffabba9acbc96 -> 18edcf0e60018a5a6aafd91b55f4838d
  custom:video-encoder-webm-vp8: eb34c28f22e8b96e1ab97ce403110664 -> 
  custom:audio-decoder-ogg-vorbis: bf7c407c2cedff20999df2af8eb42d56 -> 
  custom:scripting/monoscript/fileName/SoundPlayer.cs: 475d88b9df1544d8382efdce1bccce36 -> de8f3d4c96b446794089a8747c7618fc
  custom:scripting/monoscript/fileName/RotateGun.cs: 990b299e558ef4062b64873ad76f8048 -> eb2e4494e6808171dca4a2e27cab19b6
  custom:audio-encoder-webm-vorbis: bf7c407c2cedff20999df2af8eb42d56 -> 
  custom:scripting/monoscript/fileName/GameRespawn.cs: 4e16be644a2a6965abf6e4d660a3f3d9 -> de38c5bfa9c430c63979501321be442e
  custom:scripting/monoscript/fileName/Outline.cs: 09c84349353572281e22293c31aa1a93 -> 5cc4e1f72e41e12efce0db8381204c45
  custom:scripting/precompiled-assembly-types:Assembly-CSharp: a3f8337d572177ee1a555098e6070d0d -> 9983f0a47bdcc277d42b44322341aebe
========================================================================
Received Import Request.
  Time since last request: 615.633939 seconds.
  path: Assets/Parkour FPS - First Person Character Controller/Scripts
  artifactKey: Guid(26a49b4a9baed1848ab2e2d78e0aa297) Importer(815301076,1909f56bfc062723c751e8b465ee728b)
Start importing Assets/Parkour FPS - First Person Character Controller/Scripts using Guid(26a49b4a9baed1848ab2e2d78e0aa297) Importer(815301076,1909f56bfc062723c751e8b465ee728b) [PhysX] Initialized MultithreadedTaskDispatcher with 12 workers.
 -> (artifact id: '2a84cbd525fe0d061f3028ca1f699830') in 0.002100 seconds
Number of updated asset objects reloaded before import = 0
Number of asset objects unloaded after import = 0
========================================================================
Received Prepare
Caller must complete domain reload
Begin MonoManager ReloadAssembly
- Loaded All Assemblies, in  0.591 seconds
Native extension for WindowsStandalone target not found
Mono: successfully reloaded assembly
- Finished resetting the current domain, in  3.204 seconds
Domain Reload Profiling: 3792ms
	BeginReloadAssembly (166ms)
		ExecutionOrderSort (0ms)
		DisableScriptedObjects (3ms)
		BackupInstance (0ms)
		ReleaseScriptingObjects (0ms)
		CreateAndSetChildDomain (35ms)
	RebuildCommonClasses (30ms)
	RebuildNativeTypeToScriptingClass (9ms)
	initialDomainReloadingComplete (29ms)
	LoadAllAssembliesAndSetupDomain (352ms)
		LoadAssemblies (393ms)
		RebuildTransferFunctionScriptingTraits (0ms)
		AnalyzeDomain (51ms)
			TypeCache.Refresh (11ms)
				TypeCache.ScanAssembly (0ms)
			ScanForSourceGeneratedMonoScriptInfo (26ms)
			ResolveRequiredComponents (12ms)
	FinalizeReload (3205ms)
		ReleaseScriptCaches (0ms)
		RebuildScriptCaches (0ms)
		SetupLoadedEditorAssemblies (423ms)
			LogAssemblyErrors (0ms)
			InitializePlatformSupportModulesInManaged (5ms)
			SetLoadedEditorAssemblies (4ms)
			RefreshPlugins (0ms)
			BeforeProcessingInitializeOnLoad (79ms)
			ProcessInitializeOnLoadAttributes (263ms)
			ProcessInitializeOnLoadMethodAttributes (65ms)
			AfterProcessingInitializeOnLoad (7ms)
			EditorAssembliesLoaded (0ms)
		ExecutionOrderSort2 (0ms)
		AwakeInstancesAfterBackupRestoration (7ms)
Refreshing native plugins compatible for Editor in 8.91 ms, found 3 plugins.
Preloading 0 native plugins for Editor in 0.00 ms.
Unloading 5274 Unused Serialized files (Serialized files now loaded: 0)
Unloading 25 unused Assets / (0.7 MB). Loaded Objects now: 6034.
Memory consumption went from 193.2 MB to 192.5 MB.
Total: 4.118200 ms (FindLiveObjects: 0.536500 ms CreateObjectMapping: 0.349900 ms MarkObjects: 2.768500 ms  DeleteObjects: 0.462700 ms)

Prepare: number of updated asset objects reloaded= 0
AssetImportParameters requested are different than current active one (requested -> active):
  custom:scripting/monoscript/fileName/PlayerControllerScript.cs: 611bee229e14d5c3cba5401576a48eca -> ac72a1ef68dfff9f45e5d291debc57b5
  custom:container-demuxer-ogg: 62fdf1f143b41e24485cea50d1cbac27 -> 
  custom:scripting/monoscript/fileName/Menu.cs: 0e1575f508e60d6d9d2287980b1e9d59 -> 6a6b6f10406332b78ded19ddc96541c7
  custom:video-codec-MediaFoundation-h265: 746d11721c4dcdbdad8f713fa42b33f4 -> 
  custom:video-decoder-ogg-theora: a1e56fd34408186e4bbccfd4996cb3dc -> 
  custom:scripting/monoscript/fileName/gameQuit.cs: 381d941fd2788eebf77d8cb6f70ef3c2 -> 7382bf7b61ded40b83716f0378898bfe
  custom:framework-win-MediaFoundation: 216162199b28c13a410421893ffa2e32 -> 
  custom:scripting/monoscript/fileName/nextscene.cs: 71d4e97111f2ccfb6469eaa5c15852fd -> 7f36a7078f337f359827de0bfa973d17
  custom:scripting/monoscript/fileName/MoveCamera.cs: 0ba2c6a4ff0b26c3b5d913ad712bdbcf -> 4cac7d10977ef19e1f3dcb198cffecc9
  custom:scripting/monoscript/fileName/GrapplingGun.cs: c6f63c2bc0100b9f6daba303de7e6391 -> 77176f16d51127b7327ebe60da444b1b
  custom:CustomObjectIndexerAttribute: 72b91833f83ae208fae7752999fa3104 -> 
  custom:container-demuxer-webm: 4f35f7cbe854078d1ac9338744f61a02 -> 
  custom:container-muxer-webm: aa71ff27fc2769a1b78a27578f13a17b -> 
  custom:video-decoder-webm-vp8: 9c59270c3fd7afecdb556c50c9e8de78 -> 
  custom:SearchIndexIgnoredProperties: e643bd26f0fe6173181afceb89e7c659 -> 
  custom:AudioImporter_EditorPlatform: d09bf68614088b80899f8185d706f6e7 -> 
  custom:scripting/monoscript/fileName/NewSceneTemplatePipeline.cs: b6f58a58324aadcdeb2ef714546683e7 -> 
  custom:scripting/monoscript/fileName/CursorState.cs: d9334e78ca93c8a76e4ffabba9acbc96 -> 18edcf0e60018a5a6aafd91b55f4838d
  custom:video-encoder-webm-vp8: eb34c28f22e8b96e1ab97ce403110664 -> 
  custom:audio-decoder-ogg-vorbis: bf7c407c2cedff20999df2af8eb42d56 -> 
  custom:scripting/monoscript/fileName/SoundPlayer.cs: 475d88b9df1544d8382efdce1bccce36 -> de8f3d4c96b446794089a8747c7618fc
  custom:scripting/monoscript/fileName/RotateGun.cs: 990b299e558ef4062b64873ad76f8048 -> eb2e4494e6808171dca4a2e27cab19b6
  custom:audio-encoder-webm-vorbis: bf7c407c2cedff20999df2af8eb42d56 -> 
  custom:scripting/monoscript/fileName/GameRespawn.cs: 4e16be644a2a6965abf6e4d660a3f3d9 -> de38c5bfa9c430c63979501321be442e
  custom:scripting/monoscript/fileName/Outline.cs: 09c84349353572281e22293c31aa1a93 -> 5cc4e1f72e41e12efce0db8381204c45
  custom:scripting/precompiled-assembly-types:Assembly-CSharp: 9e68c45226702739bda24919f6288cd1 -> 9983f0a47bdcc277d42b44322341aebe
========================================================================
Received Prepare
Caller must complete domain reload
Begin MonoManager ReloadAssembly
- Loaded All Assemblies, in  0.680 seconds
Native extension for WindowsStandalone target not found
Mono: successfully reloaded assembly
- Finished resetting the current domain, in  1.931 seconds
Domain Reload Profiling: 2605ms
	BeginReloadAssembly (182ms)
		ExecutionOrderSort (0ms)
		DisableScriptedObjects (5ms)
		BackupInstance (0ms)
		ReleaseScriptingObjects (0ms)
		CreateAndSetChildDomain (36ms)
	RebuildCommonClasses (34ms)
	RebuildNativeTypeToScriptingClass (11ms)
	initialDomainReloadingComplete (37ms)
	LoadAllAssembliesAndSetupDomain (410ms)
		LoadAssemblies (487ms)
		RebuildTransferFunctionScriptingTraits (0ms)
		AnalyzeDomain (22ms)
			TypeCache.Refresh (7ms)
				TypeCache.ScanAssembly (0ms)
			ScanForSourceGeneratedMonoScriptInfo (0ms)
			ResolveRequiredComponents (13ms)
	FinalizeReload (1932ms)
		ReleaseScriptCaches (0ms)
		RebuildScriptCaches (0ms)
		SetupLoadedEditorAssemblies (547ms)
			LogAssemblyErrors (0ms)
			InitializePlatformSupportModulesInManaged (7ms)
			SetLoadedEditorAssemblies (4ms)
			RefreshPlugins (0ms)
			BeforeProcessingInitializeOnLoad (97ms)
			ProcessInitializeOnLoadAttributes (354ms)
			ProcessInitializeOnLoadMethodAttributes (74ms)
			AfterProcessingInitializeOnLoad (10ms)
			EditorAssembliesLoaded (0ms)
		ExecutionOrderSort2 (0ms)
		AwakeInstancesAfterBackupRestoration (8ms)
Refreshing native plugins compatible for Editor in 9.28 ms, found 3 plugins.
Preloading 0 native plugins for Editor in 0.00 ms.
Unloading 5275 Unused Serialized files (Serialized files now loaded: 0)
Unloading 24 unused Assets / (0.7 MB). Loaded Objects now: 6037.
Memory consumption went from 193.5 MB to 192.7 MB.
Total: 4.466000 ms (FindLiveObjects: 0.479700 ms CreateObjectMapping: 0.403000 ms MarkObjects: 3.183700 ms  DeleteObjects: 0.398600 ms)

Prepare: number of updated asset objects reloaded= 0
AssetImportParameters requested are different than current active one (requested -> active):
  custom:scripting/monoscript/fileName/PlayerControllerScript.cs: 611bee229e14d5c3cba5401576a48eca -> ac72a1ef68dfff9f45e5d291debc57b5
  custom:container-demuxer-ogg: 62fdf1f143b41e24485cea50d1cbac27 -> 
  custom:scripting/monoscript/fileName/Menu.cs: 0e1575f508e60d6d9d2287980b1e9d59 -> 6a6b6f10406332b78ded19ddc96541c7
  custom:video-codec-MediaFoundation-h265: 746d11721c4dcdbdad8f713fa42b33f4 -> 
  custom:video-decoder-ogg-theora: a1e56fd34408186e4bbccfd4996cb3dc -> 
  custom:scripting/monoscript/fileName/gameQuit.cs: 381d941fd2788eebf77d8cb6f70ef3c2 -> 7382bf7b61ded40b83716f0378898bfe
  custom:framework-win-MediaFoundation: 216162199b28c13a410421893ffa2e32 -> 
  custom:scripting/monoscript/fileName/nextscene.cs: 71d4e97111f2ccfb6469eaa5c15852fd -> 7f36a7078f337f359827de0bfa973d17
  custom:scripting/monoscript/fileName/MoveCamera.cs: 0ba2c6a4ff0b26c3b5d913ad712bdbcf -> 4cac7d10977ef19e1f3dcb198cffecc9
  custom:scripting/monoscript/fileName/GrapplingGun.cs: c6f63c2bc0100b9f6daba303de7e6391 -> 77176f16d51127b7327ebe60da444b1b
  custom:CustomObjectIndexerAttribute: 72b91833f83ae208fae7752999fa3104 -> 
  custom:container-demuxer-webm: 4f35f7cbe854078d1ac9338744f61a02 -> 
  custom:container-muxer-webm: aa71ff27fc2769a1b78a27578f13a17b -> 
  custom:video-decoder-webm-vp8: 9c59270c3fd7afecdb556c50c9e8de78 -> 
  custom:SearchIndexIgnoredProperties: e643bd26f0fe6173181afceb89e7c659 -> 
  custom:AudioImporter_EditorPlatform: d09bf68614088b80899f8185d706f6e7 -> 
  custom:scripting/monoscript/fileName/NewSceneTemplatePipeline.cs: b6f58a58324aadcdeb2ef714546683e7 -> 
  custom:scripting/monoscript/fileName/CursorState.cs: d9334e78ca93c8a76e4ffabba9acbc96 -> 18edcf0e60018a5a6aafd91b55f4838d
  custom:video-encoder-webm-vp8: eb34c28f22e8b96e1ab97ce403110664 -> 
  custom:audio-decoder-ogg-vorbis: bf7c407c2cedff20999df2af8eb42d56 -> 
  custom:scripting/monoscript/fileName/SoundPlayer.cs: 475d88b9df1544d8382efdce1bccce36 -> de8f3d4c96b446794089a8747c7618fc
  custom:scripting/monoscript/fileName/RotateGun.cs: 990b299e558ef4062b64873ad76f8048 -> eb2e4494e6808171dca4a2e27cab19b6
  custom:audio-encoder-webm-vorbis: bf7c407c2cedff20999df2af8eb42d56 -> 
  custom:scripting/monoscript/fileName/GameRespawn.cs: 4e16be644a2a6965abf6e4d660a3f3d9 -> de38c5bfa9c430c63979501321be442e
  custom:scripting/monoscript/fileName/Outline.cs: 09c84349353572281e22293c31aa1a93 -> 5cc4e1f72e41e12efce0db8381204c45
  custom:scripting/precompiled-assembly-types:Assembly-CSharp: 9e68c45226702739bda24919f6288cd1 -> 9983f0a47bdcc277d42b44322341aebe
========================================================================
Received Import Request.
  Time since last request: 137.493353 seconds.
  path: Assets/Parkour FPS - First Person Character Controller
  artifactKey: Guid(399133c968b89df438b281870f812972) Importer(815301076,1909f56bfc062723c751e8b465ee728b)
Start importing Assets/Parkour FPS - First Person Character Controller using Guid(399133c968b89df438b281870f812972) Importer(815301076,1909f56bfc062723c751e8b465ee728b) [PhysX] Initialized MultithreadedTaskDispatcher with 12 workers.
 -> (artifact id: 'a31cf9c3eddeefbc28decc7a20983362') in 0.001372 seconds
Number of updated asset objects reloaded before import = 0
Number of asset objects unloaded after import = 0
========================================================================
Received Import Request.
  Time since last request: 0.844760 seconds.
  path: Assets/Parkour FPS - First Person Character Controller/Materials
  artifactKey: Guid(b6931494fa1ac0f4ba40b1d3d7df4cb1) Importer(815301076,1909f56bfc062723c751e8b465ee728b)
Start importing Assets/Parkour FPS - First Person Character Controller/Materials using Guid(b6931494fa1ac0f4ba40b1d3d7df4cb1) Importer(815301076,1909f56bfc062723c751e8b465ee728b) [PhysX] Initialized MultithreadedTaskDispatcher with 12 workers.
 -> (artifact id: '7cea819b9e73fa8d11ffb8e96a4fa686') in 0.000458 seconds
Number of updated asset objects reloaded before import = 0
Number of asset objects unloaded after import = 0
========================================================================
Received Import Request.
  Time since last request: 0.062476 seconds.
  path: Assets/Parkour FPS - First Person Character Controller/Materials/BlueMat.mat
  artifactKey: Guid(3b0ae79d3f088594ab1aea53c6dbca8b) Importer(815301076,1909f56bfc062723c751e8b465ee728b)
Start importing Assets/Parkour FPS - First Person Character Controller/Materials/BlueMat.mat using Guid(3b0ae79d3f088594ab1aea53c6dbca8b) Importer(815301076,1909f56bfc062723c751e8b465ee728b) [PhysX] Initialized MultithreadedTaskDispatcher with 12 workers.
[PhysX] Initialized MultithreadedTaskDispatcher with 12 workers.
 -> (artifact id: 'aab0ac7db7e50cd79992cff0d6f126a4') in 0.074315 seconds
Number of updated asset objects reloaded before import = 0
Number of asset objects unloaded after import = 1
========================================================================
Received Import Request.
  Time since last request: 0.000042 seconds.
  path: Assets/Parkour FPS - First Person Character Controller/Materials/SpeedLinesMat.mat
  artifactKey: Guid(0b95536756a26eb4fbc80703c9fb0e28) Importer(815301076,1909f56bfc062723c751e8b465ee728b)
Start importing Assets/Parkour FPS - First Person Character Controller/Materials/SpeedLinesMat.mat using Guid(0b95536756a26eb4fbc80703c9fb0e28) Importer(815301076,1909f56bfc062723c751e8b465ee728b) [PhysX] Initialized MultithreadedTaskDispatcher with 12 workers.
[PhysX] Initialized MultithreadedTaskDispatcher with 12 workers.
 -> (artifact id: 'c55eeca3aec0ce950a6438d5ebfcb0e2') in 0.013533 seconds
Number of updated asset objects reloaded before import = 0
Number of asset objects unloaded after import = 2
========================================================================
Received Import Request.
  Time since last request: 0.000016 seconds.
  path: Assets/Parkour FPS - First Person Character Controller/Materials/RedMat.mat
  artifactKey: Guid(651000d646ca4814583bee15fa17e414) Importer(815301076,1909f56bfc062723c751e8b465ee728b)
Start importing Assets/Parkour FPS - First Person Character Controller/Materials/RedMat.mat using Guid(651000d646ca4814583bee15fa17e414) Importer(815301076,1909f56bfc062723c751e8b465ee728b) [PhysX] Initialized MultithreadedTaskDispatcher with 12 workers.
[PhysX] Initialized MultithreadedTaskDispatcher with 12 workers.
 -> (artifact id: '17d5bbcd892f0abe17da694f62541807') in 0.007787 seconds
Number of updated asset objects reloaded before import = 0
Number of asset objects unloaded after import = 1
========================================================================
Received Prepare
Caller must complete domain reload
Begin MonoManager ReloadAssembly
- Loaded All Assemblies, in  0.542 seconds
Native extension for WindowsStandalone target not found
Mono: successfully reloaded assembly
- Finished resetting the current domain, in  1.970 seconds
Domain Reload Profiling: 2508ms
	BeginReloadAssembly (169ms)
		ExecutionOrderSort (0ms)
		DisableScriptedObjects (3ms)
		BackupInstance (0ms)
		ReleaseScriptingObjects (0ms)
		CreateAndSetChildDomain (33ms)
	RebuildCommonClasses (28ms)
	RebuildNativeTypeToScriptingClass (9ms)
	initialDomainReloadingComplete (32ms)
	LoadAllAssembliesAndSetupDomain (299ms)
		LoadAssemblies (376ms)
		RebuildTransferFunctionScriptingTraits (0ms)
		AnalyzeDomain (23ms)
			TypeCache.Refresh (8ms)
				TypeCache.ScanAssembly (0ms)
			ScanForSourceGeneratedMonoScriptInfo (0ms)
			ResolveRequiredComponents (13ms)
	FinalizeReload (1970ms)
		ReleaseScriptCaches (0ms)
		RebuildScriptCaches (0ms)
		SetupLoadedEditorAssemblies (540ms)
			LogAssemblyErrors (0ms)
			InitializePlatformSupportModulesInManaged (8ms)
			SetLoadedEditorAssemblies (5ms)
			RefreshPlugins (0ms)
			BeforeProcessingInitializeOnLoad (95ms)
			ProcessInitializeOnLoadAttributes (346ms)
			ProcessInitializeOnLoadMethodAttributes (75ms)
			AfterProcessingInitializeOnLoad (11ms)
			EditorAssembliesLoaded (0ms)
		ExecutionOrderSort2 (0ms)
		AwakeInstancesAfterBackupRestoration (8ms)
Refreshing native plugins compatible for Editor in 9.58 ms, found 3 plugins.
Preloading 0 native plugins for Editor in 0.00 ms.
Unloading 5274 Unused Serialized files (Serialized files now loaded: 0)
Unloading 24 unused Assets / (0.7 MB). Loaded Objects now: 6040.
Memory consumption went from 193.2 MB to 192.5 MB.
Total: 4.178900 ms (FindLiveObjects: 0.459600 ms CreateObjectMapping: 0.191200 ms MarkObjects: 3.142300 ms  DeleteObjects: 0.385100 ms)

Prepare: number of updated asset objects reloaded= 0
AssetImportParameters requested are different than current active one (requested -> active):
  custom:scripting/monoscript/fileName/PlayerControllerScript.cs: 611bee229e14d5c3cba5401576a48eca -> ac72a1ef68dfff9f45e5d291debc57b5
  custom:container-demuxer-ogg: 62fdf1f143b41e24485cea50d1cbac27 -> 
  custom:scripting/monoscript/fileName/Menu.cs: 0e1575f508e60d6d9d2287980b1e9d59 -> 6a6b6f10406332b78ded19ddc96541c7
  custom:video-codec-MediaFoundation-h265: 746d11721c4dcdbdad8f713fa42b33f4 -> 
  custom:video-decoder-ogg-theora: a1e56fd34408186e4bbccfd4996cb3dc -> 
  custom:scripting/monoscript/fileName/gameQuit.cs: 381d941fd2788eebf77d8cb6f70ef3c2 -> 7382bf7b61ded40b83716f0378898bfe
  custom:framework-win-MediaFoundation: 216162199b28c13a410421893ffa2e32 -> 
  custom:scripting/monoscript/fileName/nextscene.cs: 71d4e97111f2ccfb6469eaa5c15852fd -> 7f36a7078f337f359827de0bfa973d17
  custom:scripting/monoscript/fileName/MoveCamera.cs: 0ba2c6a4ff0b26c3b5d913ad712bdbcf -> 4cac7d10977ef19e1f3dcb198cffecc9
  custom:scripting/monoscript/fileName/GrapplingGun.cs: c6f63c2bc0100b9f6daba303de7e6391 -> 77176f16d51127b7327ebe60da444b1b
  custom:CustomObjectIndexerAttribute: 72b91833f83ae208fae7752999fa3104 -> 
  custom:container-demuxer-webm: 4f35f7cbe854078d1ac9338744f61a02 -> 
  custom:container-muxer-webm: aa71ff27fc2769a1b78a27578f13a17b -> 
  custom:video-decoder-webm-vp8: 9c59270c3fd7afecdb556c50c9e8de78 -> 
  custom:SearchIndexIgnoredProperties: e643bd26f0fe6173181afceb89e7c659 -> 
  custom:AudioImporter_EditorPlatform: d09bf68614088b80899f8185d706f6e7 -> 
  custom:scripting/monoscript/fileName/NewSceneTemplatePipeline.cs: b6f58a58324aadcdeb2ef714546683e7 -> 
  custom:scripting/monoscript/fileName/CursorState.cs: d9334e78ca93c8a76e4ffabba9acbc96 -> 18edcf0e60018a5a6aafd91b55f4838d
  custom:video-encoder-webm-vp8: eb34c28f22e8b96e1ab97ce403110664 -> 
  custom:audio-decoder-ogg-vorbis: bf7c407c2cedff20999df2af8eb42d56 -> 
  custom:scripting/monoscript/fileName/SoundPlayer.cs: 475d88b9df1544d8382efdce1bccce36 -> de8f3d4c96b446794089a8747c7618fc
  custom:scripting/monoscript/fileName/RotateGun.cs: 990b299e558ef4062b64873ad76f8048 -> eb2e4494e6808171dca4a2e27cab19b6
  custom:audio-encoder-webm-vorbis: bf7c407c2cedff20999df2af8eb42d56 -> 
  custom:scripting/monoscript/fileName/GameRespawn.cs: 4e16be644a2a6965abf6e4d660a3f3d9 -> de38c5bfa9c430c63979501321be442e
  custom:scripting/monoscript/fileName/Outline.cs: 09c84349353572281e22293c31aa1a93 -> 5cc4e1f72e41e12efce0db8381204c45
  custom:scripting/precompiled-assembly-types:Assembly-CSharp: 9e68c45226702739bda24919f6288cd1 -> 9983f0a47bdcc277d42b44322341aebe
========================================================================
Received Import Request.
  Time since last request: 204.541036 seconds.
  path: Assets/Parkour FPS - First Person Character Controller/Scripts/PlayerControllerScript.cs
  artifactKey: Guid(3ccf5fc4c113d134c82830320b9fe9b8) Importer(815301076,1909f56bfc062723c751e8b465ee728b)
Start importing Assets/Parkour FPS - First Person Character Controller/Scripts/PlayerControllerScript.cs using Guid(3ccf5fc4c113d134c82830320b9fe9b8) Importer(815301076,1909f56bfc062723c751e8b465ee728b) [PhysX] Initialized MultithreadedTaskDispatcher with 12 workers.
 -> (artifact id: '352d2692b933e61935d6c61fa8f735bc') in 0.001570 seconds
Number of updated asset objects reloaded before import = 0
Number of asset objects unloaded after import = 0
========================================================================
Received Prepare
Caller must complete domain reload
Begin MonoManager ReloadAssembly
- Loaded All Assemblies, in  0.572 seconds
Native extension for WindowsStandalone target not found
Mono: successfully reloaded assembly
- Finished resetting the current domain, in  1.667 seconds
Domain Reload Profiling: 2233ms
	BeginReloadAssembly (154ms)
		ExecutionOrderSort (0ms)
		DisableScriptedObjects (3ms)
		BackupInstance (0ms)
		ReleaseScriptingObjects (0ms)
		CreateAndSetChildDomain (28ms)
	RebuildCommonClasses (45ms)
	RebuildNativeTypeToScriptingClass (16ms)
	initialDomainReloadingComplete (34ms)
	LoadAllAssembliesAndSetupDomain (316ms)
		LoadAssemblies (363ms)
		RebuildTransferFunctionScriptingTraits (0ms)
		AnalyzeDomain (42ms)
			TypeCache.Refresh (10ms)
				TypeCache.ScanAssembly (0ms)
			ScanForSourceGeneratedMonoScriptInfo (18ms)
			ResolveRequiredComponents (11ms)
	FinalizeReload (1668ms)
		ReleaseScriptCaches (0ms)
		RebuildScriptCaches (0ms)
		SetupLoadedEditorAssemblies (404ms)
			LogAssemblyErrors (0ms)
			InitializePlatformSupportModulesInManaged (5ms)
			SetLoadedEditorAssemblies (4ms)
			RefreshPlugins (0ms)
			BeforeProcessingInitializeOnLoad (76ms)
			ProcessInitializeOnLoadAttributes (253ms)
			ProcessInitializeOnLoadMethodAttributes (57ms)
			AfterProcessingInitializeOnLoad (9ms)
			EditorAssembliesLoaded (0ms)
		ExecutionOrderSort2 (0ms)
		AwakeInstancesAfterBackupRestoration (7ms)
Refreshing native plugins compatible for Editor in 8.95 ms, found 3 plugins.
Preloading 0 native plugins for Editor in 0.00 ms.
Unloading 5274 Unused Serialized files (Serialized files now loaded: 0)
Unloading 24 unused Assets / (0.7 MB). Loaded Objects now: 6043.
Memory consumption went from 193.2 MB to 192.5 MB.
Total: 3.833900 ms (FindLiveObjects: 0.336100 ms CreateObjectMapping: 0.257800 ms MarkObjects: 2.904200 ms  DeleteObjects: 0.335100 ms)

Prepare: number of updated asset objects reloaded= 0
AssetImportParameters requested are different than current active one (requested -> active):
  custom:scripting/monoscript/fileName/PlayerControllerScript.cs: 611bee229e14d5c3cba5401576a48eca -> ac72a1ef68dfff9f45e5d291debc57b5
  custom:container-demuxer-ogg: 62fdf1f143b41e24485cea50d1cbac27 -> 
  custom:scripting/monoscript/fileName/Menu.cs: 0e1575f508e60d6d9d2287980b1e9d59 -> 6a6b6f10406332b78ded19ddc96541c7
  custom:video-codec-MediaFoundation-h265: 746d11721c4dcdbdad8f713fa42b33f4 -> 
  custom:video-decoder-ogg-theora: a1e56fd34408186e4bbccfd4996cb3dc -> 
  custom:scripting/monoscript/fileName/gameQuit.cs: 381d941fd2788eebf77d8cb6f70ef3c2 -> 7382bf7b61ded40b83716f0378898bfe
  custom:framework-win-MediaFoundation: 216162199b28c13a410421893ffa2e32 -> 
  custom:scripting/monoscript/fileName/nextscene.cs: 71d4e97111f2ccfb6469eaa5c15852fd -> 7f36a7078f337f359827de0bfa973d17
  custom:scripting/monoscript/fileName/MoveCamera.cs: 0ba2c6a4ff0b26c3b5d913ad712bdbcf -> 4cac7d10977ef19e1f3dcb198cffecc9
  custom:scripting/monoscript/fileName/GrapplingGun.cs: c6f63c2bc0100b9f6daba303de7e6391 -> 77176f16d51127b7327ebe60da444b1b
  custom:CustomObjectIndexerAttribute: 72b91833f83ae208fae7752999fa3104 -> 
  custom:container-demuxer-webm: 4f35f7cbe854078d1ac9338744f61a02 -> 
  custom:container-muxer-webm: aa71ff27fc2769a1b78a27578f13a17b -> 
  custom:video-decoder-webm-vp8: 9c59270c3fd7afecdb556c50c9e8de78 -> 
  custom:SearchIndexIgnoredProperties: e643bd26f0fe6173181afceb89e7c659 -> 
  custom:AudioImporter_EditorPlatform: d09bf68614088b80899f8185d706f6e7 -> 
  custom:scripting/monoscript/fileName/NewSceneTemplatePipeline.cs: b6f58a58324aadcdeb2ef714546683e7 -> 
  custom:scripting/monoscript/fileName/CursorState.cs: d9334e78ca93c8a76e4ffabba9acbc96 -> 18edcf0e60018a5a6aafd91b55f4838d
  custom:video-encoder-webm-vp8: eb34c28f22e8b96e1ab97ce403110664 -> 
  custom:audio-decoder-ogg-vorbis: bf7c407c2cedff20999df2af8eb42d56 -> 
  custom:scripting/monoscript/fileName/SoundPlayer.cs: 475d88b9df1544d8382efdce1bccce36 -> de8f3d4c96b446794089a8747c7618fc
  custom:scripting/monoscript/fileName/RotateGun.cs: 990b299e558ef4062b64873ad76f8048 -> eb2e4494e6808171dca4a2e27cab19b6
  custom:audio-encoder-webm-vorbis: bf7c407c2cedff20999df2af8eb42d56 -> 
  custom:scripting/monoscript/fileName/GameRespawn.cs: 4e16be644a2a6965abf6e4d660a3f3d9 -> de38c5bfa9c430c63979501321be442e
  custom:scripting/monoscript/fileName/Outline.cs: 09c84349353572281e22293c31aa1a93 -> 5cc4e1f72e41e12efce0db8381204c45
  custom:scripting/precompiled-assembly-types:Assembly-CSharp: 83acc3865680cbb5ffc18739c17f64c4 -> 9983f0a47bdcc277d42b44322341aebe
========================================================================
Received Import Request.
  Time since last request: 31.325479 seconds.
  path: Assets/Scenes/Example Scene.unity
  artifactKey: Guid(9cfe0805185524947a94a961e3a6506a) Importer(815301076,1909f56bfc062723c751e8b465ee728b)
Start importing Assets/Scenes/Example Scene.unity using Guid(9cfe0805185524947a94a961e3a6506a) Importer(815301076,1909f56bfc062723c751e8b465ee728b) [PhysX] Initialized MultithreadedTaskDispatcher with 12 workers.
 -> (artifact id: '6d4e42c9acda44cc7f682b113a5a452d') in 0.001490 seconds
Number of updated asset objects reloaded before import = 0
Number of asset objects unloaded after import = 0
========================================================================
Received Import Request.
  Time since last request: 16.231425 seconds.
  path: Assets/Scenes/Wall Movement/Level7.unity
  artifactKey: Guid(70dc6346b694b664aabcba92efe943fd) Importer(815301076,1909f56bfc062723c751e8b465ee728b)
Start importing Assets/Scenes/Wall Movement/Level7.unity using Guid(70dc6346b694b664aabcba92efe943fd) Importer(815301076,1909f56bfc062723c751e8b465ee728b) [PhysX] Initialized MultithreadedTaskDispatcher with 12 workers.
 -> (artifact id: 'd34f1763fc9969b3325f6cbec7c1fdb9') in 0.000938 seconds
Number of updated asset objects reloaded before import = 0
Number of asset objects unloaded after import = 0
========================================================================
Received Prepare
Caller must complete domain reload
Begin MonoManager ReloadAssembly
- Loaded All Assemblies, in  0.520 seconds
Native extension for WindowsStandalone target not found
Mono: successfully reloaded assembly
- Finished resetting the current domain, in  1.898 seconds
Domain Reload Profiling: 2414ms
	BeginReloadAssembly (163ms)
		ExecutionOrderSort (0ms)
		DisableScriptedObjects (6ms)
		BackupInstance (0ms)
		ReleaseScriptingObjects (0ms)
		CreateAndSetChildDomain (30ms)
	RebuildCommonClasses (32ms)
	RebuildNativeTypeToScriptingClass (10ms)
	initialDomainReloadingComplete (38ms)
	LoadAllAssembliesAndSetupDomain (272ms)
		LoadAssemblies (339ms)
		RebuildTransferFunctionScriptingTraits (0ms)
		AnalyzeDomain (24ms)
			TypeCache.Refresh (7ms)
				TypeCache.ScanAssembly (0ms)
			ScanForSourceGeneratedMonoScriptInfo (0ms)
			ResolveRequiredComponents (15ms)
	FinalizeReload (1898ms)
		ReleaseScriptCaches (0ms)
		RebuildScriptCaches (0ms)
		SetupLoadedEditorAssemblies (529ms)
			LogAssemblyErrors (0ms)
			InitializePlatformSupportModulesInManaged (6ms)
			SetLoadedEditorAssemblies (5ms)
			RefreshPlugins (0ms)
			BeforeProcessingInitializeOnLoad (95ms)
			ProcessInitializeOnLoadAttributes (337ms)
			ProcessInitializeOnLoadMethodAttributes (76ms)
			AfterProcessingInitializeOnLoad (10ms)
			EditorAssembliesLoaded (0ms)
		ExecutionOrderSort2 (0ms)
		AwakeInstancesAfterBackupRestoration (8ms)
Refreshing native plugins compatible for Editor in 8.62 ms, found 3 plugins.
Preloading 0 native plugins for Editor in 0.00 ms.
Unloading 5274 Unused Serialized files (Serialized files now loaded: 0)
Unloading 24 unused Assets / (0.7 MB). Loaded Objects now: 6046.
Memory consumption went from 193.2 MB to 192.5 MB.
Total: 3.571600 ms (FindLiveObjects: 0.339800 ms CreateObjectMapping: 0.157500 ms MarkObjects: 2.733300 ms  DeleteObjects: 0.340200 ms)

Prepare: number of updated asset objects reloaded= 0
AssetImportParameters requested are different than current active one (requested -> active):
  custom:scripting/monoscript/fileName/PlayerControllerScript.cs: 611bee229e14d5c3cba5401576a48eca -> ac72a1ef68dfff9f45e5d291debc57b5
  custom:container-demuxer-ogg: 62fdf1f143b41e24485cea50d1cbac27 -> 
  custom:scripting/monoscript/fileName/Menu.cs: 0e1575f508e60d6d9d2287980b1e9d59 -> 6a6b6f10406332b78ded19ddc96541c7
  custom:video-codec-MediaFoundation-h265: 746d11721c4dcdbdad8f713fa42b33f4 -> 
  custom:video-decoder-ogg-theora: a1e56fd34408186e4bbccfd4996cb3dc -> 
  custom:scripting/monoscript/fileName/gameQuit.cs: 381d941fd2788eebf77d8cb6f70ef3c2 -> 7382bf7b61ded40b83716f0378898bfe
  custom:framework-win-MediaFoundation: 216162199b28c13a410421893ffa2e32 -> 
  custom:scripting/monoscript/fileName/nextscene.cs: 71d4e97111f2ccfb6469eaa5c15852fd -> 7f36a7078f337f359827de0bfa973d17
  custom:scripting/monoscript/fileName/MoveCamera.cs: 0ba2c6a4ff0b26c3b5d913ad712bdbcf -> 4cac7d10977ef19e1f3dcb198cffecc9
  custom:scripting/monoscript/fileName/GrapplingGun.cs: c6f63c2bc0100b9f6daba303de7e6391 -> 77176f16d51127b7327ebe60da444b1b
  custom:CustomObjectIndexerAttribute: 72b91833f83ae208fae7752999fa3104 -> 
  custom:container-demuxer-webm: 4f35f7cbe854078d1ac9338744f61a02 -> 
  custom:container-muxer-webm: aa71ff27fc2769a1b78a27578f13a17b -> 
  custom:video-decoder-webm-vp8: 9c59270c3fd7afecdb556c50c9e8de78 -> 
  custom:SearchIndexIgnoredProperties: e643bd26f0fe6173181afceb89e7c659 -> 
  custom:AudioImporter_EditorPlatform: d09bf68614088b80899f8185d706f6e7 -> 
  custom:scripting/monoscript/fileName/NewSceneTemplatePipeline.cs: b6f58a58324aadcdeb2ef714546683e7 -> 
  custom:scripting/monoscript/fileName/CursorState.cs: d9334e78ca93c8a76e4ffabba9acbc96 -> 18edcf0e60018a5a6aafd91b55f4838d
  custom:video-encoder-webm-vp8: eb34c28f22e8b96e1ab97ce403110664 -> 
  custom:audio-decoder-ogg-vorbis: bf7c407c2cedff20999df2af8eb42d56 -> 
  custom:scripting/monoscript/fileName/SoundPlayer.cs: 475d88b9df1544d8382efdce1bccce36 -> de8f3d4c96b446794089a8747c7618fc
  custom:scripting/monoscript/fileName/RotateGun.cs: 990b299e558ef4062b64873ad76f8048 -> eb2e4494e6808171dca4a2e27cab19b6
  custom:audio-encoder-webm-vorbis: bf7c407c2cedff20999df2af8eb42d56 -> 
  custom:scripting/monoscript/fileName/GameRespawn.cs: 4e16be644a2a6965abf6e4d660a3f3d9 -> de38c5bfa9c430c63979501321be442e
  custom:scripting/monoscript/fileName/Outline.cs: 09c84349353572281e22293c31aa1a93 -> 5cc4e1f72e41e12efce0db8381204c45
  custom:scripting/precompiled-assembly-types:Assembly-CSharp: 83acc3865680cbb5ffc18739c17f64c4 -> 9983f0a47bdcc277d42b44322341aebe
========================================================================
Received Prepare
Caller must complete domain reload
Begin MonoManager ReloadAssembly
- Loaded All Assemblies, in  0.489 seconds
Native extension for WindowsStandalone target not found
Mono: successfully reloaded assembly
- Finished resetting the current domain, in  1.805 seconds
Domain Reload Profiling: 2291ms
	BeginReloadAssembly (153ms)
		ExecutionOrderSort (0ms)
		DisableScriptedObjects (5ms)
		BackupInstance (0ms)
		ReleaseScriptingObjects (0ms)
		CreateAndSetChildDomain (32ms)
	RebuildCommonClasses (27ms)
	RebuildNativeTypeToScriptingClass (8ms)
	initialDomainReloadingComplete (29ms)
	LoadAllAssembliesAndSetupDomain (268ms)
		LoadAssemblies (335ms)
		RebuildTransferFunctionScriptingTraits (0ms)
		AnalyzeDomain (15ms)
			TypeCache.Refresh (5ms)
				TypeCache.ScanAssembly (0ms)
			ScanForSourceGeneratedMonoScriptInfo (0ms)
			ResolveRequiredComponents (9ms)
	FinalizeReload (1806ms)
		ReleaseScriptCaches (0ms)
		RebuildScriptCaches (0ms)
		SetupLoadedEditorAssemblies (527ms)
			LogAssemblyErrors (0ms)
			InitializePlatformSupportModulesInManaged (10ms)
			SetLoadedEditorAssemblies (6ms)
			RefreshPlugins (0ms)
			BeforeProcessingInitializeOnLoad (108ms)
			ProcessInitializeOnLoadAttributes (317ms)
			ProcessInitializeOnLoadMethodAttributes (76ms)
			AfterProcessingInitializeOnLoad (9ms)
			EditorAssembliesLoaded (0ms)
		ExecutionOrderSort2 (0ms)
		AwakeInstancesAfterBackupRestoration (9ms)
Refreshing native plugins compatible for Editor in 9.19 ms, found 3 plugins.
Preloading 0 native plugins for Editor in 0.00 ms.
Unloading 5275 Unused Serialized files (Serialized files now loaded: 0)
Unloading 24 unused Assets / (0.7 MB). Loaded Objects now: 6049.
Memory consumption went from 193.5 MB to 192.7 MB.
Total: 4.044600 ms (FindLiveObjects: 0.406200 ms CreateObjectMapping: 0.264000 ms MarkObjects: 2.965700 ms  DeleteObjects: 0.407600 ms)

Prepare: number of updated asset objects reloaded= 0
AssetImportParameters requested are different than current active one (requested -> active):
  custom:scripting/monoscript/fileName/PlayerControllerScript.cs: 611bee229e14d5c3cba5401576a48eca -> ac72a1ef68dfff9f45e5d291debc57b5
  custom:container-demuxer-ogg: 62fdf1f143b41e24485cea50d1cbac27 -> 
  custom:scripting/monoscript/fileName/Menu.cs: 0e1575f508e60d6d9d2287980b1e9d59 -> 6a6b6f10406332b78ded19ddc96541c7
  custom:video-codec-MediaFoundation-h265: 746d11721c4dcdbdad8f713fa42b33f4 -> 
  custom:video-decoder-ogg-theora: a1e56fd34408186e4bbccfd4996cb3dc -> 
  custom:scripting/monoscript/fileName/gameQuit.cs: 381d941fd2788eebf77d8cb6f70ef3c2 -> 7382bf7b61ded40b83716f0378898bfe
  custom:framework-win-MediaFoundation: 216162199b28c13a410421893ffa2e32 -> 
  custom:scripting/monoscript/fileName/nextscene.cs: 71d4e97111f2ccfb6469eaa5c15852fd -> 7f36a7078f337f359827de0bfa973d17
  custom:scripting/monoscript/fileName/MoveCamera.cs: 0ba2c6a4ff0b26c3b5d913ad712bdbcf -> 4cac7d10977ef19e1f3dcb198cffecc9
  custom:scripting/monoscript/fileName/GrapplingGun.cs: c6f63c2bc0100b9f6daba303de7e6391 -> 77176f16d51127b7327ebe60da444b1b
  custom:CustomObjectIndexerAttribute: 72b91833f83ae208fae7752999fa3104 -> 
  custom:container-demuxer-webm: 4f35f7cbe854078d1ac9338744f61a02 -> 
  custom:container-muxer-webm: aa71ff27fc2769a1b78a27578f13a17b -> 
  custom:video-decoder-webm-vp8: 9c59270c3fd7afecdb556c50c9e8de78 -> 
  custom:SearchIndexIgnoredProperties: e643bd26f0fe6173181afceb89e7c659 -> 
  custom:AudioImporter_EditorPlatform: d09bf68614088b80899f8185d706f6e7 -> 
  custom:scripting/monoscript/fileName/NewSceneTemplatePipeline.cs: b6f58a58324aadcdeb2ef714546683e7 -> 
  custom:scripting/monoscript/fileName/CursorState.cs: d9334e78ca93c8a76e4ffabba9acbc96 -> 18edcf0e60018a5a6aafd91b55f4838d
  custom:video-encoder-webm-vp8: eb34c28f22e8b96e1ab97ce403110664 -> 
  custom:audio-decoder-ogg-vorbis: bf7c407c2cedff20999df2af8eb42d56 -> 
  custom:scripting/monoscript/fileName/SoundPlayer.cs: 475d88b9df1544d8382efdce1bccce36 -> de8f3d4c96b446794089a8747c7618fc
  custom:scripting/monoscript/fileName/RotateGun.cs: 990b299e558ef4062b64873ad76f8048 -> eb2e4494e6808171dca4a2e27cab19b6
  custom:audio-encoder-webm-vorbis: bf7c407c2cedff20999df2af8eb42d56 -> 
  custom:scripting/monoscript/fileName/GameRespawn.cs: 4e16be644a2a6965abf6e4d660a3f3d9 -> de38c5bfa9c430c63979501321be442e
  custom:scripting/monoscript/fileName/Outline.cs: 09c84349353572281e22293c31aa1a93 -> 5cc4e1f72e41e12efce0db8381204c45
  custom:scripting/precompiled-assembly-types:Assembly-CSharp: 83acc3865680cbb5ffc18739c17f64c4 -> 9983f0a47bdcc277d42b44322341aebe
========================================================================
Received Prepare
Caller must complete domain reload
Begin MonoManager ReloadAssembly
- Loaded All Assemblies, in  0.557 seconds
Native extension for WindowsStandalone target not found
Mono: successfully reloaded assembly
- Finished resetting the current domain, in  1.651 seconds
Domain Reload Profiling: 2204ms
	BeginReloadAssembly (167ms)
		ExecutionOrderSort (0ms)
		DisableScriptedObjects (5ms)
		BackupInstance (0ms)
		ReleaseScriptingObjects (0ms)
		CreateAndSetChildDomain (32ms)
	RebuildCommonClasses (26ms)
	RebuildNativeTypeToScriptingClass (12ms)
	initialDomainReloadingComplete (31ms)
	LoadAllAssembliesAndSetupDomain (317ms)
		LoadAssemblies (368ms)
		RebuildTransferFunctionScriptingTraits (0ms)
		AnalyzeDomain (39ms)
			TypeCache.Refresh (8ms)
				TypeCache.ScanAssembly (0ms)
			ScanForSourceGeneratedMonoScriptInfo (20ms)
			ResolveRequiredComponents (9ms)
	FinalizeReload (1651ms)
		ReleaseScriptCaches (0ms)
		RebuildScriptCaches (0ms)
		SetupLoadedEditorAssemblies (455ms)
			LogAssemblyErrors (0ms)
			InitializePlatformSupportModulesInManaged (6ms)
			SetLoadedEditorAssemblies (4ms)
			RefreshPlugins (0ms)
			BeforeProcessingInitializeOnLoad (80ms)
			ProcessInitializeOnLoadAttributes (287ms)
			ProcessInitializeOnLoadMethodAttributes (70ms)
			AfterProcessingInitializeOnLoad (9ms)
			EditorAssembliesLoaded (0ms)
		ExecutionOrderSort2 (0ms)
		AwakeInstancesAfterBackupRestoration (7ms)
Refreshing native plugins compatible for Editor in 8.13 ms, found 3 plugins.
Preloading 0 native plugins for Editor in 0.00 ms.
Unloading 5275 Unused Serialized files (Serialized files now loaded: 0)
Unloading 24 unused Assets / (0.7 MB). Loaded Objects now: 6052.
Memory consumption went from 193.5 MB to 192.7 MB.
Total: 4.249600 ms (FindLiveObjects: 0.388100 ms CreateObjectMapping: 0.395700 ms MarkObjects: 3.117900 ms  DeleteObjects: 0.347000 ms)

Prepare: number of updated asset objects reloaded= 0
AssetImportParameters requested are different than current active one (requested -> active):
  custom:scripting/monoscript/fileName/PlayerControllerScript.cs: 611bee229e14d5c3cba5401576a48eca -> ac72a1ef68dfff9f45e5d291debc57b5
  custom:container-demuxer-ogg: 62fdf1f143b41e24485cea50d1cbac27 -> 
  custom:scripting/monoscript/fileName/Menu.cs: 0e1575f508e60d6d9d2287980b1e9d59 -> 6a6b6f10406332b78ded19ddc96541c7
  custom:video-codec-MediaFoundation-h265: 746d11721c4dcdbdad8f713fa42b33f4 -> 
  custom:video-decoder-ogg-theora: a1e56fd34408186e4bbccfd4996cb3dc -> 
  custom:scripting/monoscript/fileName/gameQuit.cs: 381d941fd2788eebf77d8cb6f70ef3c2 -> 7382bf7b61ded40b83716f0378898bfe
  custom:framework-win-MediaFoundation: 216162199b28c13a410421893ffa2e32 -> 
  custom:scripting/monoscript/fileName/nextscene.cs: 71d4e97111f2ccfb6469eaa5c15852fd -> 7f36a7078f337f359827de0bfa973d17
  custom:scripting/monoscript/fileName/MoveCamera.cs: 0ba2c6a4ff0b26c3b5d913ad712bdbcf -> 4cac7d10977ef19e1f3dcb198cffecc9
  custom:scripting/monoscript/fileName/GrapplingGun.cs: c6f63c2bc0100b9f6daba303de7e6391 -> 77176f16d51127b7327ebe60da444b1b
  custom:CustomObjectIndexerAttribute: 72b91833f83ae208fae7752999fa3104 -> 
  custom:container-demuxer-webm: 4f35f7cbe854078d1ac9338744f61a02 -> 
  custom:container-muxer-webm: aa71ff27fc2769a1b78a27578f13a17b -> 
  custom:video-decoder-webm-vp8: 9c59270c3fd7afecdb556c50c9e8de78 -> 
  custom:SearchIndexIgnoredProperties: e643bd26f0fe6173181afceb89e7c659 -> 
  custom:AudioImporter_EditorPlatform: d09bf68614088b80899f8185d706f6e7 -> 
  custom:scripting/monoscript/fileName/NewSceneTemplatePipeline.cs: b6f58a58324aadcdeb2ef714546683e7 -> 
  custom:scripting/monoscript/fileName/CursorState.cs: d9334e78ca93c8a76e4ffabba9acbc96 -> 18edcf0e60018a5a6aafd91b55f4838d
  custom:video-encoder-webm-vp8: eb34c28f22e8b96e1ab97ce403110664 -> 
  custom:audio-decoder-ogg-vorbis: bf7c407c2cedff20999df2af8eb42d56 -> 
  custom:scripting/monoscript/fileName/SoundPlayer.cs: 475d88b9df1544d8382efdce1bccce36 -> de8f3d4c96b446794089a8747c7618fc
  custom:scripting/monoscript/fileName/RotateGun.cs: 990b299e558ef4062b64873ad76f8048 -> eb2e4494e6808171dca4a2e27cab19b6
  custom:audio-encoder-webm-vorbis: bf7c407c2cedff20999df2af8eb42d56 -> 
  custom:scripting/monoscript/fileName/GameRespawn.cs: 4e16be644a2a6965abf6e4d660a3f3d9 -> de38c5bfa9c430c63979501321be442e
  custom:scripting/monoscript/fileName/Outline.cs: 09c84349353572281e22293c31aa1a93 -> 5cc4e1f72e41e12efce0db8381204c45
  custom:scripting/precompiled-assembly-types:Assembly-CSharp: 83acc3865680cbb5ffc18739c17f64c4 -> 9983f0a47bdcc277d42b44322341aebe
========================================================================
Received Prepare
Caller must complete domain reload
Begin MonoManager ReloadAssembly
- Loaded All Assemblies, in  0.536 seconds
Native extension for WindowsStandalone target not found
Mono: successfully reloaded assembly
- Finished resetting the current domain, in  1.856 seconds
Domain Reload Profiling: 2388ms
	BeginReloadAssembly (183ms)
		ExecutionOrderSort (0ms)
		DisableScriptedObjects (3ms)
		BackupInstance (0ms)
		ReleaseScriptingObjects (0ms)
		CreateAndSetChildDomain (35ms)
	RebuildCommonClasses (32ms)
	RebuildNativeTypeToScriptingClass (9ms)
	initialDomainReloadingComplete (31ms)
	LoadAllAssembliesAndSetupDomain (276ms)
		LoadAssemblies (359ms)
		RebuildTransferFunctionScriptingTraits (0ms)
		AnalyzeDomain (19ms)
			TypeCache.Refresh (5ms)
				TypeCache.ScanAssembly (0ms)
			ScanForSourceGeneratedMonoScriptInfo (0ms)
			ResolveRequiredComponents (11ms)
	FinalizeReload (1856ms)
		ReleaseScriptCaches (0ms)
		RebuildScriptCaches (0ms)
		SetupLoadedEditorAssemblies (532ms)
			LogAssemblyErrors (0ms)
			InitializePlatformSupportModulesInManaged (8ms)
			SetLoadedEditorAssemblies (6ms)
			RefreshPlugins (0ms)
			BeforeProcessingInitializeOnLoad (106ms)
			ProcessInitializeOnLoadAttributes (315ms)
			ProcessInitializeOnLoadMethodAttributes (84ms)
			AfterProcessingInitializeOnLoad (12ms)
			EditorAssembliesLoaded (0ms)
		ExecutionOrderSort2 (0ms)
		AwakeInstancesAfterBackupRestoration (11ms)
Refreshing native plugins compatible for Editor in 8.60 ms, found 3 plugins.
Preloading 0 native plugins for Editor in 0.00 ms.
Unloading 5275 Unused Serialized files (Serialized files now loaded: 0)
Unloading 24 unused Assets / (0.7 MB). Loaded Objects now: 6055.
Memory consumption went from 193.5 MB to 192.7 MB.
Total: 3.753600 ms (FindLiveObjects: 0.413900 ms CreateObjectMapping: 0.274200 ms MarkObjects: 2.701400 ms  DeleteObjects: 0.363400 ms)

Prepare: number of updated asset objects reloaded= 0
AssetImportParameters requested are different than current active one (requested -> active):
  custom:scripting/monoscript/fileName/PlayerControllerScript.cs: 611bee229e14d5c3cba5401576a48eca -> ac72a1ef68dfff9f45e5d291debc57b5
  custom:container-demuxer-ogg: 62fdf1f143b41e24485cea50d1cbac27 -> 
  custom:scripting/monoscript/fileName/Menu.cs: 0e1575f508e60d6d9d2287980b1e9d59 -> 6a6b6f10406332b78ded19ddc96541c7
  custom:video-codec-MediaFoundation-h265: 746d11721c4dcdbdad8f713fa42b33f4 -> 
  custom:video-decoder-ogg-theora: a1e56fd34408186e4bbccfd4996cb3dc -> 
  custom:scripting/monoscript/fileName/gameQuit.cs: 381d941fd2788eebf77d8cb6f70ef3c2 -> 7382bf7b61ded40b83716f0378898bfe
  custom:framework-win-MediaFoundation: 216162199b28c13a410421893ffa2e32 -> 
  custom:scripting/monoscript/fileName/nextscene.cs: 71d4e97111f2ccfb6469eaa5c15852fd -> 7f36a7078f337f359827de0bfa973d17
  custom:scripting/monoscript/fileName/MoveCamera.cs: 0ba2c6a4ff0b26c3b5d913ad712bdbcf -> 4cac7d10977ef19e1f3dcb198cffecc9
  custom:scripting/monoscript/fileName/GrapplingGun.cs: c6f63c2bc0100b9f6daba303de7e6391 -> 77176f16d51127b7327ebe60da444b1b
  custom:CustomObjectIndexerAttribute: 72b91833f83ae208fae7752999fa3104 -> 
  custom:container-demuxer-webm: 4f35f7cbe854078d1ac9338744f61a02 -> 
  custom:container-muxer-webm: aa71ff27fc2769a1b78a27578f13a17b -> 
  custom:video-decoder-webm-vp8: 9c59270c3fd7afecdb556c50c9e8de78 -> 
  custom:SearchIndexIgnoredProperties: e643bd26f0fe6173181afceb89e7c659 -> 
  custom:AudioImporter_EditorPlatform: d09bf68614088b80899f8185d706f6e7 -> 
  custom:scripting/monoscript/fileName/NewSceneTemplatePipeline.cs: b6f58a58324aadcdeb2ef714546683e7 -> 
  custom:scripting/monoscript/fileName/CursorState.cs: d9334e78ca93c8a76e4ffabba9acbc96 -> 18edcf0e60018a5a6aafd91b55f4838d
  custom:video-encoder-webm-vp8: eb34c28f22e8b96e1ab97ce403110664 -> 
  custom:audio-decoder-ogg-vorbis: bf7c407c2cedff20999df2af8eb42d56 -> 
  custom:scripting/monoscript/fileName/SoundPlayer.cs: 475d88b9df1544d8382efdce1bccce36 -> de8f3d4c96b446794089a8747c7618fc
  custom:scripting/monoscript/fileName/RotateGun.cs: 990b299e558ef4062b64873ad76f8048 -> eb2e4494e6808171dca4a2e27cab19b6
  custom:audio-encoder-webm-vorbis: bf7c407c2cedff20999df2af8eb42d56 -> 
  custom:scripting/monoscript/fileName/GameRespawn.cs: 4e16be644a2a6965abf6e4d660a3f3d9 -> de38c5bfa9c430c63979501321be442e
  custom:scripting/monoscript/fileName/Outline.cs: 09c84349353572281e22293c31aa1a93 -> 5cc4e1f72e41e12efce0db8381204c45
  custom:scripting/precompiled-assembly-types:Assembly-CSharp: 83acc3865680cbb5ffc18739c17f64c4 -> 9983f0a47bdcc277d42b44322341aebe
========================================================================
Received Prepare
Caller must complete domain reload
Begin MonoManager ReloadAssembly
- Loaded All Assemblies, in  0.558 seconds
Native extension for WindowsStandalone target not found
Mono: successfully reloaded assembly
- Finished resetting the current domain, in  1.819 seconds
Domain Reload Profiling: 2373ms
	BeginReloadAssembly (173ms)
		ExecutionOrderSort (0ms)
		DisableScriptedObjects (5ms)
		BackupInstance (0ms)
		ReleaseScriptingObjects (0ms)
		CreateAndSetChildDomain (30ms)
	RebuildCommonClasses (33ms)
	RebuildNativeTypeToScriptingClass (9ms)
	initialDomainReloadingComplete (39ms)
	LoadAllAssembliesAndSetupDomain (298ms)
		LoadAssemblies (378ms)
		RebuildTransferFunctionScriptingTraits (0ms)
		AnalyzeDomain (21ms)
			TypeCache.Refresh (7ms)
				TypeCache.ScanAssembly (0ms)
			ScanForSourceGeneratedMonoScriptInfo (0ms)
			ResolveRequiredComponents (11ms)
	FinalizeReload (1820ms)
		ReleaseScriptCaches (0ms)
		RebuildScriptCaches (0ms)
		SetupLoadedEditorAssemblies (499ms)
			LogAssemblyErrors (0ms)
			InitializePlatformSupportModulesInManaged (9ms)
			SetLoadedEditorAssemblies (8ms)
			RefreshPlugins (0ms)
			BeforeProcessingInitializeOnLoad (95ms)
			ProcessInitializeOnLoadAttributes (310ms)
			ProcessInitializeOnLoadMethodAttributes (67ms)
			AfterProcessingInitializeOnLoad (9ms)
			EditorAssembliesLoaded (0ms)
		ExecutionOrderSort2 (0ms)
		AwakeInstancesAfterBackupRestoration (8ms)
Refreshing native plugins compatible for Editor in 8.30 ms, found 3 plugins.
Preloading 0 native plugins for Editor in 0.00 ms.
Unloading 5275 Unused Serialized files (Serialized files now loaded: 0)
Unloading 24 unused Assets / (0.7 MB). Loaded Objects now: 6058.
Memory consumption went from 193.5 MB to 192.8 MB.
Total: 3.243000 ms (FindLiveObjects: 0.376600 ms CreateObjectMapping: 0.255600 ms MarkObjects: 2.294400 ms  DeleteObjects: 0.315800 ms)

Prepare: number of updated asset objects reloaded= 0
AssetImportParameters requested are different than current active one (requested -> active):
  custom:scripting/monoscript/fileName/PlayerControllerScript.cs: 611bee229e14d5c3cba5401576a48eca -> ac72a1ef68dfff9f45e5d291debc57b5
  custom:container-demuxer-ogg: 62fdf1f143b41e24485cea50d1cbac27 -> 
  custom:scripting/monoscript/fileName/Menu.cs: 0e1575f508e60d6d9d2287980b1e9d59 -> 6a6b6f10406332b78ded19ddc96541c7
  custom:video-codec-MediaFoundation-h265: 746d11721c4dcdbdad8f713fa42b33f4 -> 
  custom:video-decoder-ogg-theora: a1e56fd34408186e4bbccfd4996cb3dc -> 
  custom:scripting/monoscript/fileName/gameQuit.cs: 381d941fd2788eebf77d8cb6f70ef3c2 -> 7382bf7b61ded40b83716f0378898bfe
  custom:framework-win-MediaFoundation: 216162199b28c13a410421893ffa2e32 -> 
  custom:scripting/monoscript/fileName/nextscene.cs: 71d4e97111f2ccfb6469eaa5c15852fd -> 7f36a7078f337f359827de0bfa973d17
  custom:scripting/monoscript/fileName/MoveCamera.cs: 0ba2c6a4ff0b26c3b5d913ad712bdbcf -> 4cac7d10977ef19e1f3dcb198cffecc9
  custom:scripting/monoscript/fileName/GrapplingGun.cs: c6f63c2bc0100b9f6daba303de7e6391 -> 77176f16d51127b7327ebe60da444b1b
  custom:CustomObjectIndexerAttribute: 72b91833f83ae208fae7752999fa3104 -> 
  custom:container-demuxer-webm: 4f35f7cbe854078d1ac9338744f61a02 -> 
  custom:container-muxer-webm: aa71ff27fc2769a1b78a27578f13a17b -> 
  custom:video-decoder-webm-vp8: 9c59270c3fd7afecdb556c50c9e8de78 -> 
  custom:SearchIndexIgnoredProperties: e643bd26f0fe6173181afceb89e7c659 -> 
  custom:AudioImporter_EditorPlatform: d09bf68614088b80899f8185d706f6e7 -> 
  custom:scripting/monoscript/fileName/NewSceneTemplatePipeline.cs: b6f58a58324aadcdeb2ef714546683e7 -> 
  custom:scripting/monoscript/fileName/CursorState.cs: d9334e78ca93c8a76e4ffabba9acbc96 -> 18edcf0e60018a5a6aafd91b55f4838d
  custom:video-encoder-webm-vp8: eb34c28f22e8b96e1ab97ce403110664 -> 
  custom:audio-decoder-ogg-vorbis: bf7c407c2cedff20999df2af8eb42d56 -> 
  custom:scripting/monoscript/fileName/SoundPlayer.cs: 475d88b9df1544d8382efdce1bccce36 -> de8f3d4c96b446794089a8747c7618fc
  custom:scripting/monoscript/fileName/RotateGun.cs: 990b299e558ef4062b64873ad76f8048 -> eb2e4494e6808171dca4a2e27cab19b6
  custom:audio-encoder-webm-vorbis: bf7c407c2cedff20999df2af8eb42d56 -> 
  custom:scripting/monoscript/fileName/GameRespawn.cs: 4e16be644a2a6965abf6e4d660a3f3d9 -> de38c5bfa9c430c63979501321be442e
  custom:scripting/monoscript/fileName/Outline.cs: 09c84349353572281e22293c31aa1a93 -> 5cc4e1f72e41e12efce0db8381204c45
  custom:scripting/precompiled-assembly-types:Assembly-CSharp: 83acc3865680cbb5ffc18739c17f64c4 -> 9983f0a47bdcc277d42b44322341aebe
========================================================================
Received Import Request.
  Time since last request: 354.706441 seconds.
  path: Assets/scripts/Player/gameQuit.cs
  artifactKey: Guid(64433bed4856d2949900d0fc2ffcd7d8) Importer(815301076,1909f56bfc062723c751e8b465ee728b)
Start importing Assets/scripts/Player/gameQuit.cs using Guid(64433bed4856d2949900d0fc2ffcd7d8) Importer(815301076,1909f56bfc062723c751e8b465ee728b) [PhysX] Initialized MultithreadedTaskDispatcher with 12 workers.
 -> (artifact id: '0aa8c7308ea730d67ac091b572b8ce23') in 0.001556 seconds
Number of updated asset objects reloaded before import = 0
Number of asset objects unloaded after import = 0
========================================================================
Received Prepare
Caller must complete domain reload
Begin MonoManager ReloadAssembly
- Loaded All Assemblies, in  0.521 seconds
Native extension for WindowsStandalone target not found
Mono: successfully reloaded assembly
- Finished resetting the current domain, in  1.835 seconds
Domain Reload Profiling: 2352ms
	BeginReloadAssembly (150ms)
		ExecutionOrderSort (0ms)
		DisableScriptedObjects (4ms)
		BackupInstance (0ms)
		ReleaseScriptingObjects (0ms)
		CreateAndSetChildDomain (32ms)
	RebuildCommonClasses (29ms)
	RebuildNativeTypeToScriptingClass (9ms)
	initialDomainReloadingComplete (29ms)
	LoadAllAssembliesAndSetupDomain (301ms)
		LoadAssemblies (340ms)
		RebuildTransferFunctionScriptingTraits (0ms)
		AnalyzeDomain (41ms)
			TypeCache.Refresh (9ms)
				TypeCache.ScanAssembly (0ms)
			ScanForSourceGeneratedMonoScriptInfo (21ms)
			ResolveRequiredComponents (9ms)
	FinalizeReload (1835ms)
		ReleaseScriptCaches (0ms)
		RebuildScriptCaches (0ms)
		SetupLoadedEditorAssemblies (519ms)
			LogAssemblyErrors (0ms)
			InitializePlatformSupportModulesInManaged (6ms)
			SetLoadedEditorAssemblies (5ms)
			RefreshPlugins (0ms)
			BeforeProcessingInitializeOnLoad (80ms)
			ProcessInitializeOnLoadAttributes (343ms)
			ProcessInitializeOnLoadMethodAttributes (76ms)
			AfterProcessingInitializeOnLoad (8ms)
			EditorAssembliesLoaded (0ms)
		ExecutionOrderSort2 (0ms)
		AwakeInstancesAfterBackupRestoration (9ms)
Refreshing native plugins compatible for Editor in 7.55 ms, found 3 plugins.
Preloading 0 native plugins for Editor in 0.00 ms.
Unloading 5274 Unused Serialized files (Serialized files now loaded: 0)
Unloading 24 unused Assets / (0.7 MB). Loaded Objects now: 6061.
Memory consumption went from 193.2 MB to 192.5 MB.
Total: 4.198800 ms (FindLiveObjects: 0.444400 ms CreateObjectMapping: 0.309400 ms MarkObjects: 2.886100 ms  DeleteObjects: 0.558000 ms)

Prepare: number of updated asset objects reloaded= 0
AssetImportParameters requested are different than current active one (requested -> active):
  custom:scripting/monoscript/fileName/PlayerControllerScript.cs: 611bee229e14d5c3cba5401576a48eca -> ac72a1ef68dfff9f45e5d291debc57b5
  custom:container-demuxer-ogg: 62fdf1f143b41e24485cea50d1cbac27 -> 
  custom:scripting/monoscript/fileName/Menu.cs: 0e1575f508e60d6d9d2287980b1e9d59 -> 6a6b6f10406332b78ded19ddc96541c7
  custom:video-codec-MediaFoundation-h265: 746d11721c4dcdbdad8f713fa42b33f4 -> 
  custom:video-decoder-ogg-theora: a1e56fd34408186e4bbccfd4996cb3dc -> 
  custom:scripting/monoscript/fileName/gameQuit.cs: 381d941fd2788eebf77d8cb6f70ef3c2 -> 7382bf7b61ded40b83716f0378898bfe
  custom:framework-win-MediaFoundation: 216162199b28c13a410421893ffa2e32 -> 
  custom:scripting/monoscript/fileName/nextscene.cs: 71d4e97111f2ccfb6469eaa5c15852fd -> 7f36a7078f337f359827de0bfa973d17
  custom:scripting/monoscript/fileName/MoveCamera.cs: 0ba2c6a4ff0b26c3b5d913ad712bdbcf -> 4cac7d10977ef19e1f3dcb198cffecc9
  custom:scripting/monoscript/fileName/GrapplingGun.cs: c6f63c2bc0100b9f6daba303de7e6391 -> 77176f16d51127b7327ebe60da444b1b
  custom:CustomObjectIndexerAttribute: 72b91833f83ae208fae7752999fa3104 -> 
  custom:container-demuxer-webm: 4f35f7cbe854078d1ac9338744f61a02 -> 
  custom:container-muxer-webm: aa71ff27fc2769a1b78a27578f13a17b -> 
  custom:video-decoder-webm-vp8: 9c59270c3fd7afecdb556c50c9e8de78 -> 
  custom:SearchIndexIgnoredProperties: e643bd26f0fe6173181afceb89e7c659 -> 
  custom:AudioImporter_EditorPlatform: d09bf68614088b80899f8185d706f6e7 -> 
  custom:scripting/monoscript/fileName/NewSceneTemplatePipeline.cs: b6f58a58324aadcdeb2ef714546683e7 -> 
  custom:scripting/monoscript/fileName/CursorState.cs: d9334e78ca93c8a76e4ffabba9acbc96 -> 18edcf0e60018a5a6aafd91b55f4838d
  custom:video-encoder-webm-vp8: eb34c28f22e8b96e1ab97ce403110664 -> 
  custom:audio-decoder-ogg-vorbis: bf7c407c2cedff20999df2af8eb42d56 -> 
  custom:scripting/monoscript/fileName/SoundPlayer.cs: 475d88b9df1544d8382efdce1bccce36 -> de8f3d4c96b446794089a8747c7618fc
  custom:scripting/monoscript/fileName/RotateGun.cs: 990b299e558ef4062b64873ad76f8048 -> eb2e4494e6808171dca4a2e27cab19b6
  custom:audio-encoder-webm-vorbis: bf7c407c2cedff20999df2af8eb42d56 -> 
  custom:scripting/monoscript/fileName/GameRespawn.cs: 4e16be644a2a6965abf6e4d660a3f3d9 -> de38c5bfa9c430c63979501321be442e
  custom:scripting/monoscript/fileName/Outline.cs: 09c84349353572281e22293c31aa1a93 -> 5cc4e1f72e41e12efce0db8381204c45
  custom:scripting/precompiled-assembly-types:Assembly-CSharp: 83acc3865680cbb5ffc18739c17f64c4 -> 9983f0a47bdcc277d42b44322341aebe
========================================================================
Received Prepare
Caller must complete domain reload
Begin MonoManager ReloadAssembly
- Loaded All Assemblies, in  0.658 seconds
Native extension for WindowsStandalone target not found
Mono: successfully reloaded assembly
- Finished resetting the current domain, in  1.879 seconds
Domain Reload Profiling: 2531ms
	BeginReloadAssembly (194ms)
		ExecutionOrderSort (0ms)
		DisableScriptedObjects (5ms)
		BackupInstance (0ms)
		ReleaseScriptingObjects (0ms)
		CreateAndSetChildDomain (41ms)
	RebuildCommonClasses (36ms)
	RebuildNativeTypeToScriptingClass (13ms)
	initialDomainReloadingComplete (45ms)
	LoadAllAssembliesAndSetupDomain (363ms)
		LoadAssemblies (445ms)
		RebuildTransferFunctionScriptingTraits (0ms)
		AnalyzeDomain (25ms)
			TypeCache.Refresh (8ms)
				TypeCache.ScanAssembly (0ms)
			ScanForSourceGeneratedMonoScriptInfo (0ms)
			ResolveRequiredComponents (15ms)
	FinalizeReload (1879ms)
		ReleaseScriptCaches (0ms)
		RebuildScriptCaches (0ms)
		SetupLoadedEditorAssemblies (595ms)
			LogAssemblyErrors (0ms)
			InitializePlatformSupportModulesInManaged (8ms)
			SetLoadedEditorAssemblies (6ms)
			RefreshPlugins (0ms)
			BeforeProcessingInitializeOnLoad (102ms)
			ProcessInitializeOnLoadAttributes (393ms)
			ProcessInitializeOnLoadMethodAttributes (73ms)
			AfterProcessingInitializeOnLoad (12ms)
			EditorAssembliesLoaded (0ms)
		ExecutionOrderSort2 (0ms)
		AwakeInstancesAfterBackupRestoration (8ms)
Refreshing native plugins compatible for Editor in 8.36 ms, found 3 plugins.
Preloading 0 native plugins for Editor in 0.00 ms.
Unloading 5275 Unused Serialized files (Serialized files now loaded: 0)
Unloading 24 unused Assets / (0.7 MB). Loaded Objects now: 6064.
Memory consumption went from 193.5 MB to 192.8 MB.
Total: 3.777600 ms (FindLiveObjects: 0.418100 ms CreateObjectMapping: 0.398600 ms MarkObjects: 2.615200 ms  DeleteObjects: 0.344400 ms)

Prepare: number of updated asset objects reloaded= 0
AssetImportParameters requested are different than current active one (requested -> active):
  custom:scripting/monoscript/fileName/PlayerControllerScript.cs: 611bee229e14d5c3cba5401576a48eca -> ac72a1ef68dfff9f45e5d291debc57b5
  custom:container-demuxer-ogg: 62fdf1f143b41e24485cea50d1cbac27 -> 
  custom:scripting/monoscript/fileName/Menu.cs: 0e1575f508e60d6d9d2287980b1e9d59 -> 6a6b6f10406332b78ded19ddc96541c7
  custom:video-codec-MediaFoundation-h265: 746d11721c4dcdbdad8f713fa42b33f4 -> 
  custom:video-decoder-ogg-theora: a1e56fd34408186e4bbccfd4996cb3dc -> 
  custom:scripting/monoscript/fileName/gameQuit.cs: 381d941fd2788eebf77d8cb6f70ef3c2 -> 7382bf7b61ded40b83716f0378898bfe
  custom:framework-win-MediaFoundation: 216162199b28c13a410421893ffa2e32 -> 
  custom:scripting/monoscript/fileName/nextscene.cs: 71d4e97111f2ccfb6469eaa5c15852fd -> 7f36a7078f337f359827de0bfa973d17
  custom:scripting/monoscript/fileName/MoveCamera.cs: 0ba2c6a4ff0b26c3b5d913ad712bdbcf -> 4cac7d10977ef19e1f3dcb198cffecc9
  custom:scripting/monoscript/fileName/GrapplingGun.cs: c6f63c2bc0100b9f6daba303de7e6391 -> 77176f16d51127b7327ebe60da444b1b
  custom:CustomObjectIndexerAttribute: 72b91833f83ae208fae7752999fa3104 -> 
  custom:container-demuxer-webm: 4f35f7cbe854078d1ac9338744f61a02 -> 
  custom:container-muxer-webm: aa71ff27fc2769a1b78a27578f13a17b -> 
  custom:video-decoder-webm-vp8: 9c59270c3fd7afecdb556c50c9e8de78 -> 
  custom:SearchIndexIgnoredProperties: e643bd26f0fe6173181afceb89e7c659 -> 
  custom:AudioImporter_EditorPlatform: d09bf68614088b80899f8185d706f6e7 -> 
  custom:scripting/monoscript/fileName/NewSceneTemplatePipeline.cs: b6f58a58324aadcdeb2ef714546683e7 -> 
  custom:scripting/monoscript/fileName/CursorState.cs: d9334e78ca93c8a76e4ffabba9acbc96 -> 18edcf0e60018a5a6aafd91b55f4838d
  custom:video-encoder-webm-vp8: eb34c28f22e8b96e1ab97ce403110664 -> 
  custom:audio-decoder-ogg-vorbis: bf7c407c2cedff20999df2af8eb42d56 -> 
  custom:scripting/monoscript/fileName/SoundPlayer.cs: 475d88b9df1544d8382efdce1bccce36 -> de8f3d4c96b446794089a8747c7618fc
  custom:scripting/monoscript/fileName/RotateGun.cs: 990b299e558ef4062b64873ad76f8048 -> eb2e4494e6808171dca4a2e27cab19b6
  custom:audio-encoder-webm-vorbis: bf7c407c2cedff20999df2af8eb42d56 -> 
  custom:scripting/monoscript/fileName/GameRespawn.cs: 4e16be644a2a6965abf6e4d660a3f3d9 -> de38c5bfa9c430c63979501321be442e
  custom:scripting/monoscript/fileName/Outline.cs: 09c84349353572281e22293c31aa1a93 -> 5cc4e1f72e41e12efce0db8381204c45
  custom:scripting/precompiled-assembly-types:Assembly-CSharp: 83acc3865680cbb5ffc18739c17f64c4 -> 9983f0a47bdcc277d42b44322341aebe
========================================================================
Received Prepare
Caller must complete domain reload
Begin MonoManager ReloadAssembly
- Loaded All Assemblies, in  0.546 seconds
Native extension for WindowsStandalone target not found
Mono: successfully reloaded assembly
- Finished resetting the current domain, in  1.664 seconds
Domain Reload Profiling: 2207ms
	BeginReloadAssembly (152ms)
		ExecutionOrderSort (0ms)
		DisableScriptedObjects (3ms)
		BackupInstance (0ms)
		ReleaseScriptingObjects (0ms)
		CreateAndSetChildDomain (29ms)
	RebuildCommonClasses (27ms)
	RebuildNativeTypeToScriptingClass (10ms)
	initialDomainReloadingComplete (36ms)
	LoadAllAssembliesAndSetupDomain (317ms)
		LoadAssemblies (360ms)
		RebuildTransferFunctionScriptingTraits (0ms)
		AnalyzeDomain (42ms)
			TypeCache.Refresh (10ms)
				TypeCache.ScanAssembly (0ms)
			ScanForSourceGeneratedMonoScriptInfo (20ms)
			ResolveRequiredComponents (11ms)
	FinalizeReload (1665ms)
		ReleaseScriptCaches (0ms)
		RebuildScriptCaches (0ms)
		SetupLoadedEditorAssemblies (454ms)
			LogAssemblyErrors (0ms)
			InitializePlatformSupportModulesInManaged (6ms)
			SetLoadedEditorAssemblies (7ms)
			RefreshPlugins (0ms)
			BeforeProcessingInitializeOnLoad (91ms)
			ProcessInitializeOnLoadAttributes (277ms)
			ProcessInitializeOnLoadMethodAttributes (66ms)
			AfterProcessingInitializeOnLoad (8ms)
			EditorAssembliesLoaded (0ms)
		ExecutionOrderSort2 (0ms)
		AwakeInstancesAfterBackupRestoration (7ms)
Refreshing native plugins compatible for Editor in 7.79 ms, found 3 plugins.
Preloading 0 native plugins for Editor in 0.00 ms.
Unloading 5275 Unused Serialized files (Serialized files now loaded: 0)
Unloading 24 unused Assets / (0.7 MB). Loaded Objects now: 6067.
Memory consumption went from 193.5 MB to 192.8 MB.
Total: 5.053700 ms (FindLiveObjects: 0.434900 ms CreateObjectMapping: 0.435700 ms MarkObjects: 3.596200 ms  DeleteObjects: 0.586100 ms)

Prepare: number of updated asset objects reloaded= 0
AssetImportParameters requested are different than current active one (requested -> active):
  custom:scripting/monoscript/fileName/PlayerControllerScript.cs: 611bee229e14d5c3cba5401576a48eca -> ac72a1ef68dfff9f45e5d291debc57b5
  custom:container-demuxer-ogg: 62fdf1f143b41e24485cea50d1cbac27 -> 
  custom:scripting/monoscript/fileName/Menu.cs: 0e1575f508e60d6d9d2287980b1e9d59 -> 6a6b6f10406332b78ded19ddc96541c7
  custom:video-codec-MediaFoundation-h265: 746d11721c4dcdbdad8f713fa42b33f4 -> 
  custom:video-decoder-ogg-theora: a1e56fd34408186e4bbccfd4996cb3dc -> 
  custom:scripting/monoscript/fileName/gameQuit.cs: 381d941fd2788eebf77d8cb6f70ef3c2 -> 7382bf7b61ded40b83716f0378898bfe
  custom:framework-win-MediaFoundation: 216162199b28c13a410421893ffa2e32 -> 
  custom:scripting/monoscript/fileName/nextscene.cs: 71d4e97111f2ccfb6469eaa5c15852fd -> 7f36a7078f337f359827de0bfa973d17
  custom:scripting/monoscript/fileName/MoveCamera.cs: 0ba2c6a4ff0b26c3b5d913ad712bdbcf -> 4cac7d10977ef19e1f3dcb198cffecc9
  custom:scripting/monoscript/fileName/GrapplingGun.cs: c6f63c2bc0100b9f6daba303de7e6391 -> 77176f16d51127b7327ebe60da444b1b
  custom:CustomObjectIndexerAttribute: 72b91833f83ae208fae7752999fa3104 -> 
  custom:container-demuxer-webm: 4f35f7cbe854078d1ac9338744f61a02 -> 
  custom:container-muxer-webm: aa71ff27fc2769a1b78a27578f13a17b -> 
  custom:video-decoder-webm-vp8: 9c59270c3fd7afecdb556c50c9e8de78 -> 
  custom:SearchIndexIgnoredProperties: e643bd26f0fe6173181afceb89e7c659 -> 
  custom:AudioImporter_EditorPlatform: d09bf68614088b80899f8185d706f6e7 -> 
  custom:scripting/monoscript/fileName/NewSceneTemplatePipeline.cs: b6f58a58324aadcdeb2ef714546683e7 -> 
  custom:scripting/monoscript/fileName/CursorState.cs: d9334e78ca93c8a76e4ffabba9acbc96 -> 18edcf0e60018a5a6aafd91b55f4838d
  custom:video-encoder-webm-vp8: eb34c28f22e8b96e1ab97ce403110664 -> 
  custom:audio-decoder-ogg-vorbis: bf7c407c2cedff20999df2af8eb42d56 -> 
  custom:scripting/monoscript/fileName/SoundPlayer.cs: 475d88b9df1544d8382efdce1bccce36 -> de8f3d4c96b446794089a8747c7618fc
  custom:scripting/monoscript/fileName/RotateGun.cs: 990b299e558ef4062b64873ad76f8048 -> eb2e4494e6808171dca4a2e27cab19b6
  custom:audio-encoder-webm-vorbis: bf7c407c2cedff20999df2af8eb42d56 -> 
  custom:scripting/monoscript/fileName/GameRespawn.cs: 4e16be644a2a6965abf6e4d660a3f3d9 -> de38c5bfa9c430c63979501321be442e
  custom:scripting/monoscript/fileName/Outline.cs: 09c84349353572281e22293c31aa1a93 -> 5cc4e1f72e41e12efce0db8381204c45
  custom:scripting/precompiled-assembly-types:Assembly-CSharp: 83acc3865680cbb5ffc18739c17f64c4 -> 9983f0a47bdcc277d42b44322341aebe
========================================================================
Received Prepare
Caller must complete domain reload
Begin MonoManager ReloadAssembly
- Loaded All Assemblies, in  0.544 seconds
Native extension for WindowsStandalone target not found
Mono: successfully reloaded assembly
- Finished resetting the current domain, in  1.746 seconds
Domain Reload Profiling: 2287ms
	BeginReloadAssembly (166ms)
		ExecutionOrderSort (0ms)
		DisableScriptedObjects (3ms)
		BackupInstance (0ms)
		ReleaseScriptingObjects (0ms)
		CreateAndSetChildDomain (35ms)
	RebuildCommonClasses (28ms)
	RebuildNativeTypeToScriptingClass (8ms)
	initialDomainReloadingComplete (32ms)
	LoadAllAssembliesAndSetupDomain (306ms)
		LoadAssemblies (381ms)
		RebuildTransferFunctionScriptingTraits (0ms)
		AnalyzeDomain (16ms)
			TypeCache.Refresh (5ms)
				TypeCache.ScanAssembly (0ms)
			ScanForSourceGeneratedMonoScriptInfo (0ms)
			ResolveRequiredComponents (9ms)
	FinalizeReload (1747ms)
		ReleaseScriptCaches (0ms)
		RebuildScriptCaches (0ms)
		SetupLoadedEditorAssemblies (486ms)
			LogAssemblyErrors (0ms)
			InitializePlatformSupportModulesInManaged (6ms)
			SetLoadedEditorAssemblies (6ms)
			RefreshPlugins (0ms)
			BeforeProcessingInitializeOnLoad (94ms)
			ProcessInitializeOnLoadAttributes (301ms)
			ProcessInitializeOnLoadMethodAttributes (72ms)
			AfterProcessingInitializeOnLoad (8ms)
			EditorAssembliesLoaded (0ms)
		ExecutionOrderSort2 (0ms)
		AwakeInstancesAfterBackupRestoration (7ms)
Refreshing native plugins compatible for Editor in 10.69 ms, found 3 plugins.
Preloading 0 native plugins for Editor in 0.00 ms.
Unloading 5275 Unused Serialized files (Serialized files now loaded: 0)
Unloading 24 unused Assets / (0.7 MB). Loaded Objects now: 6070.
Memory consumption went from 193.5 MB to 192.8 MB.
Total: 3.527400 ms (FindLiveObjects: 0.427200 ms CreateObjectMapping: 0.269300 ms MarkObjects: 2.383000 ms  DeleteObjects: 0.446900 ms)

Prepare: number of updated asset objects reloaded= 0
AssetImportParameters requested are different than current active one (requested -> active):
  custom:scripting/monoscript/fileName/PlayerControllerScript.cs: 611bee229e14d5c3cba5401576a48eca -> ac72a1ef68dfff9f45e5d291debc57b5
  custom:container-demuxer-ogg: 62fdf1f143b41e24485cea50d1cbac27 -> 
  custom:scripting/monoscript/fileName/Menu.cs: 0e1575f508e60d6d9d2287980b1e9d59 -> 6a6b6f10406332b78ded19ddc96541c7
  custom:video-codec-MediaFoundation-h265: 746d11721c4dcdbdad8f713fa42b33f4 -> 
  custom:video-decoder-ogg-theora: a1e56fd34408186e4bbccfd4996cb3dc -> 
  custom:scripting/monoscript/fileName/gameQuit.cs: 381d941fd2788eebf77d8cb6f70ef3c2 -> 7382bf7b61ded40b83716f0378898bfe
  custom:framework-win-MediaFoundation: 216162199b28c13a410421893ffa2e32 -> 
  custom:scripting/monoscript/fileName/nextscene.cs: 71d4e97111f2ccfb6469eaa5c15852fd -> 7f36a7078f337f359827de0bfa973d17
  custom:scripting/monoscript/fileName/MoveCamera.cs: 0ba2c6a4ff0b26c3b5d913ad712bdbcf -> 4cac7d10977ef19e1f3dcb198cffecc9
  custom:scripting/monoscript/fileName/GrapplingGun.cs: c6f63c2bc0100b9f6daba303de7e6391 -> 77176f16d51127b7327ebe60da444b1b
  custom:CustomObjectIndexerAttribute: 72b91833f83ae208fae7752999fa3104 -> 
  custom:container-demuxer-webm: 4f35f7cbe854078d1ac9338744f61a02 -> 
  custom:container-muxer-webm: aa71ff27fc2769a1b78a27578f13a17b -> 
  custom:video-decoder-webm-vp8: 9c59270c3fd7afecdb556c50c9e8de78 -> 
  custom:SearchIndexIgnoredProperties: e643bd26f0fe6173181afceb89e7c659 -> 
  custom:AudioImporter_EditorPlatform: d09bf68614088b80899f8185d706f6e7 -> 
  custom:scripting/monoscript/fileName/NewSceneTemplatePipeline.cs: b6f58a58324aadcdeb2ef714546683e7 -> 
  custom:scripting/monoscript/fileName/CursorState.cs: d9334e78ca93c8a76e4ffabba9acbc96 -> 18edcf0e60018a5a6aafd91b55f4838d
  custom:video-encoder-webm-vp8: eb34c28f22e8b96e1ab97ce403110664 -> 
  custom:audio-decoder-ogg-vorbis: bf7c407c2cedff20999df2af8eb42d56 -> 
  custom:scripting/monoscript/fileName/SoundPlayer.cs: 475d88b9df1544d8382efdce1bccce36 -> de8f3d4c96b446794089a8747c7618fc
  custom:scripting/monoscript/fileName/RotateGun.cs: 990b299e558ef4062b64873ad76f8048 -> eb2e4494e6808171dca4a2e27cab19b6
  custom:audio-encoder-webm-vorbis: bf7c407c2cedff20999df2af8eb42d56 -> 
  custom:scripting/monoscript/fileName/GameRespawn.cs: 4e16be644a2a6965abf6e4d660a3f3d9 -> de38c5bfa9c430c63979501321be442e
  custom:scripting/monoscript/fileName/Outline.cs: 09c84349353572281e22293c31aa1a93 -> 5cc4e1f72e41e12efce0db8381204c45
  custom:scripting/precompiled-assembly-types:Assembly-CSharp: 83acc3865680cbb5ffc18739c17f64c4 -> 9983f0a47bdcc277d42b44322341aebe
========================================================================
Received Prepare
Caller must complete domain reload
Begin MonoManager ReloadAssembly
- Loaded All Assemblies, in  0.522 seconds
Native extension for WindowsStandalone target not found
Mono: successfully reloaded assembly
- Finished resetting the current domain, in  1.701 seconds
Domain Reload Profiling: 2220ms
	BeginReloadAssembly (156ms)
		ExecutionOrderSort (0ms)
		DisableScriptedObjects (4ms)
		BackupInstance (0ms)
		ReleaseScriptingObjects (0ms)
		CreateAndSetChildDomain (28ms)
	RebuildCommonClasses (29ms)
	RebuildNativeTypeToScriptingClass (9ms)
	initialDomainReloadingComplete (30ms)
	LoadAllAssembliesAndSetupDomain (294ms)
		LoadAssemblies (342ms)
		RebuildTransferFunctionScriptingTraits (0ms)
		AnalyzeDomain (36ms)
			TypeCache.Refresh (9ms)
				TypeCache.ScanAssembly (0ms)
			ScanForSourceGeneratedMonoScriptInfo (17ms)
			ResolveRequiredComponents (8ms)
	FinalizeReload (1702ms)
		ReleaseScriptCaches (0ms)
		RebuildScriptCaches (0ms)
		SetupLoadedEditorAssemblies (479ms)
			LogAssemblyErrors (0ms)
			InitializePlatformSupportModulesInManaged (9ms)
			SetLoadedEditorAssemblies (6ms)
			RefreshPlugins (0ms)
			BeforeProcessingInitializeOnLoad (103ms)
			ProcessInitializeOnLoadAttributes (288ms)
			ProcessInitializeOnLoadMethodAttributes (66ms)
			AfterProcessingInitializeOnLoad (7ms)
			EditorAssembliesLoaded (0ms)
		ExecutionOrderSort2 (0ms)
		AwakeInstancesAfterBackupRestoration (7ms)
Refreshing native plugins compatible for Editor in 8.58 ms, found 3 plugins.
Preloading 0 native plugins for Editor in 0.00 ms.
Unloading 5275 Unused Serialized files (Serialized files now loaded: 0)
Unloading 24 unused Assets / (0.7 MB). Loaded Objects now: 6073.
Memory consumption went from 193.5 MB to 192.8 MB.
Total: 3.524800 ms (FindLiveObjects: 0.418800 ms CreateObjectMapping: 0.408500 ms MarkObjects: 2.377400 ms  DeleteObjects: 0.319100 ms)

Prepare: number of updated asset objects reloaded= 0
AssetImportParameters requested are different than current active one (requested -> active):
  custom:scripting/monoscript/fileName/PlayerControllerScript.cs: 611bee229e14d5c3cba5401576a48eca -> ac72a1ef68dfff9f45e5d291debc57b5
  custom:container-demuxer-ogg: 62fdf1f143b41e24485cea50d1cbac27 -> 
  custom:scripting/monoscript/fileName/Menu.cs: 0e1575f508e60d6d9d2287980b1e9d59 -> 6a6b6f10406332b78ded19ddc96541c7
  custom:video-codec-MediaFoundation-h265: 746d11721c4dcdbdad8f713fa42b33f4 -> 
  custom:video-decoder-ogg-theora: a1e56fd34408186e4bbccfd4996cb3dc -> 
  custom:scripting/monoscript/fileName/gameQuit.cs: 381d941fd2788eebf77d8cb6f70ef3c2 -> 7382bf7b61ded40b83716f0378898bfe
  custom:framework-win-MediaFoundation: 216162199b28c13a410421893ffa2e32 -> 
  custom:scripting/monoscript/fileName/nextscene.cs: 71d4e97111f2ccfb6469eaa5c15852fd -> 7f36a7078f337f359827de0bfa973d17
  custom:scripting/monoscript/fileName/MoveCamera.cs: 0ba2c6a4ff0b26c3b5d913ad712bdbcf -> 4cac7d10977ef19e1f3dcb198cffecc9
  custom:scripting/monoscript/fileName/GrapplingGun.cs: c6f63c2bc0100b9f6daba303de7e6391 -> 77176f16d51127b7327ebe60da444b1b
  custom:CustomObjectIndexerAttribute: 72b91833f83ae208fae7752999fa3104 -> 
  custom:container-demuxer-webm: 4f35f7cbe854078d1ac9338744f61a02 -> 
  custom:container-muxer-webm: aa71ff27fc2769a1b78a27578f13a17b -> 
  custom:video-decoder-webm-vp8: 9c59270c3fd7afecdb556c50c9e8de78 -> 
  custom:SearchIndexIgnoredProperties: e643bd26f0fe6173181afceb89e7c659 -> 
  custom:AudioImporter_EditorPlatform: d09bf68614088b80899f8185d706f6e7 -> 
  custom:scripting/monoscript/fileName/NewSceneTemplatePipeline.cs: b6f58a58324aadcdeb2ef714546683e7 -> 
  custom:scripting/monoscript/fileName/CursorState.cs: d9334e78ca93c8a76e4ffabba9acbc96 -> 18edcf0e60018a5a6aafd91b55f4838d
  custom:video-encoder-webm-vp8: eb34c28f22e8b96e1ab97ce403110664 -> 
  custom:audio-decoder-ogg-vorbis: bf7c407c2cedff20999df2af8eb42d56 -> 
  custom:scripting/monoscript/fileName/SoundPlayer.cs: 475d88b9df1544d8382efdce1bccce36 -> de8f3d4c96b446794089a8747c7618fc
  custom:scripting/monoscript/fileName/RotateGun.cs: 990b299e558ef4062b64873ad76f8048 -> eb2e4494e6808171dca4a2e27cab19b6
  custom:audio-encoder-webm-vorbis: bf7c407c2cedff20999df2af8eb42d56 -> 
  custom:scripting/monoscript/fileName/GameRespawn.cs: 4e16be644a2a6965abf6e4d660a3f3d9 -> de38c5bfa9c430c63979501321be442e
  custom:scripting/monoscript/fileName/Outline.cs: 09c84349353572281e22293c31aa1a93 -> 5cc4e1f72e41e12efce0db8381204c45
  custom:scripting/precompiled-assembly-types:Assembly-CSharp: a15a550c1b7cb7afe237d3b2cdafee23 -> 9983f0a47bdcc277d42b44322341aebe
========================================================================
Received Prepare
Caller must complete domain reload
Begin MonoManager ReloadAssembly
- Loaded All Assemblies, in  0.553 seconds
Native extension for WindowsStandalone target not found
Mono: successfully reloaded assembly
- Finished resetting the current domain, in  1.956 seconds
Domain Reload Profiling: 2505ms
	BeginReloadAssembly (168ms)
		ExecutionOrderSort (0ms)
		DisableScriptedObjects (5ms)
		BackupInstance (0ms)
		ReleaseScriptingObjects (0ms)
		CreateAndSetChildDomain (32ms)
	RebuildCommonClasses (33ms)
	RebuildNativeTypeToScriptingClass (10ms)
	initialDomainReloadingComplete (36ms)
	LoadAllAssembliesAndSetupDomain (301ms)
		LoadAssemblies (377ms)
		RebuildTransferFunctionScriptingTraits (0ms)
		AnalyzeDomain (18ms)
			TypeCache.Refresh (5ms)
				TypeCache.ScanAssembly (0ms)
			ScanForSourceGeneratedMonoScriptInfo (0ms)
			ResolveRequiredComponents (10ms)
	FinalizeReload (1956ms)
		ReleaseScriptCaches (0ms)
		RebuildScriptCaches (0ms)
		SetupLoadedEditorAssemblies (562ms)
			LogAssemblyErrors (0ms)
			InitializePlatformSupportModulesInManaged (8ms)
			SetLoadedEditorAssemblies (5ms)
			RefreshPlugins (0ms)
			BeforeProcessingInitializeOnLoad (101ms)
			ProcessInitializeOnLoadAttributes (358ms)
			ProcessInitializeOnLoadMethodAttributes (79ms)
			AfterProcessingInitializeOnLoad (10ms)
			EditorAssembliesLoaded (0ms)
		ExecutionOrderSort2 (0ms)
		AwakeInstancesAfterBackupRestoration (9ms)
Refreshing native plugins compatible for Editor in 9.22 ms, found 3 plugins.
Preloading 0 native plugins for Editor in 0.00 ms.
Unloading 5275 Unused Serialized files (Serialized files now loaded: 0)
Unloading 24 unused Assets / (0.7 MB). Loaded Objects now: 6076.
Memory consumption went from 193.5 MB to 192.8 MB.
Total: 4.083000 ms (FindLiveObjects: 0.579600 ms CreateObjectMapping: 0.377100 ms MarkObjects: 2.767200 ms  DeleteObjects: 0.358200 ms)

Prepare: number of updated asset objects reloaded= 0
AssetImportParameters requested are different than current active one (requested -> active):
  custom:scripting/monoscript/fileName/PlayerControllerScript.cs: 611bee229e14d5c3cba5401576a48eca -> ac72a1ef68dfff9f45e5d291debc57b5
  custom:container-demuxer-ogg: 62fdf1f143b41e24485cea50d1cbac27 -> 
  custom:scripting/monoscript/fileName/Menu.cs: 0e1575f508e60d6d9d2287980b1e9d59 -> 6a6b6f10406332b78ded19ddc96541c7
  custom:video-codec-MediaFoundation-h265: 746d11721c4dcdbdad8f713fa42b33f4 -> 
  custom:video-decoder-ogg-theora: a1e56fd34408186e4bbccfd4996cb3dc -> 
  custom:scripting/monoscript/fileName/gameQuit.cs: 381d941fd2788eebf77d8cb6f70ef3c2 -> 7382bf7b61ded40b83716f0378898bfe
  custom:framework-win-MediaFoundation: 216162199b28c13a410421893ffa2e32 -> 
  custom:scripting/monoscript/fileName/nextscene.cs: 71d4e97111f2ccfb6469eaa5c15852fd -> 7f36a7078f337f359827de0bfa973d17
  custom:scripting/monoscript/fileName/MoveCamera.cs: 0ba2c6a4ff0b26c3b5d913ad712bdbcf -> 4cac7d10977ef19e1f3dcb198cffecc9
  custom:scripting/monoscript/fileName/GrapplingGun.cs: c6f63c2bc0100b9f6daba303de7e6391 -> 77176f16d51127b7327ebe60da444b1b
  custom:CustomObjectIndexerAttribute: 72b91833f83ae208fae7752999fa3104 -> 
  custom:container-demuxer-webm: 4f35f7cbe854078d1ac9338744f61a02 -> 
  custom:container-muxer-webm: aa71ff27fc2769a1b78a27578f13a17b -> 
  custom:video-decoder-webm-vp8: 9c59270c3fd7afecdb556c50c9e8de78 -> 
  custom:SearchIndexIgnoredProperties: e643bd26f0fe6173181afceb89e7c659 -> 
  custom:AudioImporter_EditorPlatform: d09bf68614088b80899f8185d706f6e7 -> 
  custom:scripting/monoscript/fileName/NewSceneTemplatePipeline.cs: b6f58a58324aadcdeb2ef714546683e7 -> 
  custom:scripting/monoscript/fileName/CursorState.cs: d9334e78ca93c8a76e4ffabba9acbc96 -> 18edcf0e60018a5a6aafd91b55f4838d
  custom:video-encoder-webm-vp8: eb34c28f22e8b96e1ab97ce403110664 -> 
  custom:audio-decoder-ogg-vorbis: bf7c407c2cedff20999df2af8eb42d56 -> 
  custom:scripting/monoscript/fileName/SoundPlayer.cs: 475d88b9df1544d8382efdce1bccce36 -> de8f3d4c96b446794089a8747c7618fc
  custom:scripting/monoscript/fileName/RotateGun.cs: 990b299e558ef4062b64873ad76f8048 -> eb2e4494e6808171dca4a2e27cab19b6
  custom:audio-encoder-webm-vorbis: bf7c407c2cedff20999df2af8eb42d56 -> 
  custom:scripting/monoscript/fileName/GameRespawn.cs: 4e16be644a2a6965abf6e4d660a3f3d9 -> de38c5bfa9c430c63979501321be442e
  custom:scripting/monoscript/fileName/Outline.cs: 09c84349353572281e22293c31aa1a93 -> 5cc4e1f72e41e12efce0db8381204c45
  custom:scripting/precompiled-assembly-types:Assembly-CSharp: a15a550c1b7cb7afe237d3b2cdafee23 -> 9983f0a47bdcc277d42b44322341aebe
========================================================================
Received Import Request.
  Time since last request: 253.309126 seconds.
  path: Assets/scripts/Player/SoundPlayer.cs
  artifactKey: Guid(748868175b27ded4bb93dc8958e109e0) Importer(815301076,1909f56bfc062723c751e8b465ee728b)
Start importing Assets/scripts/Player/SoundPlayer.cs using Guid(748868175b27ded4bb93dc8958e109e0) Importer(815301076,1909f56bfc062723c751e8b465ee728b) [PhysX] Initialized MultithreadedTaskDispatcher with 12 workers.
 -> (artifact id: '19884c60a89af12eb021780c95eb4bb6') in 0.001761 seconds
Number of updated asset objects reloaded before import = 0
Number of asset objects unloaded after import = 0
========================================================================
Received Prepare
Caller must complete domain reload
Begin MonoManager ReloadAssembly
- Loaded All Assemblies, in  0.550 seconds
Native extension for WindowsStandalone target not found
Mono: successfully reloaded assembly
- Finished resetting the current domain, in  1.865 seconds
Domain Reload Profiling: 2411ms
	BeginReloadAssembly (160ms)
		ExecutionOrderSort (0ms)
		DisableScriptedObjects (4ms)
		BackupInstance (0ms)
		ReleaseScriptingObjects (0ms)
		CreateAndSetChildDomain (33ms)
	RebuildCommonClasses (33ms)
	RebuildNativeTypeToScriptingClass (11ms)
	initialDomainReloadingComplete (34ms)
	LoadAllAssembliesAndSetupDomain (309ms)
		LoadAssemblies (352ms)
		RebuildTransferFunctionScriptingTraits (0ms)
		AnalyzeDomain (45ms)
			TypeCache.Refresh (9ms)
				TypeCache.ScanAssembly (0ms)
			ScanForSourceGeneratedMonoScriptInfo (21ms)
			ResolveRequiredComponents (12ms)
	FinalizeReload (1865ms)
		ReleaseScriptCaches (0ms)
		RebuildScriptCaches (0ms)
		SetupLoadedEditorAssemblies (505ms)
			LogAssemblyErrors (0ms)
			InitializePlatformSupportModulesInManaged (6ms)
			SetLoadedEditorAssemblies (5ms)
			RefreshPlugins (0ms)
			BeforeProcessingInitializeOnLoad (98ms)
			ProcessInitializeOnLoadAttributes (318ms)
			ProcessInitializeOnLoadMethodAttributes (68ms)
			AfterProcessingInitializeOnLoad (9ms)
			EditorAssembliesLoaded (0ms)
		ExecutionOrderSort2 (0ms)
		AwakeInstancesAfterBackupRestoration (8ms)
Refreshing native plugins compatible for Editor in 7.54 ms, found 3 plugins.
Preloading 0 native plugins for Editor in 0.00 ms.
Unloading 5274 Unused Serialized files (Serialized files now loaded: 0)
Unloading 24 unused Assets / (0.7 MB). Loaded Objects now: 6079.
Memory consumption went from 193.2 MB to 192.5 MB.
Total: 3.957400 ms (FindLiveObjects: 0.415100 ms CreateObjectMapping: 0.145700 ms MarkObjects: 2.874500 ms  DeleteObjects: 0.521000 ms)

Prepare: number of updated asset objects reloaded= 0
AssetImportParameters requested are different than current active one (requested -> active):
  custom:scripting/monoscript/fileName/PlayerControllerScript.cs: 611bee229e14d5c3cba5401576a48eca -> ac72a1ef68dfff9f45e5d291debc57b5
  custom:container-demuxer-ogg: 62fdf1f143b41e24485cea50d1cbac27 -> 
  custom:scripting/monoscript/fileName/Menu.cs: 0e1575f508e60d6d9d2287980b1e9d59 -> 6a6b6f10406332b78ded19ddc96541c7
  custom:video-codec-MediaFoundation-h265: 746d11721c4dcdbdad8f713fa42b33f4 -> 
  custom:video-decoder-ogg-theora: a1e56fd34408186e4bbccfd4996cb3dc -> 
  custom:scripting/monoscript/fileName/gameQuit.cs: 381d941fd2788eebf77d8cb6f70ef3c2 -> 7382bf7b61ded40b83716f0378898bfe
  custom:framework-win-MediaFoundation: 216162199b28c13a410421893ffa2e32 -> 
  custom:scripting/monoscript/fileName/nextscene.cs: 71d4e97111f2ccfb6469eaa5c15852fd -> 7f36a7078f337f359827de0bfa973d17
  custom:scripting/monoscript/fileName/MoveCamera.cs: 0ba2c6a4ff0b26c3b5d913ad712bdbcf -> 4cac7d10977ef19e1f3dcb198cffecc9
  custom:scripting/monoscript/fileName/GrapplingGun.cs: c6f63c2bc0100b9f6daba303de7e6391 -> 77176f16d51127b7327ebe60da444b1b
  custom:CustomObjectIndexerAttribute: 72b91833f83ae208fae7752999fa3104 -> 
  custom:container-demuxer-webm: 4f35f7cbe854078d1ac9338744f61a02 -> 
  custom:container-muxer-webm: aa71ff27fc2769a1b78a27578f13a17b -> 
  custom:video-decoder-webm-vp8: 9c59270c3fd7afecdb556c50c9e8de78 -> 
  custom:SearchIndexIgnoredProperties: e643bd26f0fe6173181afceb89e7c659 -> 
  custom:AudioImporter_EditorPlatform: d09bf68614088b80899f8185d706f6e7 -> 
  custom:scripting/monoscript/fileName/NewSceneTemplatePipeline.cs: b6f58a58324aadcdeb2ef714546683e7 -> 
  custom:scripting/monoscript/fileName/CursorState.cs: d9334e78ca93c8a76e4ffabba9acbc96 -> 18edcf0e60018a5a6aafd91b55f4838d
  custom:video-encoder-webm-vp8: eb34c28f22e8b96e1ab97ce403110664 -> 
  custom:audio-decoder-ogg-vorbis: bf7c407c2cedff20999df2af8eb42d56 -> 
  custom:scripting/monoscript/fileName/SoundPlayer.cs: 475d88b9df1544d8382efdce1bccce36 -> de8f3d4c96b446794089a8747c7618fc
  custom:scripting/monoscript/fileName/RotateGun.cs: 990b299e558ef4062b64873ad76f8048 -> eb2e4494e6808171dca4a2e27cab19b6
  custom:audio-encoder-webm-vorbis: bf7c407c2cedff20999df2af8eb42d56 -> 
  custom:scripting/monoscript/fileName/GameRespawn.cs: 4e16be644a2a6965abf6e4d660a3f3d9 -> de38c5bfa9c430c63979501321be442e
  custom:scripting/monoscript/fileName/Outline.cs: 09c84349353572281e22293c31aa1a93 -> 5cc4e1f72e41e12efce0db8381204c45
  custom:scripting/precompiled-assembly-types:Assembly-CSharp: a15a550c1b7cb7afe237d3b2cdafee23 -> 9983f0a47bdcc277d42b44322341aebe
========================================================================
Received Prepare
Caller must complete domain reload
Begin MonoManager ReloadAssembly
- Loaded All Assemblies, in  0.563 seconds
Native extension for WindowsStandalone target not found
Mono: successfully reloaded assembly
- Finished resetting the current domain, in  1.707 seconds
Domain Reload Profiling: 2264ms
	BeginReloadAssembly (160ms)
		ExecutionOrderSort (0ms)
		DisableScriptedObjects (4ms)
		BackupInstance (0ms)
		ReleaseScriptingObjects (0ms)
		CreateAndSetChildDomain (38ms)
	RebuildCommonClasses (32ms)
	RebuildNativeTypeToScriptingClass (12ms)
	initialDomainReloadingComplete (33ms)
	LoadAllAssembliesAndSetupDomain (319ms)
		LoadAssemblies (363ms)
		RebuildTransferFunctionScriptingTraits (0ms)
		AnalyzeDomain (40ms)
			TypeCache.Refresh (9ms)
				TypeCache.ScanAssembly (0ms)
			ScanForSourceGeneratedMonoScriptInfo (18ms)
			ResolveRequiredComponents (10ms)
	FinalizeReload (1708ms)
		ReleaseScriptCaches (0ms)
		RebuildScriptCaches (0ms)
		SetupLoadedEditorAssemblies (463ms)
			LogAssemblyErrors (0ms)
			InitializePlatformSupportModulesInManaged (7ms)
			SetLoadedEditorAssemblies (4ms)
			RefreshPlugins (0ms)
			BeforeProcessingInitializeOnLoad (79ms)
			ProcessInitializeOnLoadAttributes (298ms)
			ProcessInitializeOnLoadMethodAttributes (68ms)
			AfterProcessingInitializeOnLoad (8ms)
			EditorAssembliesLoaded (0ms)
		ExecutionOrderSort2 (0ms)
		AwakeInstancesAfterBackupRestoration (8ms)
Refreshing native plugins compatible for Editor in 7.93 ms, found 3 plugins.
Preloading 0 native plugins for Editor in 0.00 ms.
Unloading 5275 Unused Serialized files (Serialized files now loaded: 0)
Unloading 24 unused Assets / (0.7 MB). Loaded Objects now: 6082.
Memory consumption went from 193.5 MB to 192.8 MB.
Total: 3.725100 ms (FindLiveObjects: 0.452000 ms CreateObjectMapping: 0.305600 ms MarkObjects: 2.544000 ms  DeleteObjects: 0.422600 ms)

Prepare: number of updated asset objects reloaded= 0
AssetImportParameters requested are different than current active one (requested -> active):
  custom:scripting/monoscript/fileName/PlayerControllerScript.cs: 611bee229e14d5c3cba5401576a48eca -> ac72a1ef68dfff9f45e5d291debc57b5
  custom:container-demuxer-ogg: 62fdf1f143b41e24485cea50d1cbac27 -> 
  custom:scripting/monoscript/fileName/Menu.cs: 0e1575f508e60d6d9d2287980b1e9d59 -> 6a6b6f10406332b78ded19ddc96541c7
  custom:video-codec-MediaFoundation-h265: 746d11721c4dcdbdad8f713fa42b33f4 -> 
  custom:video-decoder-ogg-theora: a1e56fd34408186e4bbccfd4996cb3dc -> 
  custom:scripting/monoscript/fileName/gameQuit.cs: 381d941fd2788eebf77d8cb6f70ef3c2 -> 7382bf7b61ded40b83716f0378898bfe
  custom:framework-win-MediaFoundation: 216162199b28c13a410421893ffa2e32 -> 
  custom:scripting/monoscript/fileName/nextscene.cs: 71d4e97111f2ccfb6469eaa5c15852fd -> 7f36a7078f337f359827de0bfa973d17
  custom:scripting/monoscript/fileName/MoveCamera.cs: 0ba2c6a4ff0b26c3b5d913ad712bdbcf -> 4cac7d10977ef19e1f3dcb198cffecc9
  custom:scripting/monoscript/fileName/GrapplingGun.cs: c6f63c2bc0100b9f6daba303de7e6391 -> 77176f16d51127b7327ebe60da444b1b
  custom:CustomObjectIndexerAttribute: 72b91833f83ae208fae7752999fa3104 -> 
  custom:container-demuxer-webm: 4f35f7cbe854078d1ac9338744f61a02 -> 
  custom:container-muxer-webm: aa71ff27fc2769a1b78a27578f13a17b -> 
  custom:video-decoder-webm-vp8: 9c59270c3fd7afecdb556c50c9e8de78 -> 
  custom:SearchIndexIgnoredProperties: e643bd26f0fe6173181afceb89e7c659 -> 
  custom:AudioImporter_EditorPlatform: d09bf68614088b80899f8185d706f6e7 -> 
  custom:scripting/monoscript/fileName/NewSceneTemplatePipeline.cs: b6f58a58324aadcdeb2ef714546683e7 -> 
  custom:scripting/monoscript/fileName/CursorState.cs: d9334e78ca93c8a76e4ffabba9acbc96 -> 18edcf0e60018a5a6aafd91b55f4838d
  custom:video-encoder-webm-vp8: eb34c28f22e8b96e1ab97ce403110664 -> 
  custom:audio-decoder-ogg-vorbis: bf7c407c2cedff20999df2af8eb42d56 -> 
  custom:scripting/monoscript/fileName/SoundPlayer.cs: 475d88b9df1544d8382efdce1bccce36 -> de8f3d4c96b446794089a8747c7618fc
  custom:scripting/monoscript/fileName/RotateGun.cs: 990b299e558ef4062b64873ad76f8048 -> eb2e4494e6808171dca4a2e27cab19b6
  custom:audio-encoder-webm-vorbis: bf7c407c2cedff20999df2af8eb42d56 -> 
  custom:scripting/monoscript/fileName/GameRespawn.cs: 4e16be644a2a6965abf6e4d660a3f3d9 -> de38c5bfa9c430c63979501321be442e
  custom:scripting/monoscript/fileName/Outline.cs: 09c84349353572281e22293c31aa1a93 -> 5cc4e1f72e41e12efce0db8381204c45
  custom:scripting/precompiled-assembly-types:Assembly-CSharp: a15a550c1b7cb7afe237d3b2cdafee23 -> 9983f0a47bdcc277d42b44322341aebe
========================================================================
Received Prepare
Caller must complete domain reload
Begin MonoManager ReloadAssembly
- Loaded All Assemblies, in  0.569 seconds
Native extension for WindowsStandalone target not found
Mono: successfully reloaded assembly
- Finished resetting the current domain, in  1.885 seconds
Domain Reload Profiling: 2450ms
	BeginReloadAssembly (198ms)
		ExecutionOrderSort (0ms)
		DisableScriptedObjects (4ms)
		BackupInstance (0ms)
		ReleaseScriptingObjects (0ms)
		CreateAndSetChildDomain (40ms)
	RebuildCommonClasses (31ms)
	RebuildNativeTypeToScriptingClass (8ms)
	initialDomainReloadingComplete (38ms)
	LoadAllAssembliesAndSetupDomain (288ms)
		LoadAssemblies (388ms)
		RebuildTransferFunctionScriptingTraits (0ms)
		AnalyzeDomain (16ms)
			TypeCache.Refresh (6ms)
				TypeCache.ScanAssembly (0ms)
			ScanForSourceGeneratedMonoScriptInfo (0ms)
			ResolveRequiredComponents (9ms)
	FinalizeReload (1886ms)
		ReleaseScriptCaches (0ms)
		RebuildScriptCaches (0ms)
		SetupLoadedEditorAssemblies (522ms)
			LogAssemblyErrors (0ms)
			InitializePlatformSupportModulesInManaged (7ms)
			SetLoadedEditorAssemblies (5ms)
			RefreshPlugins (0ms)
			BeforeProcessingInitializeOnLoad (100ms)
			ProcessInitializeOnLoadAttributes (318ms)
			ProcessInitializeOnLoadMethodAttributes (79ms)
			AfterProcessingInitializeOnLoad (12ms)
			EditorAssembliesLoaded (0ms)
		ExecutionOrderSort2 (0ms)
		AwakeInstancesAfterBackupRestoration (10ms)
Refreshing native plugins compatible for Editor in 8.77 ms, found 3 plugins.
Preloading 0 native plugins for Editor in 0.00 ms.
Unloading 5275 Unused Serialized files (Serialized files now loaded: 0)
Unloading 24 unused Assets / (0.7 MB). Loaded Objects now: 6085.
Memory consumption went from 193.5 MB to 192.8 MB.
Total: 5.252800 ms (FindLiveObjects: 0.796000 ms CreateObjectMapping: 0.459300 ms MarkObjects: 3.596600 ms  DeleteObjects: 0.399700 ms)

Prepare: number of updated asset objects reloaded= 0
AssetImportParameters requested are different than current active one (requested -> active):
  custom:scripting/monoscript/fileName/PlayerControllerScript.cs: 611bee229e14d5c3cba5401576a48eca -> ac72a1ef68dfff9f45e5d291debc57b5
  custom:container-demuxer-ogg: 62fdf1f143b41e24485cea50d1cbac27 -> 
  custom:scripting/monoscript/fileName/Menu.cs: 0e1575f508e60d6d9d2287980b1e9d59 -> 6a6b6f10406332b78ded19ddc96541c7
  custom:video-codec-MediaFoundation-h265: 746d11721c4dcdbdad8f713fa42b33f4 -> 
  custom:video-decoder-ogg-theora: a1e56fd34408186e4bbccfd4996cb3dc -> 
  custom:scripting/monoscript/fileName/gameQuit.cs: 381d941fd2788eebf77d8cb6f70ef3c2 -> 7382bf7b61ded40b83716f0378898bfe
  custom:framework-win-MediaFoundation: 216162199b28c13a410421893ffa2e32 -> 
  custom:scripting/monoscript/fileName/nextscene.cs: 71d4e97111f2ccfb6469eaa5c15852fd -> 7f36a7078f337f359827de0bfa973d17
  custom:scripting/monoscript/fileName/MoveCamera.cs: 0ba2c6a4ff0b26c3b5d913ad712bdbcf -> 4cac7d10977ef19e1f3dcb198cffecc9
  custom:scripting/monoscript/fileName/GrapplingGun.cs: c6f63c2bc0100b9f6daba303de7e6391 -> 77176f16d51127b7327ebe60da444b1b
  custom:CustomObjectIndexerAttribute: 72b91833f83ae208fae7752999fa3104 -> 
  custom:container-demuxer-webm: 4f35f7cbe854078d1ac9338744f61a02 -> 
  custom:container-muxer-webm: aa71ff27fc2769a1b78a27578f13a17b -> 
  custom:video-decoder-webm-vp8: 9c59270c3fd7afecdb556c50c9e8de78 -> 
  custom:SearchIndexIgnoredProperties: e643bd26f0fe6173181afceb89e7c659 -> 
  custom:AudioImporter_EditorPlatform: d09bf68614088b80899f8185d706f6e7 -> 
  custom:scripting/monoscript/fileName/NewSceneTemplatePipeline.cs: b6f58a58324aadcdeb2ef714546683e7 -> 
  custom:scripting/monoscript/fileName/CursorState.cs: d9334e78ca93c8a76e4ffabba9acbc96 -> 18edcf0e60018a5a6aafd91b55f4838d
  custom:video-encoder-webm-vp8: eb34c28f22e8b96e1ab97ce403110664 -> 
  custom:audio-decoder-ogg-vorbis: bf7c407c2cedff20999df2af8eb42d56 -> 
  custom:scripting/monoscript/fileName/SoundPlayer.cs: 475d88b9df1544d8382efdce1bccce36 -> de8f3d4c96b446794089a8747c7618fc
  custom:scripting/monoscript/fileName/RotateGun.cs: 990b299e558ef4062b64873ad76f8048 -> eb2e4494e6808171dca4a2e27cab19b6
  custom:audio-encoder-webm-vorbis: bf7c407c2cedff20999df2af8eb42d56 -> 
  custom:scripting/monoscript/fileName/GameRespawn.cs: 4e16be644a2a6965abf6e4d660a3f3d9 -> de38c5bfa9c430c63979501321be442e
  custom:scripting/monoscript/fileName/Outline.cs: 09c84349353572281e22293c31aa1a93 -> 5cc4e1f72e41e12efce0db8381204c45
  custom:scripting/precompiled-assembly-types:Assembly-CSharp: a15a550c1b7cb7afe237d3b2cdafee23 -> 9983f0a47bdcc277d42b44322341aebe
========================================================================
Received Prepare
Caller must complete domain reload
Begin MonoManager ReloadAssembly
- Loaded All Assemblies, in  0.643 seconds
Native extension for WindowsStandalone target not found
Mono: successfully reloaded assembly
- Finished resetting the current domain, in  1.923 seconds
Domain Reload Profiling: 2563ms
	BeginReloadAssembly (180ms)
		ExecutionOrderSort (0ms)
		DisableScriptedObjects (5ms)
		BackupInstance (0ms)
		ReleaseScriptingObjects (0ms)
		CreateAndSetChildDomain (35ms)
	RebuildCommonClasses (36ms)
	RebuildNativeTypeToScriptingClass (10ms)
	initialDomainReloadingComplete (41ms)
	LoadAllAssembliesAndSetupDomain (372ms)
		LoadAssemblies (411ms)
		RebuildTransferFunctionScriptingTraits (0ms)
		AnalyzeDomain (67ms)
			TypeCache.Refresh (20ms)
				TypeCache.ScanAssembly (1ms)
			ScanForSourceGeneratedMonoScriptInfo (32ms)
			ResolveRequiredComponents (13ms)
	FinalizeReload (1924ms)
		ReleaseScriptCaches (0ms)
		RebuildScriptCaches (0ms)
		SetupLoadedEditorAssemblies (509ms)
			LogAssemblyErrors (0ms)
			InitializePlatformSupportModulesInManaged (6ms)
			SetLoadedEditorAssemblies (4ms)
			RefreshPlugins (0ms)
			BeforeProcessingInitializeOnLoad (82ms)
			ProcessInitializeOnLoadAttributes (320ms)
			ProcessInitializeOnLoadMethodAttributes (88ms)
			AfterProcessingInitializeOnLoad (8ms)
			EditorAssembliesLoaded (0ms)
		ExecutionOrderSort2 (0ms)
		AwakeInstancesAfterBackupRestoration (7ms)
Refreshing native plugins compatible for Editor in 9.81 ms, found 3 plugins.
Preloading 0 native plugins for Editor in 0.00 ms.
Unloading 5275 Unused Serialized files (Serialized files now loaded: 0)
Unloading 24 unused Assets / (0.7 MB). Loaded Objects now: 6088.
Memory consumption went from 193.5 MB to 192.8 MB.
Total: 4.175000 ms (FindLiveObjects: 0.552600 ms CreateObjectMapping: 0.470100 ms MarkObjects: 2.788400 ms  DeleteObjects: 0.363000 ms)

Prepare: number of updated asset objects reloaded= 0
AssetImportParameters requested are different than current active one (requested -> active):
  custom:scripting/monoscript/fileName/PlayerControllerScript.cs: 611bee229e14d5c3cba5401576a48eca -> ac72a1ef68dfff9f45e5d291debc57b5
  custom:container-demuxer-ogg: 62fdf1f143b41e24485cea50d1cbac27 -> 
  custom:scripting/monoscript/fileName/Menu.cs: 0e1575f508e60d6d9d2287980b1e9d59 -> 6a6b6f10406332b78ded19ddc96541c7
  custom:video-codec-MediaFoundation-h265: 746d11721c4dcdbdad8f713fa42b33f4 -> 
  custom:video-decoder-ogg-theora: a1e56fd34408186e4bbccfd4996cb3dc -> 
  custom:scripting/monoscript/fileName/gameQuit.cs: 381d941fd2788eebf77d8cb6f70ef3c2 -> 7382bf7b61ded40b83716f0378898bfe
  custom:framework-win-MediaFoundation: 216162199b28c13a410421893ffa2e32 -> 
  custom:scripting/monoscript/fileName/nextscene.cs: 71d4e97111f2ccfb6469eaa5c15852fd -> 7f36a7078f337f359827de0bfa973d17
  custom:scripting/monoscript/fileName/MoveCamera.cs: 0ba2c6a4ff0b26c3b5d913ad712bdbcf -> 4cac7d10977ef19e1f3dcb198cffecc9
  custom:scripting/monoscript/fileName/GrapplingGun.cs: c6f63c2bc0100b9f6daba303de7e6391 -> 77176f16d51127b7327ebe60da444b1b
  custom:CustomObjectIndexerAttribute: 72b91833f83ae208fae7752999fa3104 -> 
  custom:container-demuxer-webm: 4f35f7cbe854078d1ac9338744f61a02 -> 
  custom:container-muxer-webm: aa71ff27fc2769a1b78a27578f13a17b -> 
  custom:video-decoder-webm-vp8: 9c59270c3fd7afecdb556c50c9e8de78 -> 
  custom:SearchIndexIgnoredProperties: e643bd26f0fe6173181afceb89e7c659 -> 
  custom:AudioImporter_EditorPlatform: d09bf68614088b80899f8185d706f6e7 -> 
  custom:scripting/monoscript/fileName/NewSceneTemplatePipeline.cs: b6f58a58324aadcdeb2ef714546683e7 -> 
  custom:scripting/monoscript/fileName/CursorState.cs: d9334e78ca93c8a76e4ffabba9acbc96 -> 18edcf0e60018a5a6aafd91b55f4838d
  custom:video-encoder-webm-vp8: eb34c28f22e8b96e1ab97ce403110664 -> 
  custom:audio-decoder-ogg-vorbis: bf7c407c2cedff20999df2af8eb42d56 -> 
  custom:scripting/monoscript/fileName/SoundPlayer.cs: 475d88b9df1544d8382efdce1bccce36 -> de8f3d4c96b446794089a8747c7618fc
  custom:scripting/monoscript/fileName/RotateGun.cs: 990b299e558ef4062b64873ad76f8048 -> eb2e4494e6808171dca4a2e27cab19b6
  custom:audio-encoder-webm-vorbis: bf7c407c2cedff20999df2af8eb42d56 -> 
  custom:scripting/monoscript/fileName/GameRespawn.cs: 4e16be644a2a6965abf6e4d660a3f3d9 -> de38c5bfa9c430c63979501321be442e
  custom:scripting/monoscript/fileName/Outline.cs: 09c84349353572281e22293c31aa1a93 -> 5cc4e1f72e41e12efce0db8381204c45
  custom:scripting/precompiled-assembly-types:Assembly-CSharp: a15a550c1b7cb7afe237d3b2cdafee23 -> 9983f0a47bdcc277d42b44322341aebe
========================================================================
Received Prepare
Caller must complete domain reload
Begin MonoManager ReloadAssembly
- Loaded All Assemblies, in  0.543 seconds
Native extension for WindowsStandalone target not found
Mono: successfully reloaded assembly
- Finished resetting the current domain, in  1.797 seconds
Domain Reload Profiling: 2337ms
	BeginReloadAssembly (159ms)
		ExecutionOrderSort (0ms)
		DisableScriptedObjects (4ms)
		BackupInstance (0ms)
		ReleaseScriptingObjects (0ms)
		CreateAndSetChildDomain (29ms)
	RebuildCommonClasses (30ms)
	RebuildNativeTypeToScriptingClass (10ms)
	initialDomainReloadingComplete (33ms)
	LoadAllAssembliesAndSetupDomain (306ms)
		LoadAssemblies (378ms)
		RebuildTransferFunctionScriptingTraits (0ms)
		AnalyzeDomain (19ms)
			TypeCache.Refresh (6ms)
				TypeCache.ScanAssembly (0ms)
			ScanForSourceGeneratedMonoScriptInfo (0ms)
			ResolveRequiredComponents (10ms)
	FinalizeReload (1798ms)
		ReleaseScriptCaches (0ms)
		RebuildScriptCaches (0ms)
		SetupLoadedEditorAssemblies (500ms)
			LogAssemblyErrors (0ms)
			InitializePlatformSupportModulesInManaged (7ms)
			SetLoadedEditorAssemblies (4ms)
			RefreshPlugins (0ms)
			BeforeProcessingInitializeOnLoad (87ms)
			ProcessInitializeOnLoadAttributes (319ms)
			ProcessInitializeOnLoadMethodAttributes (74ms)
			AfterProcessingInitializeOnLoad (9ms)
			EditorAssembliesLoaded (0ms)
		ExecutionOrderSort2 (0ms)
		AwakeInstancesAfterBackupRestoration (7ms)
Refreshing native plugins compatible for Editor in 8.48 ms, found 3 plugins.
Preloading 0 native plugins for Editor in 0.00 ms.
Unloading 5275 Unused Serialized files (Serialized files now loaded: 0)
Unloading 24 unused Assets / (0.7 MB). Loaded Objects now: 6091.
Memory consumption went from 193.5 MB to 192.8 MB.
Total: 3.361000 ms (FindLiveObjects: 0.476600 ms CreateObjectMapping: 0.337800 ms MarkObjects: 2.213500 ms  DeleteObjects: 0.332100 ms)

Prepare: number of updated asset objects reloaded= 0
AssetImportParameters requested are different than current active one (requested -> active):
  custom:scripting/monoscript/fileName/PlayerControllerScript.cs: 611bee229e14d5c3cba5401576a48eca -> ac72a1ef68dfff9f45e5d291debc57b5
  custom:container-demuxer-ogg: 62fdf1f143b41e24485cea50d1cbac27 -> 
  custom:scripting/monoscript/fileName/Menu.cs: 0e1575f508e60d6d9d2287980b1e9d59 -> 6a6b6f10406332b78ded19ddc96541c7
  custom:video-codec-MediaFoundation-h265: 746d11721c4dcdbdad8f713fa42b33f4 -> 
  custom:video-decoder-ogg-theora: a1e56fd34408186e4bbccfd4996cb3dc -> 
  custom:scripting/monoscript/fileName/gameQuit.cs: 381d941fd2788eebf77d8cb6f70ef3c2 -> 7382bf7b61ded40b83716f0378898bfe
  custom:framework-win-MediaFoundation: 216162199b28c13a410421893ffa2e32 -> 
  custom:scripting/monoscript/fileName/nextscene.cs: 71d4e97111f2ccfb6469eaa5c15852fd -> 7f36a7078f337f359827de0bfa973d17
  custom:scripting/monoscript/fileName/MoveCamera.cs: 0ba2c6a4ff0b26c3b5d913ad712bdbcf -> 4cac7d10977ef19e1f3dcb198cffecc9
  custom:scripting/monoscript/fileName/GrapplingGun.cs: c6f63c2bc0100b9f6daba303de7e6391 -> 77176f16d51127b7327ebe60da444b1b
  custom:CustomObjectIndexerAttribute: 72b91833f83ae208fae7752999fa3104 -> 
  custom:container-demuxer-webm: 4f35f7cbe854078d1ac9338744f61a02 -> 
  custom:container-muxer-webm: aa71ff27fc2769a1b78a27578f13a17b -> 
  custom:video-decoder-webm-vp8: 9c59270c3fd7afecdb556c50c9e8de78 -> 
  custom:SearchIndexIgnoredProperties: e643bd26f0fe6173181afceb89e7c659 -> 
  custom:AudioImporter_EditorPlatform: d09bf68614088b80899f8185d706f6e7 -> 
  custom:scripting/monoscript/fileName/NewSceneTemplatePipeline.cs: b6f58a58324aadcdeb2ef714546683e7 -> 
  custom:scripting/monoscript/fileName/CursorState.cs: d9334e78ca93c8a76e4ffabba9acbc96 -> 18edcf0e60018a5a6aafd91b55f4838d
  custom:video-encoder-webm-vp8: eb34c28f22e8b96e1ab97ce403110664 -> 
  custom:audio-decoder-ogg-vorbis: bf7c407c2cedff20999df2af8eb42d56 -> 
  custom:scripting/monoscript/fileName/SoundPlayer.cs: 475d88b9df1544d8382efdce1bccce36 -> de8f3d4c96b446794089a8747c7618fc
  custom:scripting/monoscript/fileName/RotateGun.cs: 990b299e558ef4062b64873ad76f8048 -> eb2e4494e6808171dca4a2e27cab19b6
  custom:audio-encoder-webm-vorbis: bf7c407c2cedff20999df2af8eb42d56 -> 
  custom:scripting/monoscript/fileName/GameRespawn.cs: 4e16be644a2a6965abf6e4d660a3f3d9 -> de38c5bfa9c430c63979501321be442e
  custom:scripting/monoscript/fileName/Outline.cs: 09c84349353572281e22293c31aa1a93 -> 5cc4e1f72e41e12efce0db8381204c45
  custom:scripting/precompiled-assembly-types:Assembly-CSharp: a15a550c1b7cb7afe237d3b2cdafee23 -> 9983f0a47bdcc277d42b44322341aebe
========================================================================
Received Prepare
Caller must complete domain reload
Begin MonoManager ReloadAssembly
- Loaded All Assemblies, in  0.571 seconds
Native extension for WindowsStandalone target not found
Mono: successfully reloaded assembly
- Finished resetting the current domain, in  1.723 seconds
Domain Reload Profiling: 2290ms
	BeginReloadAssembly (164ms)
		ExecutionOrderSort (0ms)
		DisableScriptedObjects (4ms)
		BackupInstance (0ms)
		ReleaseScriptingObjects (0ms)
		CreateAndSetChildDomain (37ms)
	RebuildCommonClasses (32ms)
	RebuildNativeTypeToScriptingClass (10ms)
	initialDomainReloadingComplete (35ms)
	LoadAllAssembliesAndSetupDomain (325ms)
		LoadAssemblies (357ms)
		RebuildTransferFunctionScriptingTraits (0ms)
		AnalyzeDomain (54ms)
			TypeCache.Refresh (13ms)
				TypeCache.ScanAssembly (1ms)
			ScanForSourceGeneratedMonoScriptInfo (27ms)
			ResolveRequiredComponents (11ms)
	FinalizeReload (1724ms)
		ReleaseScriptCaches (0ms)
		RebuildScriptCaches (0ms)
		SetupLoadedEditorAssemblies (440ms)
			LogAssemblyErrors (0ms)
			InitializePlatformSupportModulesInManaged (6ms)
			SetLoadedEditorAssemblies (5ms)
			RefreshPlugins (0ms)
			BeforeProcessingInitializeOnLoad (82ms)
			ProcessInitializeOnLoadAttributes (276ms)
			ProcessInitializeOnLoadMethodAttributes (63ms)
			AfterProcessingInitializeOnLoad (9ms)
			EditorAssembliesLoaded (0ms)
		ExecutionOrderSort2 (0ms)
		AwakeInstancesAfterBackupRestoration (7ms)
Refreshing native plugins compatible for Editor in 8.62 ms, found 3 plugins.
Preloading 0 native plugins for Editor in 0.00 ms.
Unloading 5275 Unused Serialized files (Serialized files now loaded: 0)
Unloading 24 unused Assets / (0.7 MB). Loaded Objects now: 6094.
Memory consumption went from 193.5 MB to 192.8 MB.
Total: 4.664500 ms (FindLiveObjects: 0.390500 ms CreateObjectMapping: 0.333100 ms MarkObjects: 3.578000 ms  DeleteObjects: 0.362200 ms)

Prepare: number of updated asset objects reloaded= 0
AssetImportParameters requested are different than current active one (requested -> active):
  custom:scripting/monoscript/fileName/PlayerControllerScript.cs: 611bee229e14d5c3cba5401576a48eca -> ac72a1ef68dfff9f45e5d291debc57b5
  custom:container-demuxer-ogg: 62fdf1f143b41e24485cea50d1cbac27 -> 
  custom:scripting/monoscript/fileName/Menu.cs: 0e1575f508e60d6d9d2287980b1e9d59 -> 6a6b6f10406332b78ded19ddc96541c7
  custom:video-codec-MediaFoundation-h265: 746d11721c4dcdbdad8f713fa42b33f4 -> 
  custom:video-decoder-ogg-theora: a1e56fd34408186e4bbccfd4996cb3dc -> 
  custom:scripting/monoscript/fileName/gameQuit.cs: 381d941fd2788eebf77d8cb6f70ef3c2 -> 7382bf7b61ded40b83716f0378898bfe
  custom:framework-win-MediaFoundation: 216162199b28c13a410421893ffa2e32 -> 
  custom:scripting/monoscript/fileName/nextscene.cs: 71d4e97111f2ccfb6469eaa5c15852fd -> 7f36a7078f337f359827de0bfa973d17
  custom:scripting/monoscript/fileName/MoveCamera.cs: 0ba2c6a4ff0b26c3b5d913ad712bdbcf -> 4cac7d10977ef19e1f3dcb198cffecc9
  custom:scripting/monoscript/fileName/GrapplingGun.cs: c6f63c2bc0100b9f6daba303de7e6391 -> 77176f16d51127b7327ebe60da444b1b
  custom:CustomObjectIndexerAttribute: 72b91833f83ae208fae7752999fa3104 -> 
  custom:container-demuxer-webm: 4f35f7cbe854078d1ac9338744f61a02 -> 
  custom:container-muxer-webm: aa71ff27fc2769a1b78a27578f13a17b -> 
  custom:video-decoder-webm-vp8: 9c59270c3fd7afecdb556c50c9e8de78 -> 
  custom:SearchIndexIgnoredProperties: e643bd26f0fe6173181afceb89e7c659 -> 
  custom:AudioImporter_EditorPlatform: d09bf68614088b80899f8185d706f6e7 -> 
  custom:scripting/monoscript/fileName/NewSceneTemplatePipeline.cs: b6f58a58324aadcdeb2ef714546683e7 -> 
  custom:scripting/monoscript/fileName/CursorState.cs: d9334e78ca93c8a76e4ffabba9acbc96 -> 18edcf0e60018a5a6aafd91b55f4838d
  custom:video-encoder-webm-vp8: eb34c28f22e8b96e1ab97ce403110664 -> 
  custom:audio-decoder-ogg-vorbis: bf7c407c2cedff20999df2af8eb42d56 -> 
  custom:scripting/monoscript/fileName/SoundPlayer.cs: 475d88b9df1544d8382efdce1bccce36 -> de8f3d4c96b446794089a8747c7618fc
  custom:scripting/monoscript/fileName/RotateGun.cs: 990b299e558ef4062b64873ad76f8048 -> eb2e4494e6808171dca4a2e27cab19b6
  custom:audio-encoder-webm-vorbis: bf7c407c2cedff20999df2af8eb42d56 -> 
  custom:scripting/monoscript/fileName/GameRespawn.cs: 4e16be644a2a6965abf6e4d660a3f3d9 -> de38c5bfa9c430c63979501321be442e
  custom:scripting/monoscript/fileName/Outline.cs: 09c84349353572281e22293c31aa1a93 -> 5cc4e1f72e41e12efce0db8381204c45
  custom:scripting/precompiled-assembly-types:Assembly-CSharp: a15a550c1b7cb7afe237d3b2cdafee23 -> 9983f0a47bdcc277d42b44322341aebe
========================================================================
Received Prepare
Caller must complete domain reload
Begin MonoManager ReloadAssembly
- Loaded All Assemblies, in  0.544 seconds
Native extension for WindowsStandalone target not found
Mono: successfully reloaded assembly
- Finished resetting the current domain, in  2.132 seconds
Domain Reload Profiling: 2671ms
	BeginReloadAssembly (163ms)
		ExecutionOrderSort (0ms)
		DisableScriptedObjects (5ms)
		BackupInstance (0ms)
		ReleaseScriptingObjects (0ms)
		CreateAndSetChildDomain (32ms)
	RebuildCommonClasses (32ms)
	RebuildNativeTypeToScriptingClass (9ms)
	initialDomainReloadingComplete (33ms)
	LoadAllAssembliesAndSetupDomain (302ms)
		LoadAssemblies (378ms)
		RebuildTransferFunctionScriptingTraits (0ms)
		AnalyzeDomain (18ms)
			TypeCache.Refresh (5ms)
				TypeCache.ScanAssembly (0ms)
			ScanForSourceGeneratedMonoScriptInfo (0ms)
			ResolveRequiredComponents (10ms)
	FinalizeReload (2132ms)
		ReleaseScriptCaches (0ms)
		RebuildScriptCaches (0ms)
		SetupLoadedEditorAssemblies (591ms)
			LogAssemblyErrors (0ms)
			InitializePlatformSupportModulesInManaged (8ms)
			SetLoadedEditorAssemblies (6ms)
			RefreshPlugins (0ms)
			BeforeProcessingInitializeOnLoad (104ms)
			ProcessInitializeOnLoadAttributes (375ms)
			ProcessInitializeOnLoadMethodAttributes (88ms)
			AfterProcessingInitializeOnLoad (10ms)
			EditorAssembliesLoaded (0ms)
		ExecutionOrderSort2 (0ms)
		AwakeInstancesAfterBackupRestoration (11ms)
Refreshing native plugins compatible for Editor in 11.03 ms, found 3 plugins.
Preloading 0 native plugins for Editor in 0.00 ms.
Unloading 5275 Unused Serialized files (Serialized files now loaded: 0)
Unloading 24 unused Assets / (0.7 MB). Loaded Objects now: 6097.
Memory consumption went from 193.5 MB to 192.8 MB.
Total: 4.416500 ms (FindLiveObjects: 0.445800 ms CreateObjectMapping: 0.340100 ms MarkObjects: 3.145100 ms  DeleteObjects: 0.484800 ms)

Prepare: number of updated asset objects reloaded= 0
AssetImportParameters requested are different than current active one (requested -> active):
  custom:scripting/monoscript/fileName/PlayerControllerScript.cs: 611bee229e14d5c3cba5401576a48eca -> ac72a1ef68dfff9f45e5d291debc57b5
  custom:container-demuxer-ogg: 62fdf1f143b41e24485cea50d1cbac27 -> 
  custom:scripting/monoscript/fileName/Menu.cs: 0e1575f508e60d6d9d2287980b1e9d59 -> 6a6b6f10406332b78ded19ddc96541c7
  custom:video-codec-MediaFoundation-h265: 746d11721c4dcdbdad8f713fa42b33f4 -> 
  custom:video-decoder-ogg-theora: a1e56fd34408186e4bbccfd4996cb3dc -> 
  custom:scripting/monoscript/fileName/gameQuit.cs: 381d941fd2788eebf77d8cb6f70ef3c2 -> 7382bf7b61ded40b83716f0378898bfe
  custom:framework-win-MediaFoundation: 216162199b28c13a410421893ffa2e32 -> 
  custom:scripting/monoscript/fileName/nextscene.cs: 71d4e97111f2ccfb6469eaa5c15852fd -> 7f36a7078f337f359827de0bfa973d17
  custom:scripting/monoscript/fileName/MoveCamera.cs: 0ba2c6a4ff0b26c3b5d913ad712bdbcf -> 4cac7d10977ef19e1f3dcb198cffecc9
  custom:scripting/monoscript/fileName/GrapplingGun.cs: c6f63c2bc0100b9f6daba303de7e6391 -> 77176f16d51127b7327ebe60da444b1b
  custom:CustomObjectIndexerAttribute: 72b91833f83ae208fae7752999fa3104 -> 
  custom:container-demuxer-webm: 4f35f7cbe854078d1ac9338744f61a02 -> 
  custom:container-muxer-webm: aa71ff27fc2769a1b78a27578f13a17b -> 
  custom:video-decoder-webm-vp8: 9c59270c3fd7afecdb556c50c9e8de78 -> 
  custom:SearchIndexIgnoredProperties: e643bd26f0fe6173181afceb89e7c659 -> 
  custom:AudioImporter_EditorPlatform: d09bf68614088b80899f8185d706f6e7 -> 
  custom:scripting/monoscript/fileName/NewSceneTemplatePipeline.cs: b6f58a58324aadcdeb2ef714546683e7 -> 
  custom:scripting/monoscript/fileName/CursorState.cs: d9334e78ca93c8a76e4ffabba9acbc96 -> 18edcf0e60018a5a6aafd91b55f4838d
  custom:video-encoder-webm-vp8: eb34c28f22e8b96e1ab97ce403110664 -> 
  custom:audio-decoder-ogg-vorbis: bf7c407c2cedff20999df2af8eb42d56 -> 
  custom:scripting/monoscript/fileName/SoundPlayer.cs: 475d88b9df1544d8382efdce1bccce36 -> de8f3d4c96b446794089a8747c7618fc
  custom:scripting/monoscript/fileName/RotateGun.cs: 990b299e558ef4062b64873ad76f8048 -> eb2e4494e6808171dca4a2e27cab19b6
  custom:audio-encoder-webm-vorbis: bf7c407c2cedff20999df2af8eb42d56 -> 
  custom:scripting/monoscript/fileName/GameRespawn.cs: 4e16be644a2a6965abf6e4d660a3f3d9 -> de38c5bfa9c430c63979501321be442e
  custom:scripting/monoscript/fileName/Outline.cs: 09c84349353572281e22293c31aa1a93 -> 5cc4e1f72e41e12efce0db8381204c45
  custom:scripting/precompiled-assembly-types:Assembly-CSharp: a15a550c1b7cb7afe237d3b2cdafee23 -> 9983f0a47bdcc277d42b44322341aebe
========================================================================
Received Prepare
Caller must complete domain reload
Begin MonoManager ReloadAssembly
- Loaded All Assemblies, in  0.565 seconds
Native extension for WindowsStandalone target not found
Mono: successfully reloaded assembly
- Finished resetting the current domain, in  1.637 seconds
Domain Reload Profiling: 2197ms
	BeginReloadAssembly (177ms)
		ExecutionOrderSort (0ms)
		DisableScriptedObjects (5ms)
		BackupInstance (0ms)
		ReleaseScriptingObjects (0ms)
		CreateAndSetChildDomain (31ms)
	RebuildCommonClasses (30ms)
	RebuildNativeTypeToScriptingClass (9ms)
	initialDomainReloadingComplete (39ms)
	LoadAllAssembliesAndSetupDomain (304ms)
		LoadAssemblies (371ms)
		RebuildTransferFunctionScriptingTraits (0ms)
		AnalyzeDomain (37ms)
			TypeCache.Refresh (9ms)
				TypeCache.ScanAssembly (0ms)
			ScanForSourceGeneratedMonoScriptInfo (17ms)
			ResolveRequiredComponents (8ms)
	FinalizeReload (1638ms)
		ReleaseScriptCaches (0ms)
		RebuildScriptCaches (0ms)
		SetupLoadedEditorAssemblies (454ms)
			LogAssemblyErrors (0ms)
			InitializePlatformSupportModulesInManaged (6ms)
			SetLoadedEditorAssemblies (4ms)
			RefreshPlugins (0ms)
			BeforeProcessingInitializeOnLoad (76ms)
			ProcessInitializeOnLoadAttributes (298ms)
			ProcessInitializeOnLoadMethodAttributes (61ms)
			AfterProcessingInitializeOnLoad (9ms)
			EditorAssembliesLoaded (0ms)
		ExecutionOrderSort2 (0ms)
		AwakeInstancesAfterBackupRestoration (7ms)
Refreshing native plugins compatible for Editor in 8.11 ms, found 3 plugins.
Preloading 0 native plugins for Editor in 0.00 ms.
Unloading 5275 Unused Serialized files (Serialized files now loaded: 0)
Unloading 24 unused Assets / (0.7 MB). Loaded Objects now: 6100.
Memory consumption went from 193.5 MB to 192.8 MB.
Total: 3.320800 ms (FindLiveObjects: 0.406800 ms CreateObjectMapping: 0.306900 ms MarkObjects: 2.302100 ms  DeleteObjects: 0.304200 ms)

Prepare: number of updated asset objects reloaded= 0
AssetImportParameters requested are different than current active one (requested -> active):
  custom:scripting/monoscript/fileName/PlayerControllerScript.cs: 611bee229e14d5c3cba5401576a48eca -> ac72a1ef68dfff9f45e5d291debc57b5
  custom:container-demuxer-ogg: 62fdf1f143b41e24485cea50d1cbac27 -> 
  custom:scripting/monoscript/fileName/Menu.cs: 0e1575f508e60d6d9d2287980b1e9d59 -> 6a6b6f10406332b78ded19ddc96541c7
  custom:video-codec-MediaFoundation-h265: 746d11721c4dcdbdad8f713fa42b33f4 -> 
  custom:video-decoder-ogg-theora: a1e56fd34408186e4bbccfd4996cb3dc -> 
  custom:scripting/monoscript/fileName/gameQuit.cs: 381d941fd2788eebf77d8cb6f70ef3c2 -> 7382bf7b61ded40b83716f0378898bfe
  custom:framework-win-MediaFoundation: 216162199b28c13a410421893ffa2e32 -> 
  custom:scripting/monoscript/fileName/nextscene.cs: 71d4e97111f2ccfb6469eaa5c15852fd -> 7f36a7078f337f359827de0bfa973d17
  custom:scripting/monoscript/fileName/MoveCamera.cs: 0ba2c6a4ff0b26c3b5d913ad712bdbcf -> 4cac7d10977ef19e1f3dcb198cffecc9
  custom:scripting/monoscript/fileName/GrapplingGun.cs: c6f63c2bc0100b9f6daba303de7e6391 -> 77176f16d51127b7327ebe60da444b1b
  custom:CustomObjectIndexerAttribute: 72b91833f83ae208fae7752999fa3104 -> 
  custom:container-demuxer-webm: 4f35f7cbe854078d1ac9338744f61a02 -> 
  custom:container-muxer-webm: aa71ff27fc2769a1b78a27578f13a17b -> 
  custom:video-decoder-webm-vp8: 9c59270c3fd7afecdb556c50c9e8de78 -> 
  custom:SearchIndexIgnoredProperties: e643bd26f0fe6173181afceb89e7c659 -> 
  custom:AudioImporter_EditorPlatform: d09bf68614088b80899f8185d706f6e7 -> 
  custom:scripting/monoscript/fileName/NewSceneTemplatePipeline.cs: b6f58a58324aadcdeb2ef714546683e7 -> 
  custom:scripting/monoscript/fileName/CursorState.cs: d9334e78ca93c8a76e4ffabba9acbc96 -> 18edcf0e60018a5a6aafd91b55f4838d
  custom:video-encoder-webm-vp8: eb34c28f22e8b96e1ab97ce403110664 -> 
  custom:audio-decoder-ogg-vorbis: bf7c407c2cedff20999df2af8eb42d56 -> 
  custom:scripting/monoscript/fileName/SoundPlayer.cs: 475d88b9df1544d8382efdce1bccce36 -> de8f3d4c96b446794089a8747c7618fc
  custom:scripting/monoscript/fileName/RotateGun.cs: 990b299e558ef4062b64873ad76f8048 -> eb2e4494e6808171dca4a2e27cab19b6
  custom:audio-encoder-webm-vorbis: bf7c407c2cedff20999df2af8eb42d56 -> 
  custom:scripting/monoscript/fileName/GameRespawn.cs: 4e16be644a2a6965abf6e4d660a3f3d9 -> de38c5bfa9c430c63979501321be442e
  custom:scripting/monoscript/fileName/Outline.cs: 09c84349353572281e22293c31aa1a93 -> 5cc4e1f72e41e12efce0db8381204c45
  custom:scripting/precompiled-assembly-types:Assembly-CSharp: a15a550c1b7cb7afe237d3b2cdafee23 -> 9983f0a47bdcc277d42b44322341aebe
========================================================================
Received Prepare
Caller must complete domain reload
Begin MonoManager ReloadAssembly
- Loaded All Assemblies, in  0.517 seconds
Native extension for WindowsStandalone target not found
Mono: successfully reloaded assembly
- Finished resetting the current domain, in  1.949 seconds
Domain Reload Profiling: 2463ms
	BeginReloadAssembly (175ms)
		ExecutionOrderSort (0ms)
		DisableScriptedObjects (5ms)
		BackupInstance (0ms)
		ReleaseScriptingObjects (0ms)
		CreateAndSetChildDomain (32ms)
	RebuildCommonClasses (27ms)
	RebuildNativeTypeToScriptingClass (9ms)
	initialDomainReloadingComplete (30ms)
	LoadAllAssembliesAndSetupDomain (272ms)
		LoadAssemblies (357ms)
		RebuildTransferFunctionScriptingTraits (0ms)
		AnalyzeDomain (17ms)
			TypeCache.Refresh (5ms)
				TypeCache.ScanAssembly (0ms)
			ScanForSourceGeneratedMonoScriptInfo (0ms)
			ResolveRequiredComponents (10ms)
	FinalizeReload (1950ms)
		ReleaseScriptCaches (0ms)
		RebuildScriptCaches (0ms)
		SetupLoadedEditorAssemblies (514ms)
			LogAssemblyErrors (0ms)
			InitializePlatformSupportModulesInManaged (9ms)
			SetLoadedEditorAssemblies (6ms)
			RefreshPlugins (0ms)
			BeforeProcessingInitializeOnLoad (101ms)
			ProcessInitializeOnLoadAttributes (317ms)
			ProcessInitializeOnLoadMethodAttributes (71ms)
			AfterProcessingInitializeOnLoad (11ms)
			EditorAssembliesLoaded (0ms)
		ExecutionOrderSort2 (0ms)
		AwakeInstancesAfterBackupRestoration (9ms)
Refreshing native plugins compatible for Editor in 8.90 ms, found 3 plugins.
Preloading 0 native plugins for Editor in 0.00 ms.
Unloading 5275 Unused Serialized files (Serialized files now loaded: 0)
Unloading 24 unused Assets / (0.7 MB). Loaded Objects now: 6103.
Memory consumption went from 193.5 MB to 192.8 MB.
Total: 3.740000 ms (FindLiveObjects: 0.590100 ms CreateObjectMapping: 0.380600 ms MarkObjects: 2.432000 ms  DeleteObjects: 0.336400 ms)

Prepare: number of updated asset objects reloaded= 0
AssetImportParameters requested are different than current active one (requested -> active):
  custom:scripting/monoscript/fileName/PlayerControllerScript.cs: 611bee229e14d5c3cba5401576a48eca -> ac72a1ef68dfff9f45e5d291debc57b5
  custom:container-demuxer-ogg: 62fdf1f143b41e24485cea50d1cbac27 -> 
  custom:scripting/monoscript/fileName/Menu.cs: 0e1575f508e60d6d9d2287980b1e9d59 -> 6a6b6f10406332b78ded19ddc96541c7
  custom:video-codec-MediaFoundation-h265: 746d11721c4dcdbdad8f713fa42b33f4 -> 
  custom:video-decoder-ogg-theora: a1e56fd34408186e4bbccfd4996cb3dc -> 
  custom:scripting/monoscript/fileName/gameQuit.cs: 381d941fd2788eebf77d8cb6f70ef3c2 -> 7382bf7b61ded40b83716f0378898bfe
  custom:framework-win-MediaFoundation: 216162199b28c13a410421893ffa2e32 -> 
  custom:scripting/monoscript/fileName/nextscene.cs: 71d4e97111f2ccfb6469eaa5c15852fd -> 7f36a7078f337f359827de0bfa973d17
  custom:scripting/monoscript/fileName/MoveCamera.cs: 0ba2c6a4ff0b26c3b5d913ad712bdbcf -> 4cac7d10977ef19e1f3dcb198cffecc9
  custom:scripting/monoscript/fileName/GrapplingGun.cs: c6f63c2bc0100b9f6daba303de7e6391 -> 77176f16d51127b7327ebe60da444b1b
  custom:CustomObjectIndexerAttribute: 72b91833f83ae208fae7752999fa3104 -> 
  custom:container-demuxer-webm: 4f35f7cbe854078d1ac9338744f61a02 -> 
  custom:container-muxer-webm: aa71ff27fc2769a1b78a27578f13a17b -> 
  custom:video-decoder-webm-vp8: 9c59270c3fd7afecdb556c50c9e8de78 -> 
  custom:SearchIndexIgnoredProperties: e643bd26f0fe6173181afceb89e7c659 -> 
  custom:AudioImporter_EditorPlatform: d09bf68614088b80899f8185d706f6e7 -> 
  custom:scripting/monoscript/fileName/NewSceneTemplatePipeline.cs: b6f58a58324aadcdeb2ef714546683e7 -> 
  custom:scripting/monoscript/fileName/CursorState.cs: d9334e78ca93c8a76e4ffabba9acbc96 -> 18edcf0e60018a5a6aafd91b55f4838d
  custom:video-encoder-webm-vp8: eb34c28f22e8b96e1ab97ce403110664 -> 
  custom:audio-decoder-ogg-vorbis: bf7c407c2cedff20999df2af8eb42d56 -> 
  custom:scripting/monoscript/fileName/SoundPlayer.cs: 475d88b9df1544d8382efdce1bccce36 -> de8f3d4c96b446794089a8747c7618fc
  custom:scripting/monoscript/fileName/RotateGun.cs: 990b299e558ef4062b64873ad76f8048 -> eb2e4494e6808171dca4a2e27cab19b6
  custom:audio-encoder-webm-vorbis: bf7c407c2cedff20999df2af8eb42d56 -> 
  custom:scripting/monoscript/fileName/GameRespawn.cs: 4e16be644a2a6965abf6e4d660a3f3d9 -> de38c5bfa9c430c63979501321be442e
  custom:scripting/monoscript/fileName/Outline.cs: 09c84349353572281e22293c31aa1a93 -> 5cc4e1f72e41e12efce0db8381204c45
  custom:scripting/precompiled-assembly-types:Assembly-CSharp: a15a550c1b7cb7afe237d3b2cdafee23 -> 9983f0a47bdcc277d42b44322341aebe
========================================================================
Received Prepare
Caller must complete domain reload
Begin MonoManager ReloadAssembly
- Loaded All Assemblies, in  0.604 seconds
Native extension for WindowsStandalone target not found
Mono: successfully reloaded assembly
- Finished resetting the current domain, in  2.542 seconds
Domain Reload Profiling: 3142ms
	BeginReloadAssembly (179ms)
		ExecutionOrderSort (0ms)
		DisableScriptedObjects (6ms)
		BackupInstance (0ms)
		ReleaseScriptingObjects (0ms)
		CreateAndSetChildDomain (38ms)
	RebuildCommonClasses (38ms)
	RebuildNativeTypeToScriptingClass (10ms)
	initialDomainReloadingComplete (32ms)
	LoadAllAssembliesAndSetupDomain (340ms)
		LoadAssemblies (399ms)
		RebuildTransferFunctionScriptingTraits (0ms)
		AnalyzeDomain (37ms)
			TypeCache.Refresh (9ms)
				TypeCache.ScanAssembly (0ms)
			ScanForSourceGeneratedMonoScriptInfo (18ms)
			ResolveRequiredComponents (9ms)
	FinalizeReload (2542ms)
		ReleaseScriptCaches (0ms)
		RebuildScriptCaches (0ms)
		SetupLoadedEditorAssemblies (462ms)
			LogAssemblyErrors (0ms)
			InitializePlatformSupportModulesInManaged (5ms)
			SetLoadedEditorAssemblies (4ms)
			RefreshPlugins (0ms)
			BeforeProcessingInitializeOnLoad (85ms)
			ProcessInitializeOnLoadAttributes (285ms)
			ProcessInitializeOnLoadMethodAttributes (72ms)
			AfterProcessingInitializeOnLoad (10ms)
			EditorAssembliesLoaded (0ms)
		ExecutionOrderSort2 (0ms)
		AwakeInstancesAfterBackupRestoration (9ms)
Refreshing native plugins compatible for Editor in 9.04 ms, found 3 plugins.
Preloading 0 native plugins for Editor in 0.00 ms.
Unloading 5275 Unused Serialized files (Serialized files now loaded: 0)
Unloading 24 unused Assets / (0.7 MB). Loaded Objects now: 6106.
Memory consumption went from 193.5 MB to 192.8 MB.
Total: 5.214700 ms (FindLiveObjects: 0.582900 ms CreateObjectMapping: 0.443500 ms MarkObjects: 3.731400 ms  DeleteObjects: 0.456300 ms)

Prepare: number of updated asset objects reloaded= 0
AssetImportParameters requested are different than current active one (requested -> active):
  custom:scripting/monoscript/fileName/PlayerControllerScript.cs: 611bee229e14d5c3cba5401576a48eca -> ac72a1ef68dfff9f45e5d291debc57b5
  custom:container-demuxer-ogg: 62fdf1f143b41e24485cea50d1cbac27 -> 
  custom:scripting/monoscript/fileName/Menu.cs: 0e1575f508e60d6d9d2287980b1e9d59 -> 6a6b6f10406332b78ded19ddc96541c7
  custom:video-codec-MediaFoundation-h265: 746d11721c4dcdbdad8f713fa42b33f4 -> 
  custom:video-decoder-ogg-theora: a1e56fd34408186e4bbccfd4996cb3dc -> 
  custom:scripting/monoscript/fileName/gameQuit.cs: 381d941fd2788eebf77d8cb6f70ef3c2 -> 7382bf7b61ded40b83716f0378898bfe
  custom:framework-win-MediaFoundation: 216162199b28c13a410421893ffa2e32 -> 
  custom:scripting/monoscript/fileName/nextscene.cs: 71d4e97111f2ccfb6469eaa5c15852fd -> 7f36a7078f337f359827de0bfa973d17
  custom:scripting/monoscript/fileName/MoveCamera.cs: 0ba2c6a4ff0b26c3b5d913ad712bdbcf -> 4cac7d10977ef19e1f3dcb198cffecc9
  custom:scripting/monoscript/fileName/GrapplingGun.cs: c6f63c2bc0100b9f6daba303de7e6391 -> 77176f16d51127b7327ebe60da444b1b
  custom:CustomObjectIndexerAttribute: 72b91833f83ae208fae7752999fa3104 -> 
  custom:container-demuxer-webm: 4f35f7cbe854078d1ac9338744f61a02 -> 
  custom:container-muxer-webm: aa71ff27fc2769a1b78a27578f13a17b -> 
  custom:video-decoder-webm-vp8: 9c59270c3fd7afecdb556c50c9e8de78 -> 
  custom:SearchIndexIgnoredProperties: e643bd26f0fe6173181afceb89e7c659 -> 
  custom:AudioImporter_EditorPlatform: d09bf68614088b80899f8185d706f6e7 -> 
  custom:scripting/monoscript/fileName/NewSceneTemplatePipeline.cs: b6f58a58324aadcdeb2ef714546683e7 -> 
  custom:scripting/monoscript/fileName/CursorState.cs: d9334e78ca93c8a76e4ffabba9acbc96 -> 18edcf0e60018a5a6aafd91b55f4838d
  custom:video-encoder-webm-vp8: eb34c28f22e8b96e1ab97ce403110664 -> 
  custom:audio-decoder-ogg-vorbis: bf7c407c2cedff20999df2af8eb42d56 -> 
  custom:scripting/monoscript/fileName/SoundPlayer.cs: 475d88b9df1544d8382efdce1bccce36 -> de8f3d4c96b446794089a8747c7618fc
  custom:scripting/monoscript/fileName/RotateGun.cs: 990b299e558ef4062b64873ad76f8048 -> eb2e4494e6808171dca4a2e27cab19b6
  custom:audio-encoder-webm-vorbis: bf7c407c2cedff20999df2af8eb42d56 -> 
  custom:scripting/monoscript/fileName/GameRespawn.cs: 4e16be644a2a6965abf6e4d660a3f3d9 -> de38c5bfa9c430c63979501321be442e
  custom:scripting/monoscript/fileName/Outline.cs: 09c84349353572281e22293c31aa1a93 -> 5cc4e1f72e41e12efce0db8381204c45
  custom:scripting/precompiled-assembly-types:Assembly-CSharp: a15a550c1b7cb7afe237d3b2cdafee23 -> 9983f0a47bdcc277d42b44322341aebe
========================================================================
Received Import Request.
  Time since last request: 442.749129 seconds.
  path: Assets/scripts/Player/GrapplingGun.cs
  artifactKey: Guid(9c34889dce478bc4789ca0c92f10178c) Importer(815301076,1909f56bfc062723c751e8b465ee728b)
Start importing Assets/scripts/Player/GrapplingGun.cs using Guid(9c34889dce478bc4789ca0c92f10178c) Importer(815301076,1909f56bfc062723c751e8b465ee728b) [PhysX] Initialized MultithreadedTaskDispatcher with 12 workers.
 -> (artifact id: 'c91911d09210cec51b707fabe9986425') in 0.009293 seconds
Number of updated asset objects reloaded before import = 0
Number of asset objects unloaded after import = 0
========================================================================
Received Import Request.
  Time since last request: 19.286151 seconds.
  path: Assets/scripts/Player/GrapplingGun.cs
  artifactKey: Guid(9c34889dce478bc4789ca0c92f10178c) Importer(815301076,1909f56bfc062723c751e8b465ee728b)
Start importing Assets/scripts/Player/GrapplingGun.cs using Guid(9c34889dce478bc4789ca0c92f10178c) Importer(815301076,1909f56bfc062723c751e8b465ee728b) [PhysX] Initialized MultithreadedTaskDispatcher with 12 workers.
 -> (artifact id: '5ff2b5cad29ac8a2ae87d09aa34ece3c') in 0.001190 seconds
Number of updated asset objects reloaded before import = 0
Number of asset objects unloaded after import = 0
========================================================================
Received Prepare
Caller must complete domain reload
Begin MonoManager ReloadAssembly
- Loaded All Assemblies, in  0.553 seconds
Native extension for WindowsStandalone target not found
Mono: successfully reloaded assembly
- Finished resetting the current domain, in  2.474 seconds
Domain Reload Profiling: 3024ms
	BeginReloadAssembly (150ms)
		ExecutionOrderSort (0ms)
		DisableScriptedObjects (3ms)
		BackupInstance (0ms)
		ReleaseScriptingObjects (0ms)
		CreateAndSetChildDomain (31ms)
	RebuildCommonClasses (31ms)
	RebuildNativeTypeToScriptingClass (9ms)
	initialDomainReloadingComplete (29ms)
	LoadAllAssembliesAndSetupDomain (330ms)
		LoadAssemblies (371ms)
		RebuildTransferFunctionScriptingTraits (0ms)
		AnalyzeDomain (42ms)
			TypeCache.Refresh (10ms)
				TypeCache.ScanAssembly (1ms)
			ScanForSourceGeneratedMonoScriptInfo (18ms)
			ResolveRequiredComponents (13ms)
	FinalizeReload (2474ms)
		ReleaseScriptCaches (0ms)
		RebuildScriptCaches (0ms)
		SetupLoadedEditorAssemblies (450ms)
			LogAssemblyErrors (0ms)
			InitializePlatformSupportModulesInManaged (5ms)
			SetLoadedEditorAssemblies (4ms)
			RefreshPlugins (0ms)
			BeforeProcessingInitializeOnLoad (82ms)
			ProcessInitializeOnLoadAttributes (289ms)
			ProcessInitializeOnLoadMethodAttributes (62ms)
			AfterProcessingInitializeOnLoad (7ms)
			EditorAssembliesLoaded (0ms)
		ExecutionOrderSort2 (0ms)
		AwakeInstancesAfterBackupRestoration (9ms)
Refreshing native plugins compatible for Editor in 8.69 ms, found 3 plugins.
Preloading 0 native plugins for Editor in 0.00 ms.
Unloading 5274 Unused Serialized files (Serialized files now loaded: 0)
Unloading 24 unused Assets / (0.7 MB). Loaded Objects now: 6109.
Memory consumption went from 193.2 MB to 192.5 MB.
Total: 3.333000 ms (FindLiveObjects: 0.409100 ms CreateObjectMapping: 0.279200 ms MarkObjects: 2.325200 ms  DeleteObjects: 0.318400 ms)

Prepare: number of updated asset objects reloaded= 0
AssetImportParameters requested are different than current active one (requested -> active):
  custom:scripting/monoscript/fileName/PlayerControllerScript.cs: 611bee229e14d5c3cba5401576a48eca -> ac72a1ef68dfff9f45e5d291debc57b5
  custom:container-demuxer-ogg: 62fdf1f143b41e24485cea50d1cbac27 -> 
  custom:scripting/monoscript/fileName/Menu.cs: 0e1575f508e60d6d9d2287980b1e9d59 -> 6a6b6f10406332b78ded19ddc96541c7
  custom:video-codec-MediaFoundation-h265: 746d11721c4dcdbdad8f713fa42b33f4 -> 
  custom:video-decoder-ogg-theora: a1e56fd34408186e4bbccfd4996cb3dc -> 
  custom:scripting/monoscript/fileName/gameQuit.cs: 381d941fd2788eebf77d8cb6f70ef3c2 -> 7382bf7b61ded40b83716f0378898bfe
  custom:framework-win-MediaFoundation: 216162199b28c13a410421893ffa2e32 -> 
  custom:scripting/monoscript/fileName/nextscene.cs: 71d4e97111f2ccfb6469eaa5c15852fd -> 7f36a7078f337f359827de0bfa973d17
  custom:scripting/monoscript/fileName/MoveCamera.cs: 0ba2c6a4ff0b26c3b5d913ad712bdbcf -> 4cac7d10977ef19e1f3dcb198cffecc9
  custom:scripting/monoscript/fileName/GrapplingGun.cs: c6f63c2bc0100b9f6daba303de7e6391 -> 77176f16d51127b7327ebe60da444b1b
  custom:CustomObjectIndexerAttribute: 72b91833f83ae208fae7752999fa3104 -> 
  custom:container-demuxer-webm: 4f35f7cbe854078d1ac9338744f61a02 -> 
  custom:container-muxer-webm: aa71ff27fc2769a1b78a27578f13a17b -> 
  custom:video-decoder-webm-vp8: 9c59270c3fd7afecdb556c50c9e8de78 -> 
  custom:SearchIndexIgnoredProperties: e643bd26f0fe6173181afceb89e7c659 -> 
  custom:AudioImporter_EditorPlatform: d09bf68614088b80899f8185d706f6e7 -> 
  custom:scripting/monoscript/fileName/NewSceneTemplatePipeline.cs: b6f58a58324aadcdeb2ef714546683e7 -> 
  custom:scripting/monoscript/fileName/CursorState.cs: d9334e78ca93c8a76e4ffabba9acbc96 -> 18edcf0e60018a5a6aafd91b55f4838d
  custom:video-encoder-webm-vp8: eb34c28f22e8b96e1ab97ce403110664 -> 
  custom:audio-decoder-ogg-vorbis: bf7c407c2cedff20999df2af8eb42d56 -> 
  custom:scripting/monoscript/fileName/SoundPlayer.cs: 475d88b9df1544d8382efdce1bccce36 -> de8f3d4c96b446794089a8747c7618fc
  custom:scripting/monoscript/fileName/RotateGun.cs: 990b299e558ef4062b64873ad76f8048 -> eb2e4494e6808171dca4a2e27cab19b6
  custom:audio-encoder-webm-vorbis: bf7c407c2cedff20999df2af8eb42d56 -> 
  custom:scripting/monoscript/fileName/GameRespawn.cs: 4e16be644a2a6965abf6e4d660a3f3d9 -> de38c5bfa9c430c63979501321be442e
  custom:scripting/monoscript/fileName/Outline.cs: 09c84349353572281e22293c31aa1a93 -> 5cc4e1f72e41e12efce0db8381204c45
  custom:scripting/precompiled-assembly-types:Assembly-CSharp: a15a550c1b7cb7afe237d3b2cdafee23 -> 9983f0a47bdcc277d42b44322341aebe
========================================================================
Received Import Request.
  Time since last request: 38.263529 seconds.
  path: Assets/scripts/Player/GrapplingGun.cs
  artifactKey: Guid(9c34889dce478bc4789ca0c92f10178c) Importer(815301076,1909f56bfc062723c751e8b465ee728b)
Start importing Assets/scripts/Player/GrapplingGun.cs using Guid(9c34889dce478bc4789ca0c92f10178c) Importer(815301076,1909f56bfc062723c751e8b465ee728b) [PhysX] Initialized MultithreadedTaskDispatcher with 12 workers.
 -> (artifact id: 'ba9f4b8585251794fa75a1df2fcf7447') in 0.001420 seconds
Number of updated asset objects reloaded before import = 0
Number of asset objects unloaded after import = 0
========================================================================
Received Prepare
Caller must complete domain reload
Begin MonoManager ReloadAssembly
- Loaded All Assemblies, in  0.494 seconds
Native extension for WindowsStandalone target not found
Mono: successfully reloaded assembly
- Finished resetting the current domain, in  1.786 seconds
Domain Reload Profiling: 2276ms
	BeginReloadAssembly (162ms)
		ExecutionOrderSort (0ms)
		DisableScriptedObjects (4ms)
		BackupInstance (0ms)
		ReleaseScriptingObjects (0ms)
		CreateAndSetChildDomain (34ms)
	RebuildCommonClasses (30ms)
	RebuildNativeTypeToScriptingClass (9ms)
	initialDomainReloadingComplete (28ms)
	LoadAllAssembliesAndSetupDomain (260ms)
		LoadAssemblies (336ms)
		RebuildTransferFunctionScriptingTraits (0ms)
		AnalyzeDomain (15ms)
			TypeCache.Refresh (5ms)
				TypeCache.ScanAssembly (0ms)
			ScanForSourceGeneratedMonoScriptInfo (0ms)
			ResolveRequiredComponents (9ms)
	FinalizeReload (1787ms)
		ReleaseScriptCaches (0ms)
		RebuildScriptCaches (0ms)
		SetupLoadedEditorAssemblies (522ms)
			LogAssemblyErrors (0ms)
			InitializePlatformSupportModulesInManaged (7ms)
			SetLoadedEditorAssemblies (5ms)
			RefreshPlugins (0ms)
			BeforeProcessingInitializeOnLoad (94ms)
			ProcessInitializeOnLoadAttributes (331ms)
			ProcessInitializeOnLoadMethodAttributes (75ms)
			AfterProcessingInitializeOnLoad (9ms)
			EditorAssembliesLoaded (0ms)
		ExecutionOrderSort2 (0ms)
		AwakeInstancesAfterBackupRestoration (9ms)
Refreshing native plugins compatible for Editor in 8.84 ms, found 3 plugins.
Preloading 0 native plugins for Editor in 0.00 ms.
Unloading 5274 Unused Serialized files (Serialized files now loaded: 0)
Unloading 24 unused Assets / (0.7 MB). Loaded Objects now: 6112.
Memory consumption went from 193.3 MB to 192.5 MB.
Total: 3.552000 ms (FindLiveObjects: 0.485200 ms CreateObjectMapping: 0.292900 ms MarkObjects: 2.460500 ms  DeleteObjects: 0.312700 ms)

Prepare: number of updated asset objects reloaded= 0
AssetImportParameters requested are different than current active one (requested -> active):
  custom:scripting/monoscript/fileName/PlayerControllerScript.cs: 611bee229e14d5c3cba5401576a48eca -> ac72a1ef68dfff9f45e5d291debc57b5
  custom:container-demuxer-ogg: 62fdf1f143b41e24485cea50d1cbac27 -> 
  custom:scripting/monoscript/fileName/Menu.cs: 0e1575f508e60d6d9d2287980b1e9d59 -> 6a6b6f10406332b78ded19ddc96541c7
  custom:video-codec-MediaFoundation-h265: 746d11721c4dcdbdad8f713fa42b33f4 -> 
  custom:video-decoder-ogg-theora: a1e56fd34408186e4bbccfd4996cb3dc -> 
  custom:scripting/monoscript/fileName/gameQuit.cs: 381d941fd2788eebf77d8cb6f70ef3c2 -> 7382bf7b61ded40b83716f0378898bfe
  custom:framework-win-MediaFoundation: 216162199b28c13a410421893ffa2e32 -> 
  custom:scripting/monoscript/fileName/nextscene.cs: 71d4e97111f2ccfb6469eaa5c15852fd -> 7f36a7078f337f359827de0bfa973d17
  custom:scripting/monoscript/fileName/MoveCamera.cs: 0ba2c6a4ff0b26c3b5d913ad712bdbcf -> 4cac7d10977ef19e1f3dcb198cffecc9
  custom:scripting/monoscript/fileName/GrapplingGun.cs: c6f63c2bc0100b9f6daba303de7e6391 -> 77176f16d51127b7327ebe60da444b1b
  custom:CustomObjectIndexerAttribute: 72b91833f83ae208fae7752999fa3104 -> 
  custom:container-demuxer-webm: 4f35f7cbe854078d1ac9338744f61a02 -> 
  custom:container-muxer-webm: aa71ff27fc2769a1b78a27578f13a17b -> 
  custom:video-decoder-webm-vp8: 9c59270c3fd7afecdb556c50c9e8de78 -> 
  custom:SearchIndexIgnoredProperties: e643bd26f0fe6173181afceb89e7c659 -> 
  custom:AudioImporter_EditorPlatform: d09bf68614088b80899f8185d706f6e7 -> 
  custom:scripting/monoscript/fileName/NewSceneTemplatePipeline.cs: b6f58a58324aadcdeb2ef714546683e7 -> 
  custom:scripting/monoscript/fileName/CursorState.cs: d9334e78ca93c8a76e4ffabba9acbc96 -> 18edcf0e60018a5a6aafd91b55f4838d
  custom:video-encoder-webm-vp8: eb34c28f22e8b96e1ab97ce403110664 -> 
  custom:audio-decoder-ogg-vorbis: bf7c407c2cedff20999df2af8eb42d56 -> 
  custom:scripting/monoscript/fileName/SoundPlayer.cs: 475d88b9df1544d8382efdce1bccce36 -> de8f3d4c96b446794089a8747c7618fc
  custom:scripting/monoscript/fileName/RotateGun.cs: 990b299e558ef4062b64873ad76f8048 -> eb2e4494e6808171dca4a2e27cab19b6
  custom:audio-encoder-webm-vorbis: bf7c407c2cedff20999df2af8eb42d56 -> 
  custom:scripting/monoscript/fileName/GameRespawn.cs: 4e16be644a2a6965abf6e4d660a3f3d9 -> de38c5bfa9c430c63979501321be442e
  custom:scripting/monoscript/fileName/Outline.cs: 09c84349353572281e22293c31aa1a93 -> 5cc4e1f72e41e12efce0db8381204c45
  custom:scripting/precompiled-assembly-types:Assembly-CSharp: a15a550c1b7cb7afe237d3b2cdafee23 -> 9983f0a47bdcc277d42b44322341aebe
========================================================================
Received Import Request.
  Time since last request: 1699.959676 seconds.
  path: Assets/scripts/Player/PlayerControllerScript.cs
  artifactKey: Guid(3ccf5fc4c113d134c82830320b9fe9b8) Importer(815301076,1909f56bfc062723c751e8b465ee728b)
Start importing Assets/scripts/Player/PlayerControllerScript.cs using Guid(3ccf5fc4c113d134c82830320b9fe9b8) Importer(815301076,1909f56bfc062723c751e8b465ee728b) [PhysX] Initialized MultithreadedTaskDispatcher with 12 workers.
 -> (artifact id: 'f266ae47c8e2a69e0690f5669a9e47f0') in 0.001869 seconds
Number of updated asset objects reloaded before import = 0
Number of asset objects unloaded after import = 0
========================================================================
Received Import Request.
  Time since last request: 0.353692 seconds.
  path: Assets/scripts/Player/SoundPlayer.cs
  artifactKey: Guid(748868175b27ded4bb93dc8958e109e0) Importer(815301076,1909f56bfc062723c751e8b465ee728b)
Start importing Assets/scripts/Player/SoundPlayer.cs using Guid(748868175b27ded4bb93dc8958e109e0) Importer(815301076,1909f56bfc062723c751e8b465ee728b) [PhysX] Initialized MultithreadedTaskDispatcher with 12 workers.
 -> (artifact id: '4808f02b0d5271a2a300127c05eee5cf') in 0.000517 seconds
Number of updated asset objects reloaded before import = 0
Number of asset objects unloaded after import = 0
========================================================================
Received Import Request.
  Time since last request: 10.384979 seconds.
  path: Assets/scripts/Player/GrapplingGun.cs
  artifactKey: Guid(9c34889dce478bc4789ca0c92f10178c) Importer(815301076,1909f56bfc062723c751e8b465ee728b)
Start importing Assets/scripts/Player/GrapplingGun.cs using Guid(9c34889dce478bc4789ca0c92f10178c) Importer(815301076,1909f56bfc062723c751e8b465ee728b) [PhysX] Initialized MultithreadedTaskDispatcher with 12 workers.
 -> (artifact id: '9cdb7bb6f4079db4e19eadcde5439b69') in 0.001651 seconds
Number of updated asset objects reloaded before import = 0
Number of asset objects unloaded after import = 0
========================================================================
Received Prepare
Caller must complete domain reload
Begin MonoManager ReloadAssembly
- Loaded All Assemblies, in  0.615 seconds
Native extension for WindowsStandalone target not found
Mono: successfully reloaded assembly
- Finished resetting the current domain, in  2.732 seconds
Domain Reload Profiling: 3344ms
	BeginReloadAssembly (161ms)
		ExecutionOrderSort (0ms)
		DisableScriptedObjects (3ms)
		BackupInstance (0ms)
		ReleaseScriptingObjects (0ms)
		CreateAndSetChildDomain (35ms)
	RebuildCommonClasses (26ms)
	RebuildNativeTypeToScriptingClass (8ms)
	initialDomainReloadingComplete (32ms)
	LoadAllAssembliesAndSetupDomain (383ms)
		LoadAssemblies (432ms)
		RebuildTransferFunctionScriptingTraits (0ms)
		AnalyzeDomain (40ms)
			TypeCache.Refresh (10ms)
				TypeCache.ScanAssembly (0ms)
			ScanForSourceGeneratedMonoScriptInfo (18ms)
			ResolveRequiredComponents (9ms)
	FinalizeReload (2733ms)
		ReleaseScriptCaches (0ms)
		RebuildScriptCaches (0ms)
		SetupLoadedEditorAssemblies (487ms)
			LogAssemblyErrors (0ms)
			InitializePlatformSupportModulesInManaged (8ms)
			SetLoadedEditorAssemblies (9ms)
			RefreshPlugins (0ms)
			BeforeProcessingInitializeOnLoad (93ms)
			ProcessInitializeOnLoadAttributes (301ms)
			ProcessInitializeOnLoadMethodAttributes (68ms)
			AfterProcessingInitializeOnLoad (9ms)
			EditorAssembliesLoaded (0ms)
		ExecutionOrderSort2 (0ms)
		AwakeInstancesAfterBackupRestoration (10ms)
Refreshing native plugins compatible for Editor in 8.20 ms, found 3 plugins.
Preloading 0 native plugins for Editor in 0.00 ms.
Unloading 5274 Unused Serialized files (Serialized files now loaded: 0)
Unloading 24 unused Assets / (0.7 MB). Loaded Objects now: 6115.
Memory consumption went from 193.3 MB to 192.5 MB.
Total: 3.903900 ms (FindLiveObjects: 0.357800 ms CreateObjectMapping: 0.136200 ms MarkObjects: 3.090800 ms  DeleteObjects: 0.318500 ms)

Prepare: number of updated asset objects reloaded= 0
AssetImportParameters requested are different than current active one (requested -> active):
  custom:scripting/monoscript/fileName/PlayerControllerScript.cs: 611bee229e14d5c3cba5401576a48eca -> ac72a1ef68dfff9f45e5d291debc57b5
  custom:container-demuxer-ogg: 62fdf1f143b41e24485cea50d1cbac27 -> 
  custom:scripting/monoscript/fileName/Menu.cs: 0e1575f508e60d6d9d2287980b1e9d59 -> 6a6b6f10406332b78ded19ddc96541c7
  custom:video-codec-MediaFoundation-h265: 746d11721c4dcdbdad8f713fa42b33f4 -> 
  custom:video-decoder-ogg-theora: a1e56fd34408186e4bbccfd4996cb3dc -> 
  custom:scripting/monoscript/fileName/gameQuit.cs: 381d941fd2788eebf77d8cb6f70ef3c2 -> 7382bf7b61ded40b83716f0378898bfe
  custom:framework-win-MediaFoundation: 216162199b28c13a410421893ffa2e32 -> 
  custom:scripting/monoscript/fileName/nextscene.cs: 71d4e97111f2ccfb6469eaa5c15852fd -> 7f36a7078f337f359827de0bfa973d17
  custom:scripting/monoscript/fileName/MoveCamera.cs: 0ba2c6a4ff0b26c3b5d913ad712bdbcf -> 4cac7d10977ef19e1f3dcb198cffecc9
  custom:scripting/monoscript/fileName/GrapplingGun.cs: c6f63c2bc0100b9f6daba303de7e6391 -> 77176f16d51127b7327ebe60da444b1b
  custom:CustomObjectIndexerAttribute: 72b91833f83ae208fae7752999fa3104 -> 
  custom:container-demuxer-webm: 4f35f7cbe854078d1ac9338744f61a02 -> 
  custom:container-muxer-webm: aa71ff27fc2769a1b78a27578f13a17b -> 
  custom:video-decoder-webm-vp8: 9c59270c3fd7afecdb556c50c9e8de78 -> 
  custom:SearchIndexIgnoredProperties: e643bd26f0fe6173181afceb89e7c659 -> 
  custom:AudioImporter_EditorPlatform: d09bf68614088b80899f8185d706f6e7 -> 
  custom:scripting/monoscript/fileName/NewSceneTemplatePipeline.cs: b6f58a58324aadcdeb2ef714546683e7 -> 
  custom:scripting/monoscript/fileName/CursorState.cs: d9334e78ca93c8a76e4ffabba9acbc96 -> 18edcf0e60018a5a6aafd91b55f4838d
  custom:video-encoder-webm-vp8: eb34c28f22e8b96e1ab97ce403110664 -> 
  custom:audio-decoder-ogg-vorbis: bf7c407c2cedff20999df2af8eb42d56 -> 
  custom:scripting/monoscript/fileName/SoundPlayer.cs: 475d88b9df1544d8382efdce1bccce36 -> de8f3d4c96b446794089a8747c7618fc
  custom:scripting/monoscript/fileName/RotateGun.cs: 990b299e558ef4062b64873ad76f8048 -> eb2e4494e6808171dca4a2e27cab19b6
  custom:audio-encoder-webm-vorbis: bf7c407c2cedff20999df2af8eb42d56 -> 
  custom:scripting/monoscript/fileName/GameRespawn.cs: 4e16be644a2a6965abf6e4d660a3f3d9 -> de38c5bfa9c430c63979501321be442e
  custom:scripting/monoscript/fileName/Outline.cs: 09c84349353572281e22293c31aa1a93 -> 5cc4e1f72e41e12efce0db8381204c45
  custom:scripting/precompiled-assembly-types:Assembly-CSharp: a15a550c1b7cb7afe237d3b2cdafee23 -> 9983f0a47bdcc277d42b44322341aebe
========================================================================
Received Import Request.
  Time since last request: 20.144366 seconds.
  path: Assets/scripts/Player/GrapplingGun.cs
  artifactKey: Guid(9c34889dce478bc4789ca0c92f10178c) Importer(815301076,1909f56bfc062723c751e8b465ee728b)
Start importing Assets/scripts/Player/GrapplingGun.cs using Guid(9c34889dce478bc4789ca0c92f10178c) Importer(815301076,1909f56bfc062723c751e8b465ee728b) [PhysX] Initialized MultithreadedTaskDispatcher with 12 workers.
 -> (artifact id: 'e17cd7c5d78f92e97af017ac573460ed') in 0.001798 seconds
Number of updated asset objects reloaded before import = 0
Number of asset objects unloaded after import = 0
========================================================================
Received Prepare
Caller must complete domain reload
Begin MonoManager ReloadAssembly
- Loaded All Assemblies, in  0.547 seconds
Native extension for WindowsStandalone target not found
Mono: successfully reloaded assembly
- Finished resetting the current domain, in  1.953 seconds
Domain Reload Profiling: 2497ms
	BeginReloadAssembly (152ms)
		ExecutionOrderSort (0ms)
		DisableScriptedObjects (3ms)
		BackupInstance (0ms)
		ReleaseScriptingObjects (0ms)
		CreateAndSetChildDomain (29ms)
	RebuildCommonClasses (39ms)
	RebuildNativeTypeToScriptingClass (13ms)
	initialDomainReloadingComplete (32ms)
	LoadAllAssembliesAndSetupDomain (307ms)
		LoadAssemblies (375ms)
		RebuildTransferFunctionScriptingTraits (0ms)
		AnalyzeDomain (17ms)
			TypeCache.Refresh (6ms)
				TypeCache.ScanAssembly (0ms)
			ScanForSourceGeneratedMonoScriptInfo (0ms)
			ResolveRequiredComponents (9ms)
	FinalizeReload (1953ms)
		ReleaseScriptCaches (0ms)
		RebuildScriptCaches (0ms)
		SetupLoadedEditorAssemblies (539ms)
			LogAssemblyErrors (0ms)
			InitializePlatformSupportModulesInManaged (7ms)
			SetLoadedEditorAssemblies (5ms)
			RefreshPlugins (0ms)
			BeforeProcessingInitializeOnLoad (97ms)
			ProcessInitializeOnLoadAttributes (334ms)
			ProcessInitializeOnLoadMethodAttributes (88ms)
			AfterProcessingInitializeOnLoad (8ms)
			EditorAssembliesLoaded (0ms)
		ExecutionOrderSort2 (0ms)
		AwakeInstancesAfterBackupRestoration (11ms)
Refreshing native plugins compatible for Editor in 9.48 ms, found 3 plugins.
Preloading 0 native plugins for Editor in 0.00 ms.
Unloading 5274 Unused Serialized files (Serialized files now loaded: 0)
Unloading 24 unused Assets / (0.7 MB). Loaded Objects now: 6118.
Memory consumption went from 193.3 MB to 192.5 MB.
Total: 4.423800 ms (FindLiveObjects: 0.441700 ms CreateObjectMapping: 0.307800 ms MarkObjects: 3.305100 ms  DeleteObjects: 0.367900 ms)

Prepare: number of updated asset objects reloaded= 0
AssetImportParameters requested are different than current active one (requested -> active):
  custom:scripting/monoscript/fileName/PlayerControllerScript.cs: 611bee229e14d5c3cba5401576a48eca -> ac72a1ef68dfff9f45e5d291debc57b5
  custom:container-demuxer-ogg: 62fdf1f143b41e24485cea50d1cbac27 -> 
  custom:scripting/monoscript/fileName/Menu.cs: 0e1575f508e60d6d9d2287980b1e9d59 -> 6a6b6f10406332b78ded19ddc96541c7
  custom:video-codec-MediaFoundation-h265: 746d11721c4dcdbdad8f713fa42b33f4 -> 
  custom:video-decoder-ogg-theora: a1e56fd34408186e4bbccfd4996cb3dc -> 
  custom:scripting/monoscript/fileName/gameQuit.cs: 381d941fd2788eebf77d8cb6f70ef3c2 -> 7382bf7b61ded40b83716f0378898bfe
  custom:framework-win-MediaFoundation: 216162199b28c13a410421893ffa2e32 -> 
  custom:scripting/monoscript/fileName/nextscene.cs: 71d4e97111f2ccfb6469eaa5c15852fd -> 7f36a7078f337f359827de0bfa973d17
  custom:scripting/monoscript/fileName/MoveCamera.cs: 0ba2c6a4ff0b26c3b5d913ad712bdbcf -> 4cac7d10977ef19e1f3dcb198cffecc9
  custom:scripting/monoscript/fileName/GrapplingGun.cs: c6f63c2bc0100b9f6daba303de7e6391 -> 77176f16d51127b7327ebe60da444b1b
  custom:CustomObjectIndexerAttribute: 72b91833f83ae208fae7752999fa3104 -> 
  custom:container-demuxer-webm: 4f35f7cbe854078d1ac9338744f61a02 -> 
  custom:container-muxer-webm: aa71ff27fc2769a1b78a27578f13a17b -> 
  custom:video-decoder-webm-vp8: 9c59270c3fd7afecdb556c50c9e8de78 -> 
  custom:SearchIndexIgnoredProperties: e643bd26f0fe6173181afceb89e7c659 -> 
  custom:AudioImporter_EditorPlatform: d09bf68614088b80899f8185d706f6e7 -> 
  custom:scripting/monoscript/fileName/NewSceneTemplatePipeline.cs: b6f58a58324aadcdeb2ef714546683e7 -> 
  custom:scripting/monoscript/fileName/CursorState.cs: d9334e78ca93c8a76e4ffabba9acbc96 -> 18edcf0e60018a5a6aafd91b55f4838d
  custom:video-encoder-webm-vp8: eb34c28f22e8b96e1ab97ce403110664 -> 
  custom:audio-decoder-ogg-vorbis: bf7c407c2cedff20999df2af8eb42d56 -> 
  custom:scripting/monoscript/fileName/SoundPlayer.cs: 475d88b9df1544d8382efdce1bccce36 -> de8f3d4c96b446794089a8747c7618fc
  custom:scripting/monoscript/fileName/RotateGun.cs: 990b299e558ef4062b64873ad76f8048 -> eb2e4494e6808171dca4a2e27cab19b6
  custom:audio-encoder-webm-vorbis: bf7c407c2cedff20999df2af8eb42d56 -> 
  custom:scripting/monoscript/fileName/GameRespawn.cs: 4e16be644a2a6965abf6e4d660a3f3d9 -> de38c5bfa9c430c63979501321be442e
  custom:scripting/monoscript/fileName/Outline.cs: 09c84349353572281e22293c31aa1a93 -> 5cc4e1f72e41e12efce0db8381204c45
  custom:scripting/precompiled-assembly-types:Assembly-CSharp: a15a550c1b7cb7afe237d3b2cdafee23 -> 9983f0a47bdcc277d42b44322341aebe
========================================================================
Received Prepare
Caller must complete domain reload
Begin MonoManager ReloadAssembly
- Loaded All Assemblies, in  0.528 seconds
Native extension for WindowsStandalone target not found
Mono: successfully reloaded assembly
- Finished resetting the current domain, in  1.901 seconds
Domain Reload Profiling: 2425ms
	BeginReloadAssembly (170ms)
		ExecutionOrderSort (0ms)
		DisableScriptedObjects (4ms)
		BackupInstance (0ms)
		ReleaseScriptingObjects (0ms)
		CreateAndSetChildDomain (35ms)
	RebuildCommonClasses (32ms)
	RebuildNativeTypeToScriptingClass (9ms)
	initialDomainReloadingComplete (36ms)
	LoadAllAssembliesAndSetupDomain (277ms)
		LoadAssemblies (346ms)
		RebuildTransferFunctionScriptingTraits (0ms)
		AnalyzeDomain (21ms)
			TypeCache.Refresh (6ms)
				TypeCache.ScanAssembly (0ms)
			ScanForSourceGeneratedMonoScriptInfo (0ms)
			ResolveRequiredComponents (13ms)
	FinalizeReload (1901ms)
		ReleaseScriptCaches (0ms)
		RebuildScriptCaches (0ms)
		SetupLoadedEditorAssemblies (547ms)
			LogAssemblyErrors (0ms)
			InitializePlatformSupportModulesInManaged (9ms)
			SetLoadedEditorAssemblies (5ms)
			RefreshPlugins (0ms)
			BeforeProcessingInitializeOnLoad (93ms)
			ProcessInitializeOnLoadAttributes (341ms)
			ProcessInitializeOnLoadMethodAttributes (86ms)
			AfterProcessingInitializeOnLoad (13ms)
			EditorAssembliesLoaded (0ms)
		ExecutionOrderSort2 (0ms)
		AwakeInstancesAfterBackupRestoration (9ms)
Refreshing native plugins compatible for Editor in 10.06 ms, found 3 plugins.
Preloading 0 native plugins for Editor in 0.00 ms.
Unloading 5275 Unused Serialized files (Serialized files now loaded: 0)
Unloading 24 unused Assets / (0.7 MB). Loaded Objects now: 6121.
Memory consumption went from 193.5 MB to 192.8 MB.
Total: 4.243000 ms (FindLiveObjects: 0.420900 ms CreateObjectMapping: 0.299600 ms MarkObjects: 3.080600 ms  DeleteObjects: 0.440900 ms)

Prepare: number of updated asset objects reloaded= 0
AssetImportParameters requested are different than current active one (requested -> active):
  custom:scripting/monoscript/fileName/PlayerControllerScript.cs: 611bee229e14d5c3cba5401576a48eca -> ac72a1ef68dfff9f45e5d291debc57b5
  custom:container-demuxer-ogg: 62fdf1f143b41e24485cea50d1cbac27 -> 
  custom:scripting/monoscript/fileName/Menu.cs: 0e1575f508e60d6d9d2287980b1e9d59 -> 6a6b6f10406332b78ded19ddc96541c7
  custom:video-codec-MediaFoundation-h265: 746d11721c4dcdbdad8f713fa42b33f4 -> 
  custom:video-decoder-ogg-theora: a1e56fd34408186e4bbccfd4996cb3dc -> 
  custom:scripting/monoscript/fileName/gameQuit.cs: 381d941fd2788eebf77d8cb6f70ef3c2 -> 7382bf7b61ded40b83716f0378898bfe
  custom:framework-win-MediaFoundation: 216162199b28c13a410421893ffa2e32 -> 
  custom:scripting/monoscript/fileName/nextscene.cs: 71d4e97111f2ccfb6469eaa5c15852fd -> 7f36a7078f337f359827de0bfa973d17
  custom:scripting/monoscript/fileName/MoveCamera.cs: 0ba2c6a4ff0b26c3b5d913ad712bdbcf -> 4cac7d10977ef19e1f3dcb198cffecc9
  custom:scripting/monoscript/fileName/GrapplingGun.cs: c6f63c2bc0100b9f6daba303de7e6391 -> 77176f16d51127b7327ebe60da444b1b
  custom:CustomObjectIndexerAttribute: 72b91833f83ae208fae7752999fa3104 -> 
  custom:container-demuxer-webm: 4f35f7cbe854078d1ac9338744f61a02 -> 
  custom:container-muxer-webm: aa71ff27fc2769a1b78a27578f13a17b -> 
  custom:video-decoder-webm-vp8: 9c59270c3fd7afecdb556c50c9e8de78 -> 
  custom:SearchIndexIgnoredProperties: e643bd26f0fe6173181afceb89e7c659 -> 
  custom:AudioImporter_EditorPlatform: d09bf68614088b80899f8185d706f6e7 -> 
  custom:scripting/monoscript/fileName/NewSceneTemplatePipeline.cs: b6f58a58324aadcdeb2ef714546683e7 -> 
  custom:scripting/monoscript/fileName/CursorState.cs: d9334e78ca93c8a76e4ffabba9acbc96 -> 18edcf0e60018a5a6aafd91b55f4838d
  custom:video-encoder-webm-vp8: eb34c28f22e8b96e1ab97ce403110664 -> 
  custom:audio-decoder-ogg-vorbis: bf7c407c2cedff20999df2af8eb42d56 -> 
  custom:scripting/monoscript/fileName/SoundPlayer.cs: 475d88b9df1544d8382efdce1bccce36 -> de8f3d4c96b446794089a8747c7618fc
  custom:scripting/monoscript/fileName/RotateGun.cs: 990b299e558ef4062b64873ad76f8048 -> eb2e4494e6808171dca4a2e27cab19b6
  custom:audio-encoder-webm-vorbis: bf7c407c2cedff20999df2af8eb42d56 -> 
  custom:scripting/monoscript/fileName/GameRespawn.cs: 4e16be644a2a6965abf6e4d660a3f3d9 -> de38c5bfa9c430c63979501321be442e
  custom:scripting/monoscript/fileName/Outline.cs: 09c84349353572281e22293c31aa1a93 -> 5cc4e1f72e41e12efce0db8381204c45
  custom:scripting/precompiled-assembly-types:Assembly-CSharp: a15a550c1b7cb7afe237d3b2cdafee23 -> 9983f0a47bdcc277d42b44322341aebe
========================================================================
Received Prepare
Caller must complete domain reload
Begin MonoManager ReloadAssembly
- Loaded All Assemblies, in  0.595 seconds
Native extension for WindowsStandalone target not found
Mono: successfully reloaded assembly
- Finished resetting the current domain, in  1.859 seconds
Domain Reload Profiling: 2448ms
	BeginReloadAssembly (171ms)
		ExecutionOrderSort (0ms)
		DisableScriptedObjects (5ms)
		BackupInstance (0ms)
		ReleaseScriptingObjects (0ms)
		CreateAndSetChildDomain (33ms)
	RebuildCommonClasses (41ms)
	RebuildNativeTypeToScriptingClass (12ms)
	initialDomainReloadingComplete (43ms)
	LoadAllAssembliesAndSetupDomain (322ms)
		LoadAssemblies (400ms)
		RebuildTransferFunctionScriptingTraits (0ms)
		AnalyzeDomain (19ms)
			TypeCache.Refresh (6ms)
				TypeCache.ScanAssembly (0ms)
			ScanForSourceGeneratedMonoScriptInfo (0ms)
			ResolveRequiredComponents (11ms)
	FinalizeReload (1860ms)
		ReleaseScriptCaches (0ms)
		RebuildScriptCaches (0ms)
		SetupLoadedEditorAssemblies (500ms)
			LogAssemblyErrors (0ms)
			InitializePlatformSupportModulesInManaged (10ms)
			SetLoadedEditorAssemblies (5ms)
			RefreshPlugins (0ms)
			BeforeProcessingInitializeOnLoad (99ms)
			ProcessInitializeOnLoadAttributes (303ms)
			ProcessInitializeOnLoadMethodAttributes (75ms)
			AfterProcessingInitializeOnLoad (8ms)
			EditorAssembliesLoaded (0ms)
		ExecutionOrderSort2 (0ms)
		AwakeInstancesAfterBackupRestoration (8ms)
Refreshing native plugins compatible for Editor in 10.92 ms, found 3 plugins.
Preloading 0 native plugins for Editor in 0.00 ms.
Unloading 5275 Unused Serialized files (Serialized files now loaded: 0)
Unloading 24 unused Assets / (0.7 MB). Loaded Objects now: 6124.
Memory consumption went from 193.5 MB to 192.8 MB.
Total: 5.006000 ms (FindLiveObjects: 0.489000 ms CreateObjectMapping: 0.409100 ms MarkObjects: 3.714200 ms  DeleteObjects: 0.393000 ms)

Prepare: number of updated asset objects reloaded= 0
AssetImportParameters requested are different than current active one (requested -> active):
  custom:scripting/monoscript/fileName/PlayerControllerScript.cs: 611bee229e14d5c3cba5401576a48eca -> ac72a1ef68dfff9f45e5d291debc57b5
  custom:container-demuxer-ogg: 62fdf1f143b41e24485cea50d1cbac27 -> 
  custom:scripting/monoscript/fileName/Menu.cs: 0e1575f508e60d6d9d2287980b1e9d59 -> 6a6b6f10406332b78ded19ddc96541c7
  custom:video-codec-MediaFoundation-h265: 746d11721c4dcdbdad8f713fa42b33f4 -> 
  custom:video-decoder-ogg-theora: a1e56fd34408186e4bbccfd4996cb3dc -> 
  custom:scripting/monoscript/fileName/gameQuit.cs: 381d941fd2788eebf77d8cb6f70ef3c2 -> 7382bf7b61ded40b83716f0378898bfe
  custom:framework-win-MediaFoundation: 216162199b28c13a410421893ffa2e32 -> 
  custom:scripting/monoscript/fileName/nextscene.cs: 71d4e97111f2ccfb6469eaa5c15852fd -> 7f36a7078f337f359827de0bfa973d17
  custom:scripting/monoscript/fileName/MoveCamera.cs: 0ba2c6a4ff0b26c3b5d913ad712bdbcf -> 4cac7d10977ef19e1f3dcb198cffecc9
  custom:scripting/monoscript/fileName/GrapplingGun.cs: c6f63c2bc0100b9f6daba303de7e6391 -> 77176f16d51127b7327ebe60da444b1b
  custom:CustomObjectIndexerAttribute: 72b91833f83ae208fae7752999fa3104 -> 
  custom:container-demuxer-webm: 4f35f7cbe854078d1ac9338744f61a02 -> 
  custom:container-muxer-webm: aa71ff27fc2769a1b78a27578f13a17b -> 
  custom:video-decoder-webm-vp8: 9c59270c3fd7afecdb556c50c9e8de78 -> 
  custom:SearchIndexIgnoredProperties: e643bd26f0fe6173181afceb89e7c659 -> 
  custom:AudioImporter_EditorPlatform: d09bf68614088b80899f8185d706f6e7 -> 
  custom:scripting/monoscript/fileName/NewSceneTemplatePipeline.cs: b6f58a58324aadcdeb2ef714546683e7 -> 
  custom:scripting/monoscript/fileName/CursorState.cs: d9334e78ca93c8a76e4ffabba9acbc96 -> 18edcf0e60018a5a6aafd91b55f4838d
  custom:video-encoder-webm-vp8: eb34c28f22e8b96e1ab97ce403110664 -> 
  custom:audio-decoder-ogg-vorbis: bf7c407c2cedff20999df2af8eb42d56 -> 
  custom:scripting/monoscript/fileName/SoundPlayer.cs: 475d88b9df1544d8382efdce1bccce36 -> de8f3d4c96b446794089a8747c7618fc
  custom:scripting/monoscript/fileName/RotateGun.cs: 990b299e558ef4062b64873ad76f8048 -> eb2e4494e6808171dca4a2e27cab19b6
  custom:audio-encoder-webm-vorbis: bf7c407c2cedff20999df2af8eb42d56 -> 
  custom:scripting/monoscript/fileName/GameRespawn.cs: 4e16be644a2a6965abf6e4d660a3f3d9 -> de38c5bfa9c430c63979501321be442e
  custom:scripting/monoscript/fileName/Outline.cs: 09c84349353572281e22293c31aa1a93 -> 5cc4e1f72e41e12efce0db8381204c45
  custom:scripting/precompiled-assembly-types:Assembly-CSharp: a15a550c1b7cb7afe237d3b2cdafee23 -> 9983f0a47bdcc277d42b44322341aebe
========================================================================
Received Prepare
Caller must complete domain reload
Begin MonoManager ReloadAssembly
- Loaded All Assemblies, in  0.542 seconds
Native extension for WindowsStandalone target not found
Mono: successfully reloaded assembly
- Finished resetting the current domain, in  1.756 seconds
Domain Reload Profiling: 2294ms
	BeginReloadAssembly (166ms)
		ExecutionOrderSort (0ms)
		DisableScriptedObjects (4ms)
		BackupInstance (0ms)
		ReleaseScriptingObjects (0ms)
		CreateAndSetChildDomain (32ms)
	RebuildCommonClasses (32ms)
	RebuildNativeTypeToScriptingClass (10ms)
	initialDomainReloadingComplete (38ms)
	LoadAllAssembliesAndSetupDomain (292ms)
		LoadAssemblies (366ms)
		RebuildTransferFunctionScriptingTraits (0ms)
		AnalyzeDomain (18ms)
			TypeCache.Refresh (5ms)
				TypeCache.ScanAssembly (0ms)
			ScanForSourceGeneratedMonoScriptInfo (0ms)
			ResolveRequiredComponents (10ms)
	FinalizeReload (1757ms)
		ReleaseScriptCaches (0ms)
		RebuildScriptCaches (0ms)
		SetupLoadedEditorAssemblies (490ms)
			LogAssemblyErrors (0ms)
			InitializePlatformSupportModulesInManaged (9ms)
			SetLoadedEditorAssemblies (5ms)
			RefreshPlugins (0ms)
			BeforeProcessingInitializeOnLoad (102ms)
			ProcessInitializeOnLoadAttributes (303ms)
			ProcessInitializeOnLoadMethodAttributes (63ms)
			AfterProcessingInitializeOnLoad (7ms)
			EditorAssembliesLoaded (0ms)
		ExecutionOrderSort2 (0ms)
		AwakeInstancesAfterBackupRestoration (11ms)
Refreshing native plugins compatible for Editor in 8.15 ms, found 3 plugins.
Preloading 0 native plugins for Editor in 0.00 ms.
Unloading 5275 Unused Serialized files (Serialized files now loaded: 0)
Unloading 24 unused Assets / (0.7 MB). Loaded Objects now: 6127.
Memory consumption went from 193.5 MB to 192.8 MB.
Total: 3.484900 ms (FindLiveObjects: 0.429900 ms CreateObjectMapping: 0.388300 ms MarkObjects: 2.364300 ms  DeleteObjects: 0.301900 ms)

Prepare: number of updated asset objects reloaded= 0
AssetImportParameters requested are different than current active one (requested -> active):
  custom:scripting/monoscript/fileName/PlayerControllerScript.cs: 611bee229e14d5c3cba5401576a48eca -> ac72a1ef68dfff9f45e5d291debc57b5
  custom:container-demuxer-ogg: 62fdf1f143b41e24485cea50d1cbac27 -> 
  custom:scripting/monoscript/fileName/Menu.cs: 0e1575f508e60d6d9d2287980b1e9d59 -> 6a6b6f10406332b78ded19ddc96541c7
  custom:video-codec-MediaFoundation-h265: 746d11721c4dcdbdad8f713fa42b33f4 -> 
  custom:video-decoder-ogg-theora: a1e56fd34408186e4bbccfd4996cb3dc -> 
  custom:scripting/monoscript/fileName/gameQuit.cs: 381d941fd2788eebf77d8cb6f70ef3c2 -> 7382bf7b61ded40b83716f0378898bfe
  custom:framework-win-MediaFoundation: 216162199b28c13a410421893ffa2e32 -> 
  custom:scripting/monoscript/fileName/nextscene.cs: 71d4e97111f2ccfb6469eaa5c15852fd -> 7f36a7078f337f359827de0bfa973d17
  custom:scripting/monoscript/fileName/MoveCamera.cs: 0ba2c6a4ff0b26c3b5d913ad712bdbcf -> 4cac7d10977ef19e1f3dcb198cffecc9
  custom:scripting/monoscript/fileName/GrapplingGun.cs: c6f63c2bc0100b9f6daba303de7e6391 -> 77176f16d51127b7327ebe60da444b1b
  custom:CustomObjectIndexerAttribute: 72b91833f83ae208fae7752999fa3104 -> 
  custom:container-demuxer-webm: 4f35f7cbe854078d1ac9338744f61a02 -> 
  custom:container-muxer-webm: aa71ff27fc2769a1b78a27578f13a17b -> 
  custom:video-decoder-webm-vp8: 9c59270c3fd7afecdb556c50c9e8de78 -> 
  custom:SearchIndexIgnoredProperties: e643bd26f0fe6173181afceb89e7c659 -> 
  custom:AudioImporter_EditorPlatform: d09bf68614088b80899f8185d706f6e7 -> 
  custom:scripting/monoscript/fileName/NewSceneTemplatePipeline.cs: b6f58a58324aadcdeb2ef714546683e7 -> 
  custom:scripting/monoscript/fileName/CursorState.cs: d9334e78ca93c8a76e4ffabba9acbc96 -> 18edcf0e60018a5a6aafd91b55f4838d
  custom:video-encoder-webm-vp8: eb34c28f22e8b96e1ab97ce403110664 -> 
  custom:audio-decoder-ogg-vorbis: bf7c407c2cedff20999df2af8eb42d56 -> 
  custom:scripting/monoscript/fileName/SoundPlayer.cs: 475d88b9df1544d8382efdce1bccce36 -> de8f3d4c96b446794089a8747c7618fc
  custom:scripting/monoscript/fileName/RotateGun.cs: 990b299e558ef4062b64873ad76f8048 -> eb2e4494e6808171dca4a2e27cab19b6
  custom:audio-encoder-webm-vorbis: bf7c407c2cedff20999df2af8eb42d56 -> 
  custom:scripting/monoscript/fileName/GameRespawn.cs: 4e16be644a2a6965abf6e4d660a3f3d9 -> de38c5bfa9c430c63979501321be442e
  custom:scripting/monoscript/fileName/Outline.cs: 09c84349353572281e22293c31aa1a93 -> 5cc4e1f72e41e12efce0db8381204c45
  custom:scripting/precompiled-assembly-types:Assembly-CSharp: a15a550c1b7cb7afe237d3b2cdafee23 -> 9983f0a47bdcc277d42b44322341aebe
========================================================================
Received Prepare
Caller must complete domain reload
Begin MonoManager ReloadAssembly
- Loaded All Assemblies, in  0.494 seconds
Native extension for WindowsStandalone target not found
Mono: successfully reloaded assembly
- Finished resetting the current domain, in  1.919 seconds
Domain Reload Profiling: 2409ms
	BeginReloadAssembly (151ms)
		ExecutionOrderSort (0ms)
		DisableScriptedObjects (3ms)
		BackupInstance (0ms)
		ReleaseScriptingObjects (0ms)
		CreateAndSetChildDomain (31ms)
	RebuildCommonClasses (27ms)
	RebuildNativeTypeToScriptingClass (9ms)
	initialDomainReloadingComplete (31ms)
	LoadAllAssembliesAndSetupDomain (273ms)
		LoadAssemblies (338ms)
		RebuildTransferFunctionScriptingTraits (0ms)
		AnalyzeDomain (18ms)
			TypeCache.Refresh (6ms)
				TypeCache.ScanAssembly (0ms)
			ScanForSourceGeneratedMonoScriptInfo (0ms)
			ResolveRequiredComponents (9ms)
	FinalizeReload (1919ms)
		ReleaseScriptCaches (0ms)
		RebuildScriptCaches (0ms)
		SetupLoadedEditorAssemblies (529ms)
			LogAssemblyErrors (0ms)
			InitializePlatformSupportModulesInManaged (6ms)
			SetLoadedEditorAssemblies (5ms)
			RefreshPlugins (0ms)
			BeforeProcessingInitializeOnLoad (92ms)
			ProcessInitializeOnLoadAttributes (339ms)
			ProcessInitializeOnLoadMethodAttributes (77ms)
			AfterProcessingInitializeOnLoad (10ms)
			EditorAssembliesLoaded (0ms)
		ExecutionOrderSort2 (0ms)
		AwakeInstancesAfterBackupRestoration (8ms)
Refreshing native plugins compatible for Editor in 8.90 ms, found 3 plugins.
Preloading 0 native plugins for Editor in 0.00 ms.
Unloading 5275 Unused Serialized files (Serialized files now loaded: 0)
Unloading 24 unused Assets / (0.7 MB). Loaded Objects now: 6130.
Memory consumption went from 193.5 MB to 192.8 MB.
Total: 4.374500 ms (FindLiveObjects: 0.415900 ms CreateObjectMapping: 0.312800 ms MarkObjects: 3.187700 ms  DeleteObjects: 0.457200 ms)

Prepare: number of updated asset objects reloaded= 0
AssetImportParameters requested are different than current active one (requested -> active):
  custom:scripting/monoscript/fileName/PlayerControllerScript.cs: 611bee229e14d5c3cba5401576a48eca -> ac72a1ef68dfff9f45e5d291debc57b5
  custom:container-demuxer-ogg: 62fdf1f143b41e24485cea50d1cbac27 -> 
  custom:scripting/monoscript/fileName/Menu.cs: 0e1575f508e60d6d9d2287980b1e9d59 -> 6a6b6f10406332b78ded19ddc96541c7
  custom:video-codec-MediaFoundation-h265: 746d11721c4dcdbdad8f713fa42b33f4 -> 
  custom:video-decoder-ogg-theora: a1e56fd34408186e4bbccfd4996cb3dc -> 
  custom:scripting/monoscript/fileName/gameQuit.cs: 381d941fd2788eebf77d8cb6f70ef3c2 -> 7382bf7b61ded40b83716f0378898bfe
  custom:framework-win-MediaFoundation: 216162199b28c13a410421893ffa2e32 -> 
  custom:scripting/monoscript/fileName/nextscene.cs: 71d4e97111f2ccfb6469eaa5c15852fd -> 7f36a7078f337f359827de0bfa973d17
  custom:scripting/monoscript/fileName/MoveCamera.cs: 0ba2c6a4ff0b26c3b5d913ad712bdbcf -> 4cac7d10977ef19e1f3dcb198cffecc9
  custom:scripting/monoscript/fileName/GrapplingGun.cs: c6f63c2bc0100b9f6daba303de7e6391 -> 77176f16d51127b7327ebe60da444b1b
  custom:CustomObjectIndexerAttribute: 72b91833f83ae208fae7752999fa3104 -> 
  custom:container-demuxer-webm: 4f35f7cbe854078d1ac9338744f61a02 -> 
  custom:container-muxer-webm: aa71ff27fc2769a1b78a27578f13a17b -> 
  custom:video-decoder-webm-vp8: 9c59270c3fd7afecdb556c50c9e8de78 -> 
  custom:SearchIndexIgnoredProperties: e643bd26f0fe6173181afceb89e7c659 -> 
  custom:AudioImporter_EditorPlatform: d09bf68614088b80899f8185d706f6e7 -> 
  custom:scripting/monoscript/fileName/NewSceneTemplatePipeline.cs: b6f58a58324aadcdeb2ef714546683e7 -> 
  custom:scripting/monoscript/fileName/CursorState.cs: d9334e78ca93c8a76e4ffabba9acbc96 -> 18edcf0e60018a5a6aafd91b55f4838d
  custom:video-encoder-webm-vp8: eb34c28f22e8b96e1ab97ce403110664 -> 
  custom:audio-decoder-ogg-vorbis: bf7c407c2cedff20999df2af8eb42d56 -> 
  custom:scripting/monoscript/fileName/SoundPlayer.cs: 475d88b9df1544d8382efdce1bccce36 -> de8f3d4c96b446794089a8747c7618fc
  custom:scripting/monoscript/fileName/RotateGun.cs: 990b299e558ef4062b64873ad76f8048 -> eb2e4494e6808171dca4a2e27cab19b6
  custom:audio-encoder-webm-vorbis: bf7c407c2cedff20999df2af8eb42d56 -> 
  custom:scripting/monoscript/fileName/GameRespawn.cs: 4e16be644a2a6965abf6e4d660a3f3d9 -> de38c5bfa9c430c63979501321be442e
  custom:scripting/monoscript/fileName/Outline.cs: 09c84349353572281e22293c31aa1a93 -> 5cc4e1f72e41e12efce0db8381204c45
  custom:scripting/precompiled-assembly-types:Assembly-CSharp: a15a550c1b7cb7afe237d3b2cdafee23 -> 9983f0a47bdcc277d42b44322341aebe
========================================================================
Received Prepare
Caller must complete domain reload
Begin MonoManager ReloadAssembly
- Loaded All Assemblies, in  0.533 seconds
Native extension for WindowsStandalone target not found
Mono: successfully reloaded assembly
- Finished resetting the current domain, in  1.829 seconds
Domain Reload Profiling: 2357ms
	BeginReloadAssembly (166ms)
		ExecutionOrderSort (0ms)
		DisableScriptedObjects (5ms)
		BackupInstance (0ms)
		ReleaseScriptingObjects (0ms)
		CreateAndSetChildDomain (32ms)
	RebuildCommonClasses (32ms)
	RebuildNativeTypeToScriptingClass (9ms)
	initialDomainReloadingComplete (37ms)
	LoadAllAssembliesAndSetupDomain (284ms)
		LoadAssemblies (341ms)
		RebuildTransferFunctionScriptingTraits (0ms)
		AnalyzeDomain (37ms)
			TypeCache.Refresh (8ms)
				TypeCache.ScanAssembly (0ms)
			ScanForSourceGeneratedMonoScriptInfo (17ms)
			ResolveRequiredComponents (9ms)
	FinalizeReload (1830ms)
		ReleaseScriptCaches (0ms)
		RebuildScriptCaches (0ms)
		SetupLoadedEditorAssemblies (492ms)
			LogAssemblyErrors (0ms)
			InitializePlatformSupportModulesInManaged (7ms)
			SetLoadedEditorAssemblies (5ms)
			RefreshPlugins (0ms)
			BeforeProcessingInitializeOnLoad (91ms)
			ProcessInitializeOnLoadAttributes (316ms)
			ProcessInitializeOnLoadMethodAttributes (65ms)
			AfterProcessingInitializeOnLoad (7ms)
			EditorAssembliesLoaded (0ms)
		ExecutionOrderSort2 (0ms)
		AwakeInstancesAfterBackupRestoration (7ms)
Refreshing native plugins compatible for Editor in 8.18 ms, found 3 plugins.
Preloading 0 native plugins for Editor in 0.00 ms.
Unloading 5275 Unused Serialized files (Serialized files now loaded: 0)
Unloading 24 unused Assets / (0.7 MB). Loaded Objects now: 6133.
Memory consumption went from 193.5 MB to 192.8 MB.
Total: 3.799000 ms (FindLiveObjects: 0.459300 ms CreateObjectMapping: 0.259700 ms MarkObjects: 2.762600 ms  DeleteObjects: 0.316500 ms)

Prepare: number of updated asset objects reloaded= 0
AssetImportParameters requested are different than current active one (requested -> active):
  custom:scripting/monoscript/fileName/PlayerControllerScript.cs: 611bee229e14d5c3cba5401576a48eca -> ac72a1ef68dfff9f45e5d291debc57b5
  custom:container-demuxer-ogg: 62fdf1f143b41e24485cea50d1cbac27 -> 
  custom:scripting/monoscript/fileName/Menu.cs: 0e1575f508e60d6d9d2287980b1e9d59 -> 6a6b6f10406332b78ded19ddc96541c7
  custom:video-codec-MediaFoundation-h265: 746d11721c4dcdbdad8f713fa42b33f4 -> 
  custom:video-decoder-ogg-theora: a1e56fd34408186e4bbccfd4996cb3dc -> 
  custom:scripting/monoscript/fileName/gameQuit.cs: 381d941fd2788eebf77d8cb6f70ef3c2 -> 7382bf7b61ded40b83716f0378898bfe
  custom:framework-win-MediaFoundation: 216162199b28c13a410421893ffa2e32 -> 
  custom:scripting/monoscript/fileName/nextscene.cs: 71d4e97111f2ccfb6469eaa5c15852fd -> 7f36a7078f337f359827de0bfa973d17
  custom:scripting/monoscript/fileName/MoveCamera.cs: 0ba2c6a4ff0b26c3b5d913ad712bdbcf -> 4cac7d10977ef19e1f3dcb198cffecc9
  custom:scripting/monoscript/fileName/GrapplingGun.cs: c6f63c2bc0100b9f6daba303de7e6391 -> 77176f16d51127b7327ebe60da444b1b
  custom:CustomObjectIndexerAttribute: 72b91833f83ae208fae7752999fa3104 -> 
  custom:container-demuxer-webm: 4f35f7cbe854078d1ac9338744f61a02 -> 
  custom:container-muxer-webm: aa71ff27fc2769a1b78a27578f13a17b -> 
  custom:video-decoder-webm-vp8: 9c59270c3fd7afecdb556c50c9e8de78 -> 
  custom:SearchIndexIgnoredProperties: e643bd26f0fe6173181afceb89e7c659 -> 
  custom:AudioImporter_EditorPlatform: d09bf68614088b80899f8185d706f6e7 -> 
  custom:scripting/monoscript/fileName/NewSceneTemplatePipeline.cs: b6f58a58324aadcdeb2ef714546683e7 -> 
  custom:scripting/monoscript/fileName/CursorState.cs: d9334e78ca93c8a76e4ffabba9acbc96 -> 18edcf0e60018a5a6aafd91b55f4838d
  custom:video-encoder-webm-vp8: eb34c28f22e8b96e1ab97ce403110664 -> 
  custom:audio-decoder-ogg-vorbis: bf7c407c2cedff20999df2af8eb42d56 -> 
  custom:scripting/monoscript/fileName/SoundPlayer.cs: 475d88b9df1544d8382efdce1bccce36 -> de8f3d4c96b446794089a8747c7618fc
  custom:scripting/monoscript/fileName/RotateGun.cs: 990b299e558ef4062b64873ad76f8048 -> eb2e4494e6808171dca4a2e27cab19b6
  custom:audio-encoder-webm-vorbis: bf7c407c2cedff20999df2af8eb42d56 -> 
  custom:scripting/monoscript/fileName/GameRespawn.cs: 4e16be644a2a6965abf6e4d660a3f3d9 -> de38c5bfa9c430c63979501321be442e
  custom:scripting/monoscript/fileName/Outline.cs: 09c84349353572281e22293c31aa1a93 -> 5cc4e1f72e41e12efce0db8381204c45
  custom:scripting/precompiled-assembly-types:Assembly-CSharp: 169f1983b77ad0e9e4946b499d34a09a -> 9983f0a47bdcc277d42b44322341aebe
========================================================================
Received Import Request.
  Time since last request: 1100.397777 seconds.
  path: Assets/scripts/Player/PlayerControllerScript.cs
  artifactKey: Guid(3ccf5fc4c113d134c82830320b9fe9b8) Importer(815301076,1909f56bfc062723c751e8b465ee728b)
Start importing Assets/scripts/Player/PlayerControllerScript.cs using Guid(3ccf5fc4c113d134c82830320b9fe9b8) Importer(815301076,1909f56bfc062723c751e8b465ee728b) [PhysX] Initialized MultithreadedTaskDispatcher with 12 workers.
 -> (artifact id: 'b52ba09478b9fe4a65e7c0383659b45f') in 0.001526 seconds
Number of updated asset objects reloaded before import = 0
Number of asset objects unloaded after import = 0
========================================================================
Received Prepare
Caller must complete domain reload
Begin MonoManager ReloadAssembly
- Loaded All Assemblies, in  0.479 seconds
Native extension for WindowsStandalone target not found
Mono: successfully reloaded assembly
- Finished resetting the current domain, in  1.704 seconds
Domain Reload Profiling: 2179ms
	BeginReloadAssembly (143ms)
		ExecutionOrderSort (0ms)
		DisableScriptedObjects (4ms)
		BackupInstance (0ms)
		ReleaseScriptingObjects (0ms)
		CreateAndSetChildDomain (30ms)
	RebuildCommonClasses (26ms)
	RebuildNativeTypeToScriptingClass (8ms)
	initialDomainReloadingComplete (33ms)
	LoadAllAssembliesAndSetupDomain (265ms)
		LoadAssemblies (325ms)
		RebuildTransferFunctionScriptingTraits (0ms)
		AnalyzeDomain (17ms)
			TypeCache.Refresh (5ms)
				TypeCache.ScanAssembly (0ms)
			ScanForSourceGeneratedMonoScriptInfo (0ms)
			ResolveRequiredComponents (10ms)
	FinalizeReload (1704ms)
		ReleaseScriptCaches (0ms)
		RebuildScriptCaches (0ms)
		SetupLoadedEditorAssemblies (478ms)
			LogAssemblyErrors (0ms)
			InitializePlatformSupportModulesInManaged (7ms)
			SetLoadedEditorAssemblies (5ms)
			RefreshPlugins (0ms)
			BeforeProcessingInitializeOnLoad (91ms)
			ProcessInitializeOnLoadAttributes (297ms)
			ProcessInitializeOnLoadMethodAttributes (68ms)
			AfterProcessingInitializeOnLoad (9ms)
			EditorAssembliesLoaded (0ms)
		ExecutionOrderSort2 (0ms)
		AwakeInstancesAfterBackupRestoration (9ms)
Refreshing native plugins compatible for Editor in 9.43 ms, found 3 plugins.
Preloading 0 native plugins for Editor in 0.00 ms.
Unloading 5274 Unused Serialized files (Serialized files now loaded: 0)
Unloading 24 unused Assets / (0.7 MB). Loaded Objects now: 6136.
Memory consumption went from 193.3 MB to 192.5 MB.
Total: 4.301400 ms (FindLiveObjects: 0.534200 ms CreateObjectMapping: 0.293100 ms MarkObjects: 2.998400 ms  DeleteObjects: 0.474800 ms)

Prepare: number of updated asset objects reloaded= 0
AssetImportParameters requested are different than current active one (requested -> active):
  custom:scripting/monoscript/fileName/PlayerControllerScript.cs: 611bee229e14d5c3cba5401576a48eca -> ac72a1ef68dfff9f45e5d291debc57b5
  custom:container-demuxer-ogg: 62fdf1f143b41e24485cea50d1cbac27 -> 
  custom:scripting/monoscript/fileName/Menu.cs: 0e1575f508e60d6d9d2287980b1e9d59 -> 6a6b6f10406332b78ded19ddc96541c7
  custom:video-codec-MediaFoundation-h265: 746d11721c4dcdbdad8f713fa42b33f4 -> 
  custom:video-decoder-ogg-theora: a1e56fd34408186e4bbccfd4996cb3dc -> 
  custom:scripting/monoscript/fileName/gameQuit.cs: 381d941fd2788eebf77d8cb6f70ef3c2 -> 7382bf7b61ded40b83716f0378898bfe
  custom:framework-win-MediaFoundation: 216162199b28c13a410421893ffa2e32 -> 
  custom:scripting/monoscript/fileName/nextscene.cs: 71d4e97111f2ccfb6469eaa5c15852fd -> 7f36a7078f337f359827de0bfa973d17
  custom:scripting/monoscript/fileName/MoveCamera.cs: 0ba2c6a4ff0b26c3b5d913ad712bdbcf -> 4cac7d10977ef19e1f3dcb198cffecc9
  custom:scripting/monoscript/fileName/GrapplingGun.cs: c6f63c2bc0100b9f6daba303de7e6391 -> 77176f16d51127b7327ebe60da444b1b
  custom:CustomObjectIndexerAttribute: 72b91833f83ae208fae7752999fa3104 -> 
  custom:container-demuxer-webm: 4f35f7cbe854078d1ac9338744f61a02 -> 
  custom:container-muxer-webm: aa71ff27fc2769a1b78a27578f13a17b -> 
  custom:video-decoder-webm-vp8: 9c59270c3fd7afecdb556c50c9e8de78 -> 
  custom:SearchIndexIgnoredProperties: e643bd26f0fe6173181afceb89e7c659 -> 
  custom:AudioImporter_EditorPlatform: d09bf68614088b80899f8185d706f6e7 -> 
  custom:scripting/monoscript/fileName/NewSceneTemplatePipeline.cs: b6f58a58324aadcdeb2ef714546683e7 -> 
  custom:scripting/monoscript/fileName/CursorState.cs: d9334e78ca93c8a76e4ffabba9acbc96 -> 18edcf0e60018a5a6aafd91b55f4838d
  custom:video-encoder-webm-vp8: eb34c28f22e8b96e1ab97ce403110664 -> 
  custom:audio-decoder-ogg-vorbis: bf7c407c2cedff20999df2af8eb42d56 -> 
  custom:scripting/monoscript/fileName/SoundPlayer.cs: 475d88b9df1544d8382efdce1bccce36 -> de8f3d4c96b446794089a8747c7618fc
  custom:scripting/monoscript/fileName/RotateGun.cs: 990b299e558ef4062b64873ad76f8048 -> eb2e4494e6808171dca4a2e27cab19b6
  custom:audio-encoder-webm-vorbis: bf7c407c2cedff20999df2af8eb42d56 -> 
  custom:scripting/monoscript/fileName/GameRespawn.cs: 4e16be644a2a6965abf6e4d660a3f3d9 -> de38c5bfa9c430c63979501321be442e
  custom:scripting/monoscript/fileName/Outline.cs: 09c84349353572281e22293c31aa1a93 -> 5cc4e1f72e41e12efce0db8381204c45
  custom:scripting/precompiled-assembly-types:Assembly-CSharp: 169f1983b77ad0e9e4946b499d34a09a -> 9983f0a47bdcc277d42b44322341aebe
========================================================================
Received Prepare
Caller must complete domain reload
Begin MonoManager ReloadAssembly
- Loaded All Assemblies, in  0.502 seconds
Native extension for WindowsStandalone target not found
Mono: successfully reloaded assembly
- Finished resetting the current domain, in  1.685 seconds
Domain Reload Profiling: 2184ms
	BeginReloadAssembly (144ms)
		ExecutionOrderSort (0ms)
		DisableScriptedObjects (3ms)
		BackupInstance (0ms)
		ReleaseScriptingObjects (0ms)
		CreateAndSetChildDomain (29ms)
	RebuildCommonClasses (26ms)
	RebuildNativeTypeToScriptingClass (10ms)
	initialDomainReloadingComplete (30ms)
	LoadAllAssembliesAndSetupDomain (288ms)
		LoadAssemblies (351ms)
		RebuildTransferFunctionScriptingTraits (0ms)
		AnalyzeDomain (17ms)
			TypeCache.Refresh (5ms)
				TypeCache.ScanAssembly (0ms)
			ScanForSourceGeneratedMonoScriptInfo (0ms)
			ResolveRequiredComponents (9ms)
	FinalizeReload (1685ms)
		ReleaseScriptCaches (0ms)
		RebuildScriptCaches (0ms)
		SetupLoadedEditorAssemblies (457ms)
			LogAssemblyErrors (0ms)
			InitializePlatformSupportModulesInManaged (6ms)
			SetLoadedEditorAssemblies (4ms)
			RefreshPlugins (0ms)
			BeforeProcessingInitializeOnLoad (87ms)
			ProcessInitializeOnLoadAttributes (284ms)
			ProcessInitializeOnLoadMethodAttributes (66ms)
			AfterProcessingInitializeOnLoad (9ms)
			EditorAssembliesLoaded (0ms)
		ExecutionOrderSort2 (0ms)
		AwakeInstancesAfterBackupRestoration (8ms)
Refreshing native plugins compatible for Editor in 8.11 ms, found 3 plugins.
Preloading 0 native plugins for Editor in 0.00 ms.
Unloading 5275 Unused Serialized files (Serialized files now loaded: 0)
Unloading 24 unused Assets / (0.8 MB). Loaded Objects now: 6139.
Memory consumption went from 193.6 MB to 192.8 MB.
Total: 4.644700 ms (FindLiveObjects: 0.767400 ms CreateObjectMapping: 0.315100 ms MarkObjects: 3.100800 ms  DeleteObjects: 0.460500 ms)

Prepare: number of updated asset objects reloaded= 0
AssetImportParameters requested are different than current active one (requested -> active):
  custom:scripting/monoscript/fileName/PlayerControllerScript.cs: 611bee229e14d5c3cba5401576a48eca -> ac72a1ef68dfff9f45e5d291debc57b5
  custom:container-demuxer-ogg: 62fdf1f143b41e24485cea50d1cbac27 -> 
  custom:scripting/monoscript/fileName/Menu.cs: 0e1575f508e60d6d9d2287980b1e9d59 -> 6a6b6f10406332b78ded19ddc96541c7
  custom:video-codec-MediaFoundation-h265: 746d11721c4dcdbdad8f713fa42b33f4 -> 
  custom:video-decoder-ogg-theora: a1e56fd34408186e4bbccfd4996cb3dc -> 
  custom:scripting/monoscript/fileName/gameQuit.cs: 381d941fd2788eebf77d8cb6f70ef3c2 -> 7382bf7b61ded40b83716f0378898bfe
  custom:framework-win-MediaFoundation: 216162199b28c13a410421893ffa2e32 -> 
  custom:scripting/monoscript/fileName/nextscene.cs: 71d4e97111f2ccfb6469eaa5c15852fd -> 7f36a7078f337f359827de0bfa973d17
  custom:scripting/monoscript/fileName/MoveCamera.cs: 0ba2c6a4ff0b26c3b5d913ad712bdbcf -> 4cac7d10977ef19e1f3dcb198cffecc9
  custom:scripting/monoscript/fileName/GrapplingGun.cs: c6f63c2bc0100b9f6daba303de7e6391 -> 77176f16d51127b7327ebe60da444b1b
  custom:CustomObjectIndexerAttribute: 72b91833f83ae208fae7752999fa3104 -> 
  custom:container-demuxer-webm: 4f35f7cbe854078d1ac9338744f61a02 -> 
  custom:container-muxer-webm: aa71ff27fc2769a1b78a27578f13a17b -> 
  custom:video-decoder-webm-vp8: 9c59270c3fd7afecdb556c50c9e8de78 -> 
  custom:SearchIndexIgnoredProperties: e643bd26f0fe6173181afceb89e7c659 -> 
  custom:AudioImporter_EditorPlatform: d09bf68614088b80899f8185d706f6e7 -> 
  custom:scripting/monoscript/fileName/NewSceneTemplatePipeline.cs: b6f58a58324aadcdeb2ef714546683e7 -> 
  custom:scripting/monoscript/fileName/CursorState.cs: d9334e78ca93c8a76e4ffabba9acbc96 -> 18edcf0e60018a5a6aafd91b55f4838d
  custom:video-encoder-webm-vp8: eb34c28f22e8b96e1ab97ce403110664 -> 
  custom:audio-decoder-ogg-vorbis: bf7c407c2cedff20999df2af8eb42d56 -> 
  custom:scripting/monoscript/fileName/SoundPlayer.cs: 475d88b9df1544d8382efdce1bccce36 -> de8f3d4c96b446794089a8747c7618fc
  custom:scripting/monoscript/fileName/RotateGun.cs: 990b299e558ef4062b64873ad76f8048 -> eb2e4494e6808171dca4a2e27cab19b6
  custom:audio-encoder-webm-vorbis: bf7c407c2cedff20999df2af8eb42d56 -> 
  custom:scripting/monoscript/fileName/GameRespawn.cs: 4e16be644a2a6965abf6e4d660a3f3d9 -> de38c5bfa9c430c63979501321be442e
  custom:scripting/monoscript/fileName/Outline.cs: 09c84349353572281e22293c31aa1a93 -> 5cc4e1f72e41e12efce0db8381204c45
  custom:scripting/precompiled-assembly-types:Assembly-CSharp: 169f1983b77ad0e9e4946b499d34a09a -> 9983f0a47bdcc277d42b44322341aebe
========================================================================
Received Prepare
Caller must complete domain reload
Begin MonoManager ReloadAssembly
- Loaded All Assemblies, in  0.518 seconds
Native extension for WindowsStandalone target not found
Mono: successfully reloaded assembly
- Finished resetting the current domain, in  1.551 seconds
Domain Reload Profiling: 2065ms
	BeginReloadAssembly (152ms)
		ExecutionOrderSort (0ms)
		DisableScriptedObjects (3ms)
		BackupInstance (0ms)
		ReleaseScriptingObjects (0ms)
		CreateAndSetChildDomain (31ms)
	RebuildCommonClasses (27ms)
	RebuildNativeTypeToScriptingClass (9ms)
	initialDomainReloadingComplete (34ms)
	LoadAllAssembliesAndSetupDomain (292ms)
		LoadAssemblies (336ms)
		RebuildTransferFunctionScriptingTraits (0ms)
		AnalyzeDomain (38ms)
			TypeCache.Refresh (10ms)
				TypeCache.ScanAssembly (0ms)
			ScanForSourceGeneratedMonoScriptInfo (17ms)
			ResolveRequiredComponents (8ms)
	FinalizeReload (1551ms)
		ReleaseScriptCaches (0ms)
		RebuildScriptCaches (0ms)
		SetupLoadedEditorAssemblies (422ms)
			LogAssemblyErrors (0ms)
			InitializePlatformSupportModulesInManaged (6ms)
			SetLoadedEditorAssemblies (4ms)
			RefreshPlugins (0ms)
			BeforeProcessingInitializeOnLoad (75ms)
			ProcessInitializeOnLoadAttributes (266ms)
			ProcessInitializeOnLoadMethodAttributes (63ms)
			AfterProcessingInitializeOnLoad (8ms)
			EditorAssembliesLoaded (0ms)
		ExecutionOrderSort2 (0ms)
		AwakeInstancesAfterBackupRestoration (7ms)
Refreshing native plugins compatible for Editor in 7.90 ms, found 3 plugins.
Preloading 0 native plugins for Editor in 0.00 ms.
Unloading 5275 Unused Serialized files (Serialized files now loaded: 0)
Unloading 24 unused Assets / (0.7 MB). Loaded Objects now: 6142.
Memory consumption went from 193.5 MB to 192.8 MB.
Total: 3.278000 ms (FindLiveObjects: 0.355900 ms CreateObjectMapping: 0.264200 ms MarkObjects: 2.334200 ms  DeleteObjects: 0.323100 ms)

Prepare: number of updated asset objects reloaded= 0
AssetImportParameters requested are different than current active one (requested -> active):
  custom:scripting/monoscript/fileName/PlayerControllerScript.cs: 611bee229e14d5c3cba5401576a48eca -> ac72a1ef68dfff9f45e5d291debc57b5
  custom:container-demuxer-ogg: 62fdf1f143b41e24485cea50d1cbac27 -> 
  custom:scripting/monoscript/fileName/Menu.cs: 0e1575f508e60d6d9d2287980b1e9d59 -> 6a6b6f10406332b78ded19ddc96541c7
  custom:video-codec-MediaFoundation-h265: 746d11721c4dcdbdad8f713fa42b33f4 -> 
  custom:video-decoder-ogg-theora: a1e56fd34408186e4bbccfd4996cb3dc -> 
  custom:scripting/monoscript/fileName/gameQuit.cs: 381d941fd2788eebf77d8cb6f70ef3c2 -> 7382bf7b61ded40b83716f0378898bfe
  custom:framework-win-MediaFoundation: 216162199b28c13a410421893ffa2e32 -> 
  custom:scripting/monoscript/fileName/nextscene.cs: 71d4e97111f2ccfb6469eaa5c15852fd -> 7f36a7078f337f359827de0bfa973d17
  custom:scripting/monoscript/fileName/MoveCamera.cs: 0ba2c6a4ff0b26c3b5d913ad712bdbcf -> 4cac7d10977ef19e1f3dcb198cffecc9
  custom:scripting/monoscript/fileName/GrapplingGun.cs: c6f63c2bc0100b9f6daba303de7e6391 -> 77176f16d51127b7327ebe60da444b1b
  custom:CustomObjectIndexerAttribute: 72b91833f83ae208fae7752999fa3104 -> 
  custom:container-demuxer-webm: 4f35f7cbe854078d1ac9338744f61a02 -> 
  custom:container-muxer-webm: aa71ff27fc2769a1b78a27578f13a17b -> 
  custom:video-decoder-webm-vp8: 9c59270c3fd7afecdb556c50c9e8de78 -> 
  custom:SearchIndexIgnoredProperties: e643bd26f0fe6173181afceb89e7c659 -> 
  custom:AudioImporter_EditorPlatform: d09bf68614088b80899f8185d706f6e7 -> 
  custom:scripting/monoscript/fileName/NewSceneTemplatePipeline.cs: b6f58a58324aadcdeb2ef714546683e7 -> 
  custom:scripting/monoscript/fileName/CursorState.cs: d9334e78ca93c8a76e4ffabba9acbc96 -> 18edcf0e60018a5a6aafd91b55f4838d
  custom:video-encoder-webm-vp8: eb34c28f22e8b96e1ab97ce403110664 -> 
  custom:audio-decoder-ogg-vorbis: bf7c407c2cedff20999df2af8eb42d56 -> 
  custom:scripting/monoscript/fileName/SoundPlayer.cs: 475d88b9df1544d8382efdce1bccce36 -> de8f3d4c96b446794089a8747c7618fc
  custom:scripting/monoscript/fileName/RotateGun.cs: 990b299e558ef4062b64873ad76f8048 -> eb2e4494e6808171dca4a2e27cab19b6
  custom:audio-encoder-webm-vorbis: bf7c407c2cedff20999df2af8eb42d56 -> 
  custom:scripting/monoscript/fileName/GameRespawn.cs: 4e16be644a2a6965abf6e4d660a3f3d9 -> de38c5bfa9c430c63979501321be442e
  custom:scripting/monoscript/fileName/Outline.cs: 09c84349353572281e22293c31aa1a93 -> 5cc4e1f72e41e12efce0db8381204c45
  custom:scripting/precompiled-assembly-types:Assembly-CSharp: 169f1983b77ad0e9e4946b499d34a09a -> 9983f0a47bdcc277d42b44322341aebe
========================================================================
Received Prepare
Caller must complete domain reload
Begin MonoManager ReloadAssembly
- Loaded All Assemblies, in  0.470 seconds
Native extension for WindowsStandalone target not found
Mono: successfully reloaded assembly
- Finished resetting the current domain, in  1.661 seconds
Domain Reload Profiling: 2128ms
	BeginReloadAssembly (151ms)
		ExecutionOrderSort (0ms)
		DisableScriptedObjects (3ms)
		BackupInstance (0ms)
		ReleaseScriptingObjects (0ms)
		CreateAndSetChildDomain (32ms)
	RebuildCommonClasses (26ms)
	RebuildNativeTypeToScriptingClass (8ms)
	initialDomainReloadingComplete (29ms)
	LoadAllAssembliesAndSetupDomain (253ms)
		LoadAssemblies (312ms)
		RebuildTransferFunctionScriptingTraits (0ms)
		AnalyzeDomain (17ms)
			TypeCache.Refresh (5ms)
				TypeCache.ScanAssembly (0ms)
			ScanForSourceGeneratedMonoScriptInfo (0ms)
			ResolveRequiredComponents (9ms)
	FinalizeReload (1661ms)
		ReleaseScriptCaches (0ms)
		RebuildScriptCaches (0ms)
		SetupLoadedEditorAssemblies (458ms)
			LogAssemblyErrors (0ms)
			InitializePlatformSupportModulesInManaged (6ms)
			SetLoadedEditorAssemblies (4ms)
			RefreshPlugins (0ms)
			BeforeProcessingInitializeOnLoad (82ms)
			ProcessInitializeOnLoadAttributes (287ms)
			ProcessInitializeOnLoadMethodAttributes (70ms)
			AfterProcessingInitializeOnLoad (8ms)
			EditorAssembliesLoaded (0ms)
		ExecutionOrderSort2 (0ms)
		AwakeInstancesAfterBackupRestoration (8ms)
Refreshing native plugins compatible for Editor in 9.24 ms, found 3 plugins.
Preloading 0 native plugins for Editor in 0.00 ms.
Unloading 5275 Unused Serialized files (Serialized files now loaded: 0)
Unloading 24 unused Assets / (0.7 MB). Loaded Objects now: 6145.
Memory consumption went from 193.5 MB to 192.8 MB.
Total: 3.891300 ms (FindLiveObjects: 0.396300 ms CreateObjectMapping: 0.147800 ms MarkObjects: 2.916400 ms  DeleteObjects: 0.430000 ms)

Prepare: number of updated asset objects reloaded= 0
AssetImportParameters requested are different than current active one (requested -> active):
  custom:scripting/monoscript/fileName/PlayerControllerScript.cs: 611bee229e14d5c3cba5401576a48eca -> ac72a1ef68dfff9f45e5d291debc57b5
  custom:container-demuxer-ogg: 62fdf1f143b41e24485cea50d1cbac27 -> 
  custom:scripting/monoscript/fileName/Menu.cs: 0e1575f508e60d6d9d2287980b1e9d59 -> 6a6b6f10406332b78ded19ddc96541c7
  custom:video-codec-MediaFoundation-h265: 746d11721c4dcdbdad8f713fa42b33f4 -> 
  custom:video-decoder-ogg-theora: a1e56fd34408186e4bbccfd4996cb3dc -> 
  custom:scripting/monoscript/fileName/gameQuit.cs: 381d941fd2788eebf77d8cb6f70ef3c2 -> 7382bf7b61ded40b83716f0378898bfe
  custom:framework-win-MediaFoundation: 216162199b28c13a410421893ffa2e32 -> 
  custom:scripting/monoscript/fileName/nextscene.cs: 71d4e97111f2ccfb6469eaa5c15852fd -> 7f36a7078f337f359827de0bfa973d17
  custom:scripting/monoscript/fileName/MoveCamera.cs: 0ba2c6a4ff0b26c3b5d913ad712bdbcf -> 4cac7d10977ef19e1f3dcb198cffecc9
  custom:scripting/monoscript/fileName/GrapplingGun.cs: c6f63c2bc0100b9f6daba303de7e6391 -> 77176f16d51127b7327ebe60da444b1b
  custom:CustomObjectIndexerAttribute: 72b91833f83ae208fae7752999fa3104 -> 
  custom:container-demuxer-webm: 4f35f7cbe854078d1ac9338744f61a02 -> 
  custom:container-muxer-webm: aa71ff27fc2769a1b78a27578f13a17b -> 
  custom:video-decoder-webm-vp8: 9c59270c3fd7afecdb556c50c9e8de78 -> 
  custom:SearchIndexIgnoredProperties: e643bd26f0fe6173181afceb89e7c659 -> 
  custom:AudioImporter_EditorPlatform: d09bf68614088b80899f8185d706f6e7 -> 
  custom:scripting/monoscript/fileName/NewSceneTemplatePipeline.cs: b6f58a58324aadcdeb2ef714546683e7 -> 
  custom:scripting/monoscript/fileName/CursorState.cs: d9334e78ca93c8a76e4ffabba9acbc96 -> 18edcf0e60018a5a6aafd91b55f4838d
  custom:video-encoder-webm-vp8: eb34c28f22e8b96e1ab97ce403110664 -> 
  custom:audio-decoder-ogg-vorbis: bf7c407c2cedff20999df2af8eb42d56 -> 
  custom:scripting/monoscript/fileName/SoundPlayer.cs: 475d88b9df1544d8382efdce1bccce36 -> de8f3d4c96b446794089a8747c7618fc
  custom:scripting/monoscript/fileName/RotateGun.cs: 990b299e558ef4062b64873ad76f8048 -> eb2e4494e6808171dca4a2e27cab19b6
  custom:audio-encoder-webm-vorbis: bf7c407c2cedff20999df2af8eb42d56 -> 
  custom:scripting/monoscript/fileName/GameRespawn.cs: 4e16be644a2a6965abf6e4d660a3f3d9 -> de38c5bfa9c430c63979501321be442e
  custom:scripting/monoscript/fileName/Outline.cs: 09c84349353572281e22293c31aa1a93 -> 5cc4e1f72e41e12efce0db8381204c45
  custom:scripting/precompiled-assembly-types:Assembly-CSharp: 169f1983b77ad0e9e4946b499d34a09a -> 9983f0a47bdcc277d42b44322341aebe
========================================================================
Received Prepare
Caller must complete domain reload
Begin MonoManager ReloadAssembly
- Loaded All Assemblies, in  0.509 seconds
Native extension for WindowsStandalone target not found
Mono: successfully reloaded assembly
- Finished resetting the current domain, in  1.852 seconds
Domain Reload Profiling: 2357ms
	BeginReloadAssembly (159ms)
		ExecutionOrderSort (0ms)
		DisableScriptedObjects (3ms)
		BackupInstance (0ms)
		ReleaseScriptingObjects (0ms)
		CreateAndSetChildDomain (31ms)
	RebuildCommonClasses (29ms)
	RebuildNativeTypeToScriptingClass (8ms)
	initialDomainReloadingComplete (31ms)
	LoadAllAssembliesAndSetupDomain (277ms)
		LoadAssemblies (347ms)
		RebuildTransferFunctionScriptingTraits (0ms)
		AnalyzeDomain (22ms)
			TypeCache.Refresh (7ms)
				TypeCache.ScanAssembly (0ms)
			ScanForSourceGeneratedMonoScriptInfo (0ms)
			ResolveRequiredComponents (13ms)
	FinalizeReload (1853ms)
		ReleaseScriptCaches (0ms)
		RebuildScriptCaches (0ms)
		SetupLoadedEditorAssemblies (478ms)
			LogAssemblyErrors (0ms)
			InitializePlatformSupportModulesInManaged (7ms)
			SetLoadedEditorAssemblies (6ms)
			RefreshPlugins (0ms)
			BeforeProcessingInitializeOnLoad (96ms)
			ProcessInitializeOnLoadAttributes (292ms)
			ProcessInitializeOnLoadMethodAttributes (68ms)
			AfterProcessingInitializeOnLoad (10ms)
			EditorAssembliesLoaded (0ms)
		ExecutionOrderSort2 (0ms)
		AwakeInstancesAfterBackupRestoration (7ms)
Refreshing native plugins compatible for Editor in 8.48 ms, found 3 plugins.
Preloading 0 native plugins for Editor in 0.00 ms.
Unloading 5275 Unused Serialized files (Serialized files now loaded: 0)
Unloading 24 unused Assets / (0.7 MB). Loaded Objects now: 6148.
Memory consumption went from 193.5 MB to 192.8 MB.
Total: 3.582200 ms (FindLiveObjects: 0.368800 ms CreateObjectMapping: 0.254000 ms MarkObjects: 2.445500 ms  DeleteObjects: 0.513300 ms)

Prepare: number of updated asset objects reloaded= 0
AssetImportParameters requested are different than current active one (requested -> active):
  custom:scripting/monoscript/fileName/PlayerControllerScript.cs: 611bee229e14d5c3cba5401576a48eca -> ac72a1ef68dfff9f45e5d291debc57b5
  custom:container-demuxer-ogg: 62fdf1f143b41e24485cea50d1cbac27 -> 
  custom:scripting/monoscript/fileName/Menu.cs: 0e1575f508e60d6d9d2287980b1e9d59 -> 6a6b6f10406332b78ded19ddc96541c7
  custom:video-codec-MediaFoundation-h265: 746d11721c4dcdbdad8f713fa42b33f4 -> 
  custom:video-decoder-ogg-theora: a1e56fd34408186e4bbccfd4996cb3dc -> 
  custom:scripting/monoscript/fileName/gameQuit.cs: 381d941fd2788eebf77d8cb6f70ef3c2 -> 7382bf7b61ded40b83716f0378898bfe
  custom:framework-win-MediaFoundation: 216162199b28c13a410421893ffa2e32 -> 
  custom:scripting/monoscript/fileName/nextscene.cs: 71d4e97111f2ccfb6469eaa5c15852fd -> 7f36a7078f337f359827de0bfa973d17
  custom:scripting/monoscript/fileName/MoveCamera.cs: 0ba2c6a4ff0b26c3b5d913ad712bdbcf -> 4cac7d10977ef19e1f3dcb198cffecc9
  custom:scripting/monoscript/fileName/GrapplingGun.cs: c6f63c2bc0100b9f6daba303de7e6391 -> 77176f16d51127b7327ebe60da444b1b
  custom:CustomObjectIndexerAttribute: 72b91833f83ae208fae7752999fa3104 -> 
  custom:container-demuxer-webm: 4f35f7cbe854078d1ac9338744f61a02 -> 
  custom:container-muxer-webm: aa71ff27fc2769a1b78a27578f13a17b -> 
  custom:video-decoder-webm-vp8: 9c59270c3fd7afecdb556c50c9e8de78 -> 
  custom:SearchIndexIgnoredProperties: e643bd26f0fe6173181afceb89e7c659 -> 
  custom:AudioImporter_EditorPlatform: d09bf68614088b80899f8185d706f6e7 -> 
  custom:scripting/monoscript/fileName/NewSceneTemplatePipeline.cs: b6f58a58324aadcdeb2ef714546683e7 -> 
  custom:scripting/monoscript/fileName/CursorState.cs: d9334e78ca93c8a76e4ffabba9acbc96 -> 18edcf0e60018a5a6aafd91b55f4838d
  custom:video-encoder-webm-vp8: eb34c28f22e8b96e1ab97ce403110664 -> 
  custom:audio-decoder-ogg-vorbis: bf7c407c2cedff20999df2af8eb42d56 -> 
  custom:scripting/monoscript/fileName/SoundPlayer.cs: 475d88b9df1544d8382efdce1bccce36 -> de8f3d4c96b446794089a8747c7618fc
  custom:scripting/monoscript/fileName/RotateGun.cs: 990b299e558ef4062b64873ad76f8048 -> eb2e4494e6808171dca4a2e27cab19b6
  custom:audio-encoder-webm-vorbis: bf7c407c2cedff20999df2af8eb42d56 -> 
  custom:scripting/monoscript/fileName/GameRespawn.cs: 4e16be644a2a6965abf6e4d660a3f3d9 -> de38c5bfa9c430c63979501321be442e
  custom:scripting/monoscript/fileName/Outline.cs: 09c84349353572281e22293c31aa1a93 -> 5cc4e1f72e41e12efce0db8381204c45
  custom:scripting/precompiled-assembly-types:Assembly-CSharp: 169f1983b77ad0e9e4946b499d34a09a -> 9983f0a47bdcc277d42b44322341aebe
