Using pre-set license
Built from '2022.3/staging' branch; Version is '2022.3.51f1 (9f9d16c45e54) revision 10460438'; Using compiler version '192829333'; Build Type 'Release'
OS: 'Windows 11  (10.0.26100) 64bit Core' Language: 'en' Physical Memory: 16311 MB
BatchMode: 1, IsHumanControllingUs: 0, StartBugReporterOnCrash: 0, Is64bit: 1, IsPro: 1

COMMAND LINE ARGUMENTS:
C:\Program Files\Unity\Hub\Editor\2022.3.51f1\Editor\Unity.exe
-adb2
-batchMode
-noUpm
-name
AssetImportWorker6
-projectPath
C:/Users/Sham3/OneDrive/Documents/GitHub/motionhanging2/mh2 new movement
-logFile
Logs/AssetImportWorker6.log
-srvPort
58761
Successfully changed project path to: C:/Users/Sham3/OneDrive/Documents/GitHub/motionhanging2/mh2 new movement
C:/Users/Sham3/OneDrive/Documents/GitHub/motionhanging2/mh2 new movement
[UnityMemory] Configuration Parameters - Can be set up in boot.config
    "memorysetup-bucket-allocator-granularity=16"
    "memorysetup-bucket-allocator-bucket-count=8"
    "memorysetup-bucket-allocator-block-size=33554432"
    "memorysetup-bucket-allocator-block-count=8"
    "memorysetup-main-allocator-block-size=16777216"
    "memorysetup-thread-allocator-block-size=16777216"
    "memorysetup-gfx-main-allocator-block-size=16777216"
    "memorysetup-gfx-thread-allocator-block-size=16777216"
    "memorysetup-cache-allocator-block-size=4194304"
    "memorysetup-typetree-allocator-block-size=2097152"
    "memorysetup-profiler-bucket-allocator-granularity=16"
    "memorysetup-profiler-bucket-allocator-bucket-count=8"
    "memorysetup-profiler-bucket-allocator-block-size=33554432"
    "memorysetup-profiler-bucket-allocator-block-count=8"
    "memorysetup-profiler-allocator-block-size=16777216"
    "memorysetup-profiler-editor-allocator-block-size=1048576"
    "memorysetup-temp-allocator-size-main=16777216"
    "memorysetup-job-temp-allocator-block-size=2097152"
    "memorysetup-job-temp-allocator-block-size-background=1048576"
    "memorysetup-job-temp-allocator-reduction-small-platforms=262144"
    "memorysetup-allocator-temp-initial-block-size-main=262144"
    "memorysetup-allocator-temp-initial-block-size-worker=262144"
    "memorysetup-temp-allocator-size-background-worker=32768"
    "memorysetup-temp-allocator-size-job-worker=262144"
    "memorysetup-temp-allocator-size-preload-manager=33554432"
    "memorysetup-temp-allocator-size-nav-mesh-worker=65536"
    "memorysetup-temp-allocator-size-audio-worker=65536"
    "memorysetup-temp-allocator-size-cloud-worker=32768"
    "memorysetup-temp-allocator-size-gi-baking-worker=262144"
    "memorysetup-temp-allocator-size-gfx=262144"
Player connection [39144]  Target information:

Player connection [39144]  * "[IP] 192.168.0.20 [Port] 0 [Flags] 2 [Guid] 3289560259 [EditorId] 3289560259 [Version] 1048832 [Id] WindowsEditor(7,Sams-pc) [Debug] 1 [PackageName] WindowsEditor [ProjectName] Editor" 

Player connection [39144] Host joined multi-casting on [225.0.0.222:54997]...
Player connection [39144] Host joined alternative multi-casting on [225.0.0.222:34997]...
[PhysX] Initialized MultithreadedTaskDispatcher with 12 workers.
Refreshing native plugins compatible for Editor in 18.94 ms, found 3 plugins.
Preloading 0 native plugins for Editor in 0.00 ms.
Initialize engine version: 2022.3.51f1 (9f9d16c45e54)
[Subsystems] Discovering subsystems at path C:/Program Files/Unity/Hub/Editor/2022.3.51f1/Editor/Data/Resources/UnitySubsystems
[Subsystems] Discovering subsystems at path C:/Users/Sham3/OneDrive/Documents/GitHub/motionhanging2/mh2 new movement/Assets
GfxDevice: creating device client; threaded=0; jobified=0
Direct3D:
    Version:  Direct3D 11.0 [level 11.1]
    Renderer: AMD Radeon RX 6600 (ID=0x73ff)
    Vendor:   ATI
    VRAM:     8120 MB
    Driver:   32.0.12033.1030
Initialize mono
Mono path[0] = 'C:/Program Files/Unity/Hub/Editor/2022.3.51f1/Editor/Data/Managed'
Mono path[1] = 'C:/Program Files/Unity/Hub/Editor/2022.3.51f1/Editor/Data/MonoBleedingEdge/lib/mono/unityjit-win32'
Mono config path = 'C:/Program Files/Unity/Hub/Editor/2022.3.51f1/Editor/Data/MonoBleedingEdge/etc'
Using monoOptions --debugger-agent=transport=dt_socket,embedding=1,server=y,suspend=n,address=127.0.0.1:56256
Begin MonoManager ReloadAssembly
Registering precompiled unity dll's ...
Register platform support module: C:/Program Files/Unity/Hub/Editor/2022.3.51f1/Editor/Data/PlaybackEngines/WindowsStandaloneSupport/UnityEditor.WindowsStandalone.Extensions.dll
Registered in 0.008044 seconds.
- Loaded All Assemblies, in  0.319 seconds
Native extension for WindowsStandalone target not found
Mono: successfully reloaded assembly
- Finished resetting the current domain, in  0.225 seconds
Domain Reload Profiling: 542ms
	BeginReloadAssembly (110ms)
		ExecutionOrderSort (0ms)
		DisableScriptedObjects (0ms)
		BackupInstance (0ms)
		ReleaseScriptingObjects (0ms)
		CreateAndSetChildDomain (1ms)
	RebuildCommonClasses (29ms)
	RebuildNativeTypeToScriptingClass (8ms)
	initialDomainReloadingComplete (55ms)
	LoadAllAssembliesAndSetupDomain (114ms)
		LoadAssemblies (109ms)
		RebuildTransferFunctionScriptingTraits (0ms)
		AnalyzeDomain (112ms)
			TypeCache.Refresh (111ms)
				TypeCache.ScanAssembly (99ms)
			ScanForSourceGeneratedMonoScriptInfo (0ms)
			ResolveRequiredComponents (1ms)
	FinalizeReload (226ms)
		ReleaseScriptCaches (0ms)
		RebuildScriptCaches (0ms)
		SetupLoadedEditorAssemblies (188ms)
			LogAssemblyErrors (0ms)
			InitializePlatformSupportModulesInManaged (9ms)
			SetLoadedEditorAssemblies (6ms)
			RefreshPlugins (0ms)
			BeforeProcessingInitializeOnLoad (2ms)
			ProcessInitializeOnLoadAttributes (130ms)
			ProcessInitializeOnLoadMethodAttributes (42ms)
			AfterProcessingInitializeOnLoad (0ms)
			EditorAssembliesLoaded (0ms)
		ExecutionOrderSort2 (0ms)
		AwakeInstancesAfterBackupRestoration (0ms)
========================================================================
Worker process is ready to serve import requests
Caller must complete domain reload
Begin MonoManager ReloadAssembly
- Loaded All Assemblies, in  0.772 seconds
Native extension for WindowsStandalone target not found
Mono: successfully reloaded assembly
- Finished resetting the current domain, in  0.636 seconds
Domain Reload Profiling: 1404ms
	BeginReloadAssembly (144ms)
		ExecutionOrderSort (0ms)
		DisableScriptedObjects (4ms)
		BackupInstance (0ms)
		ReleaseScriptingObjects (0ms)
		CreateAndSetChildDomain (17ms)
	RebuildCommonClasses (27ms)
	RebuildNativeTypeToScriptingClass (8ms)
	initialDomainReloadingComplete (40ms)
	LoadAllAssembliesAndSetupDomain (549ms)
		LoadAssemblies (415ms)
		RebuildTransferFunctionScriptingTraits (0ms)
		AnalyzeDomain (228ms)
			TypeCache.Refresh (196ms)
				TypeCache.ScanAssembly (178ms)
			ScanForSourceGeneratedMonoScriptInfo (21ms)
			ResolveRequiredComponents (10ms)
	FinalizeReload (636ms)
		ReleaseScriptCaches (0ms)
		RebuildScriptCaches (0ms)
		SetupLoadedEditorAssemblies (502ms)
			LogAssemblyErrors (0ms)
			InitializePlatformSupportModulesInManaged (7ms)
			SetLoadedEditorAssemblies (4ms)
			RefreshPlugins (0ms)
			BeforeProcessingInitializeOnLoad (76ms)
			ProcessInitializeOnLoadAttributes (330ms)
			ProcessInitializeOnLoadMethodAttributes (78ms)
			AfterProcessingInitializeOnLoad (8ms)
			EditorAssembliesLoaded (0ms)
		ExecutionOrderSort2 (0ms)
		AwakeInstancesAfterBackupRestoration (6ms)
Launched and connected shader compiler UnityShaderCompiler.exe after 0.08 seconds
Refreshing native plugins compatible for Editor in 9.18 ms, found 3 plugins.
Preloading 0 native plugins for Editor in 0.00 ms.
Unloading 5393 Unused Serialized files (Serialized files now loaded: 0)
Unloading 29 unused Assets / (0.8 MB). Loaded Objects now: 5872.
Memory consumption went from 215.2 MB to 214.4 MB.
Total: 3.763900 ms (FindLiveObjects: 0.510400 ms CreateObjectMapping: 0.307400 ms MarkObjects: 2.650700 ms  DeleteObjects: 0.294600 ms)

AssetImportParameters requested are different than current active one (requested -> active):
  custom:scripting/monoscript/fileName/PlayerControllerScript.cs: 611bee229e14d5c3cba5401576a48eca -> f320e68d7cf9bae2bd97d30ef6b6fc9f
  custom:container-demuxer-ogg: 62fdf1f143b41e24485cea50d1cbac27 -> 
  custom:scripting/monoscript/fileName/Menu.cs: 0e1575f508e60d6d9d2287980b1e9d59 -> 6a6b6f10406332b78ded19ddc96541c7
  custom:video-codec-MediaFoundation-h265: 746d11721c4dcdbdad8f713fa42b33f4 -> 
  custom:video-decoder-ogg-theora: a1e56fd34408186e4bbccfd4996cb3dc -> 
  custom:scripting/monoscript/fileName/gameQuit.cs: 381d941fd2788eebf77d8cb6f70ef3c2 -> 7382bf7b61ded40b83716f0378898bfe
  custom:framework-win-MediaFoundation: 216162199b28c13a410421893ffa2e32 -> 
  custom:scripting/monoscript/fileName/nextscene.cs: 71d4e97111f2ccfb6469eaa5c15852fd -> 7f36a7078f337f359827de0bfa973d17
  custom:scripting/monoscript/fileName/MoveCamera.cs: 0ba2c6a4ff0b26c3b5d913ad712bdbcf -> 4cac7d10977ef19e1f3dcb198cffecc9
  custom:scripting/monoscript/fileName/PlayerController.cs: d93a52a180fbbe603a59e9aa6da73c83 -> 
  custom:scripting/monoscript/fileName/GrapplingGun.cs: c6f63c2bc0100b9f6daba303de7e6391 -> 77176f16d51127b7327ebe60da444b1b
  custom:CustomObjectIndexerAttribute: 72b91833f83ae208fae7752999fa3104 -> 
  custom:container-demuxer-webm: 4f35f7cbe854078d1ac9338744f61a02 -> 
  custom:container-muxer-webm: aa71ff27fc2769a1b78a27578f13a17b -> 
  custom:video-decoder-webm-vp8: 9c59270c3fd7afecdb556c50c9e8de78 -> 
  custom:SearchIndexIgnoredProperties: e643bd26f0fe6173181afceb89e7c659 -> 
  custom:AudioImporter_EditorPlatform: d09bf68614088b80899f8185d706f6e7 -> 
  custom:scripting/monoscript/fileName/NewSceneTemplatePipeline.cs: b6f58a58324aadcdeb2ef714546683e7 -> 
  custom:scripting/monoscript/fileName/CursorState.cs: d9334e78ca93c8a76e4ffabba9acbc96 -> 18edcf0e60018a5a6aafd91b55f4838d
  custom:video-encoder-webm-vp8: eb34c28f22e8b96e1ab97ce403110664 -> 
  custom:audio-decoder-ogg-vorbis: bf7c407c2cedff20999df2af8eb42d56 -> 
  custom:scripting/monoscript/fileName/SoundPlayer.cs: 475d88b9df1544d8382efdce1bccce36 -> de8f3d4c96b446794089a8747c7618fc
  custom:scripting/monoscript/fileName/RotateGun.cs: 990b299e558ef4062b64873ad76f8048 -> eb2e4494e6808171dca4a2e27cab19b6
  custom:audio-encoder-webm-vorbis: bf7c407c2cedff20999df2af8eb42d56 -> 
  custom:scripting/monoscript/fileName/GameRespawn.cs: 4e16be644a2a6965abf6e4d660a3f3d9 -> de38c5bfa9c430c63979501321be442e
  custom:scripting/monoscript/fileName/Outline.cs: 09c84349353572281e22293c31aa1a93 -> 5cc4e1f72e41e12efce0db8381204c45
========================================================================
Received Prepare
Caller must complete domain reload
Begin MonoManager ReloadAssembly
- Loaded All Assemblies, in  0.576 seconds
Native extension for WindowsStandalone target not found
Mono: successfully reloaded assembly
- Finished resetting the current domain, in  1.990 seconds
Domain Reload Profiling: 2562ms
	BeginReloadAssembly (190ms)
		ExecutionOrderSort (0ms)
		DisableScriptedObjects (3ms)
		BackupInstance (0ms)
		ReleaseScriptingObjects (0ms)
		CreateAndSetChildDomain (34ms)
	RebuildCommonClasses (31ms)
	RebuildNativeTypeToScriptingClass (10ms)
	initialDomainReloadingComplete (35ms)
	LoadAllAssembliesAndSetupDomain (306ms)
		LoadAssemblies (401ms)
		RebuildTransferFunctionScriptingTraits (0ms)
		AnalyzeDomain (21ms)
			TypeCache.Refresh (7ms)
				TypeCache.ScanAssembly (0ms)
			ScanForSourceGeneratedMonoScriptInfo (0ms)
			ResolveRequiredComponents (12ms)
	FinalizeReload (1990ms)
		ReleaseScriptCaches (0ms)
		RebuildScriptCaches (0ms)
		SetupLoadedEditorAssemblies (542ms)
			LogAssemblyErrors (0ms)
			InitializePlatformSupportModulesInManaged (9ms)
			SetLoadedEditorAssemblies (4ms)
			RefreshPlugins (0ms)
			BeforeProcessingInitializeOnLoad (95ms)
			ProcessInitializeOnLoadAttributes (349ms)
			ProcessInitializeOnLoadMethodAttributes (75ms)
			AfterProcessingInitializeOnLoad (9ms)
			EditorAssembliesLoaded (0ms)
		ExecutionOrderSort2 (0ms)
		AwakeInstancesAfterBackupRestoration (8ms)
Refreshing native plugins compatible for Editor in 11.37 ms, found 3 plugins.
Preloading 0 native plugins for Editor in 0.00 ms.
Unloading 5275 Unused Serialized files (Serialized files now loaded: 0)
Unloading 24 unused Assets / (0.7 MB). Loaded Objects now: 5875.
Memory consumption went from 188.7 MB to 187.9 MB.
Total: 3.333000 ms (FindLiveObjects: 0.392800 ms CreateObjectMapping: 0.241400 ms MarkObjects: 2.324600 ms  DeleteObjects: 0.373500 ms)

Prepare: number of updated asset objects reloaded= 0
AssetImportParameters requested are different than current active one (requested -> active):
  custom:scripting/monoscript/fileName/PlayerControllerScript.cs: 611bee229e14d5c3cba5401576a48eca -> f320e68d7cf9bae2bd97d30ef6b6fc9f
  custom:container-demuxer-ogg: 62fdf1f143b41e24485cea50d1cbac27 -> 
  custom:scripting/monoscript/fileName/Menu.cs: 0e1575f508e60d6d9d2287980b1e9d59 -> 6a6b6f10406332b78ded19ddc96541c7
  custom:video-codec-MediaFoundation-h265: 746d11721c4dcdbdad8f713fa42b33f4 -> 
  custom:video-decoder-ogg-theora: a1e56fd34408186e4bbccfd4996cb3dc -> 
  custom:scripting/monoscript/fileName/gameQuit.cs: 381d941fd2788eebf77d8cb6f70ef3c2 -> 7382bf7b61ded40b83716f0378898bfe
  custom:framework-win-MediaFoundation: 216162199b28c13a410421893ffa2e32 -> 
  custom:scripting/monoscript/fileName/nextscene.cs: 71d4e97111f2ccfb6469eaa5c15852fd -> 7f36a7078f337f359827de0bfa973d17
  custom:scripting/monoscript/fileName/MoveCamera.cs: 0ba2c6a4ff0b26c3b5d913ad712bdbcf -> 4cac7d10977ef19e1f3dcb198cffecc9
  custom:scripting/monoscript/fileName/PlayerController.cs: d93a52a180fbbe603a59e9aa6da73c83 -> 
  custom:scripting/monoscript/fileName/GrapplingGun.cs: c6f63c2bc0100b9f6daba303de7e6391 -> 77176f16d51127b7327ebe60da444b1b
  custom:CustomObjectIndexerAttribute: 72b91833f83ae208fae7752999fa3104 -> 
  custom:container-demuxer-webm: 4f35f7cbe854078d1ac9338744f61a02 -> 
  custom:container-muxer-webm: aa71ff27fc2769a1b78a27578f13a17b -> 
  custom:video-decoder-webm-vp8: 9c59270c3fd7afecdb556c50c9e8de78 -> 
  custom:SearchIndexIgnoredProperties: e643bd26f0fe6173181afceb89e7c659 -> 
  custom:AudioImporter_EditorPlatform: d09bf68614088b80899f8185d706f6e7 -> 
  custom:scripting/monoscript/fileName/NewSceneTemplatePipeline.cs: b6f58a58324aadcdeb2ef714546683e7 -> 
  custom:scripting/monoscript/fileName/CursorState.cs: d9334e78ca93c8a76e4ffabba9acbc96 -> 18edcf0e60018a5a6aafd91b55f4838d
  custom:video-encoder-webm-vp8: eb34c28f22e8b96e1ab97ce403110664 -> 
  custom:audio-decoder-ogg-vorbis: bf7c407c2cedff20999df2af8eb42d56 -> 
  custom:scripting/monoscript/fileName/SoundPlayer.cs: 475d88b9df1544d8382efdce1bccce36 -> de8f3d4c96b446794089a8747c7618fc
  custom:scripting/monoscript/fileName/RotateGun.cs: 990b299e558ef4062b64873ad76f8048 -> eb2e4494e6808171dca4a2e27cab19b6
  custom:audio-encoder-webm-vorbis: bf7c407c2cedff20999df2af8eb42d56 -> 
  custom:scripting/monoscript/fileName/GameRespawn.cs: 4e16be644a2a6965abf6e4d660a3f3d9 -> de38c5bfa9c430c63979501321be442e
  custom:scripting/monoscript/fileName/Outline.cs: 09c84349353572281e22293c31aa1a93 -> 5cc4e1f72e41e12efce0db8381204c45
========================================================================
Received Prepare
Caller must complete domain reload
Begin MonoManager ReloadAssembly
- Loaded All Assemblies, in  0.584 seconds
Native extension for WindowsStandalone target not found
Mono: successfully reloaded assembly
- Finished resetting the current domain, in  1.663 seconds
Domain Reload Profiling: 2243ms
	BeginReloadAssembly (152ms)
		ExecutionOrderSort (0ms)
		DisableScriptedObjects (3ms)
		BackupInstance (0ms)
		ReleaseScriptingObjects (0ms)
		CreateAndSetChildDomain (28ms)
	RebuildCommonClasses (40ms)
	RebuildNativeTypeToScriptingClass (16ms)
	initialDomainReloadingComplete (41ms)
	LoadAllAssembliesAndSetupDomain (331ms)
		LoadAssemblies (374ms)
		RebuildTransferFunctionScriptingTraits (0ms)
		AnalyzeDomain (44ms)
			TypeCache.Refresh (9ms)
				TypeCache.ScanAssembly (0ms)
			ScanForSourceGeneratedMonoScriptInfo (20ms)
			ResolveRequiredComponents (14ms)
	FinalizeReload (1663ms)
		ReleaseScriptCaches (0ms)
		RebuildScriptCaches (0ms)
		SetupLoadedEditorAssemblies (404ms)
			LogAssemblyErrors (0ms)
			InitializePlatformSupportModulesInManaged (5ms)
			SetLoadedEditorAssemblies (4ms)
			RefreshPlugins (0ms)
			BeforeProcessingInitializeOnLoad (75ms)
			ProcessInitializeOnLoadAttributes (250ms)
			ProcessInitializeOnLoadMethodAttributes (60ms)
			AfterProcessingInitializeOnLoad (9ms)
			EditorAssembliesLoaded (0ms)
		ExecutionOrderSort2 (0ms)
		AwakeInstancesAfterBackupRestoration (7ms)
Refreshing native plugins compatible for Editor in 9.73 ms, found 3 plugins.
Preloading 0 native plugins for Editor in 0.00 ms.
Unloading 5275 Unused Serialized files (Serialized files now loaded: 0)
Unloading 24 unused Assets / (0.8 MB). Loaded Objects now: 5878.
Memory consumption went from 188.7 MB to 187.9 MB.
Total: 3.326500 ms (FindLiveObjects: 0.416100 ms CreateObjectMapping: 0.349300 ms MarkObjects: 2.254000 ms  DeleteObjects: 0.306400 ms)

Prepare: number of updated asset objects reloaded= 0
AssetImportParameters requested are different than current active one (requested -> active):
  custom:scripting/monoscript/fileName/PlayerControllerScript.cs: 611bee229e14d5c3cba5401576a48eca -> f320e68d7cf9bae2bd97d30ef6b6fc9f
  custom:container-demuxer-ogg: 62fdf1f143b41e24485cea50d1cbac27 -> 
  custom:scripting/monoscript/fileName/Menu.cs: 0e1575f508e60d6d9d2287980b1e9d59 -> 6a6b6f10406332b78ded19ddc96541c7
  custom:video-codec-MediaFoundation-h265: 746d11721c4dcdbdad8f713fa42b33f4 -> 
  custom:video-decoder-ogg-theora: a1e56fd34408186e4bbccfd4996cb3dc -> 
  custom:scripting/monoscript/fileName/gameQuit.cs: 381d941fd2788eebf77d8cb6f70ef3c2 -> 7382bf7b61ded40b83716f0378898bfe
  custom:framework-win-MediaFoundation: 216162199b28c13a410421893ffa2e32 -> 
  custom:scripting/monoscript/fileName/nextscene.cs: 71d4e97111f2ccfb6469eaa5c15852fd -> 7f36a7078f337f359827de0bfa973d17
  custom:scripting/monoscript/fileName/MoveCamera.cs: 0ba2c6a4ff0b26c3b5d913ad712bdbcf -> 4cac7d10977ef19e1f3dcb198cffecc9
  custom:scripting/monoscript/fileName/PlayerController.cs: d93a52a180fbbe603a59e9aa6da73c83 -> 
  custom:scripting/monoscript/fileName/GrapplingGun.cs: c6f63c2bc0100b9f6daba303de7e6391 -> 77176f16d51127b7327ebe60da444b1b
  custom:CustomObjectIndexerAttribute: 72b91833f83ae208fae7752999fa3104 -> 
  custom:container-demuxer-webm: 4f35f7cbe854078d1ac9338744f61a02 -> 
  custom:container-muxer-webm: aa71ff27fc2769a1b78a27578f13a17b -> 
  custom:video-decoder-webm-vp8: 9c59270c3fd7afecdb556c50c9e8de78 -> 
  custom:SearchIndexIgnoredProperties: e643bd26f0fe6173181afceb89e7c659 -> 
  custom:AudioImporter_EditorPlatform: d09bf68614088b80899f8185d706f6e7 -> 
  custom:scripting/monoscript/fileName/NewSceneTemplatePipeline.cs: b6f58a58324aadcdeb2ef714546683e7 -> 
  custom:scripting/monoscript/fileName/CursorState.cs: d9334e78ca93c8a76e4ffabba9acbc96 -> 18edcf0e60018a5a6aafd91b55f4838d
  custom:video-encoder-webm-vp8: eb34c28f22e8b96e1ab97ce403110664 -> 
  custom:audio-decoder-ogg-vorbis: bf7c407c2cedff20999df2af8eb42d56 -> 
  custom:scripting/monoscript/fileName/SoundPlayer.cs: 475d88b9df1544d8382efdce1bccce36 -> de8f3d4c96b446794089a8747c7618fc
  custom:scripting/monoscript/fileName/RotateGun.cs: 990b299e558ef4062b64873ad76f8048 -> eb2e4494e6808171dca4a2e27cab19b6
  custom:audio-encoder-webm-vorbis: bf7c407c2cedff20999df2af8eb42d56 -> 
  custom:scripting/monoscript/fileName/GameRespawn.cs: 4e16be644a2a6965abf6e4d660a3f3d9 -> de38c5bfa9c430c63979501321be442e
  custom:scripting/monoscript/fileName/Outline.cs: 09c84349353572281e22293c31aa1a93 -> 5cc4e1f72e41e12efce0db8381204c45
  custom:scripting/precompiled-assembly-types:Assembly-CSharp: 83acc3865680cbb5ffc18739c17f64c4 -> 9e68c45226702739bda24919f6288cd1
========================================================================
Received Prepare
Caller must complete domain reload
Begin MonoManager ReloadAssembly
- Loaded All Assemblies, in  0.518 seconds
Native extension for WindowsStandalone target not found
Mono: successfully reloaded assembly
- Finished resetting the current domain, in  1.883 seconds
Domain Reload Profiling: 2397ms
	BeginReloadAssembly (166ms)
		ExecutionOrderSort (0ms)
		DisableScriptedObjects (4ms)
		BackupInstance (0ms)
		ReleaseScriptingObjects (0ms)
		CreateAndSetChildDomain (34ms)
	RebuildCommonClasses (34ms)
	RebuildNativeTypeToScriptingClass (8ms)
	initialDomainReloadingComplete (31ms)
	LoadAllAssembliesAndSetupDomain (274ms)
		LoadAssemblies (351ms)
		RebuildTransferFunctionScriptingTraits (0ms)
		AnalyzeDomain (18ms)
			TypeCache.Refresh (5ms)
				TypeCache.ScanAssembly (0ms)
			ScanForSourceGeneratedMonoScriptInfo (0ms)
			ResolveRequiredComponents (11ms)
	FinalizeReload (1883ms)
		ReleaseScriptCaches (0ms)
		RebuildScriptCaches (0ms)
		SetupLoadedEditorAssemblies (534ms)
			LogAssemblyErrors (0ms)
			InitializePlatformSupportModulesInManaged (6ms)
			SetLoadedEditorAssemblies (4ms)
			RefreshPlugins (0ms)
			BeforeProcessingInitializeOnLoad (95ms)
			ProcessInitializeOnLoadAttributes (339ms)
			ProcessInitializeOnLoadMethodAttributes (80ms)
			AfterProcessingInitializeOnLoad (9ms)
			EditorAssembliesLoaded (0ms)
		ExecutionOrderSort2 (0ms)
		AwakeInstancesAfterBackupRestoration (8ms)
Refreshing native plugins compatible for Editor in 8.95 ms, found 3 plugins.
Preloading 0 native plugins for Editor in 0.00 ms.
Unloading 5275 Unused Serialized files (Serialized files now loaded: 0)
Unloading 24 unused Assets / (0.7 MB). Loaded Objects now: 5881.
Memory consumption went from 188.7 MB to 187.9 MB.
Total: 4.082300 ms (FindLiveObjects: 0.408500 ms CreateObjectMapping: 0.381400 ms MarkObjects: 2.972200 ms  DeleteObjects: 0.319500 ms)

Prepare: number of updated asset objects reloaded= 0
AssetImportParameters requested are different than current active one (requested -> active):
  custom:scripting/monoscript/fileName/PlayerControllerScript.cs: 611bee229e14d5c3cba5401576a48eca -> f320e68d7cf9bae2bd97d30ef6b6fc9f
  custom:container-demuxer-ogg: 62fdf1f143b41e24485cea50d1cbac27 -> 
  custom:scripting/monoscript/fileName/Menu.cs: 0e1575f508e60d6d9d2287980b1e9d59 -> 6a6b6f10406332b78ded19ddc96541c7
  custom:video-codec-MediaFoundation-h265: 746d11721c4dcdbdad8f713fa42b33f4 -> 
  custom:video-decoder-ogg-theora: a1e56fd34408186e4bbccfd4996cb3dc -> 
  custom:scripting/monoscript/fileName/gameQuit.cs: 381d941fd2788eebf77d8cb6f70ef3c2 -> 7382bf7b61ded40b83716f0378898bfe
  custom:framework-win-MediaFoundation: 216162199b28c13a410421893ffa2e32 -> 
  custom:scripting/monoscript/fileName/nextscene.cs: 71d4e97111f2ccfb6469eaa5c15852fd -> 7f36a7078f337f359827de0bfa973d17
  custom:scripting/monoscript/fileName/MoveCamera.cs: 0ba2c6a4ff0b26c3b5d913ad712bdbcf -> 4cac7d10977ef19e1f3dcb198cffecc9
  custom:scripting/monoscript/fileName/PlayerController.cs: d93a52a180fbbe603a59e9aa6da73c83 -> 
  custom:scripting/monoscript/fileName/GrapplingGun.cs: c6f63c2bc0100b9f6daba303de7e6391 -> 77176f16d51127b7327ebe60da444b1b
  custom:CustomObjectIndexerAttribute: 72b91833f83ae208fae7752999fa3104 -> 
  custom:container-demuxer-webm: 4f35f7cbe854078d1ac9338744f61a02 -> 
  custom:container-muxer-webm: aa71ff27fc2769a1b78a27578f13a17b -> 
  custom:video-decoder-webm-vp8: 9c59270c3fd7afecdb556c50c9e8de78 -> 
  custom:SearchIndexIgnoredProperties: e643bd26f0fe6173181afceb89e7c659 -> 
  custom:AudioImporter_EditorPlatform: d09bf68614088b80899f8185d706f6e7 -> 
  custom:scripting/monoscript/fileName/NewSceneTemplatePipeline.cs: b6f58a58324aadcdeb2ef714546683e7 -> 
  custom:scripting/monoscript/fileName/CursorState.cs: d9334e78ca93c8a76e4ffabba9acbc96 -> 18edcf0e60018a5a6aafd91b55f4838d
  custom:video-encoder-webm-vp8: eb34c28f22e8b96e1ab97ce403110664 -> 
  custom:audio-decoder-ogg-vorbis: bf7c407c2cedff20999df2af8eb42d56 -> 
  custom:scripting/monoscript/fileName/SoundPlayer.cs: 475d88b9df1544d8382efdce1bccce36 -> de8f3d4c96b446794089a8747c7618fc
  custom:scripting/monoscript/fileName/RotateGun.cs: 990b299e558ef4062b64873ad76f8048 -> eb2e4494e6808171dca4a2e27cab19b6
  custom:audio-encoder-webm-vorbis: bf7c407c2cedff20999df2af8eb42d56 -> 
  custom:scripting/monoscript/fileName/GameRespawn.cs: 4e16be644a2a6965abf6e4d660a3f3d9 -> de38c5bfa9c430c63979501321be442e
  custom:scripting/monoscript/fileName/Outline.cs: 09c84349353572281e22293c31aa1a93 -> 5cc4e1f72e41e12efce0db8381204c45
  custom:scripting/precompiled-assembly-types:Assembly-CSharp: 83acc3865680cbb5ffc18739c17f64c4 -> 9e68c45226702739bda24919f6288cd1
========================================================================
Received Prepare
Caller must complete domain reload
Begin MonoManager ReloadAssembly
- Loaded All Assemblies, in  0.492 seconds
Native extension for WindowsStandalone target not found
Mono: successfully reloaded assembly
- Finished resetting the current domain, in  1.829 seconds
Domain Reload Profiling: 2318ms
	BeginReloadAssembly (154ms)
		ExecutionOrderSort (0ms)
		DisableScriptedObjects (4ms)
		BackupInstance (0ms)
		ReleaseScriptingObjects (0ms)
		CreateAndSetChildDomain (30ms)
	RebuildCommonClasses (26ms)
	RebuildNativeTypeToScriptingClass (8ms)
	initialDomainReloadingComplete (28ms)
	LoadAllAssembliesAndSetupDomain (272ms)
		LoadAssemblies (343ms)
		RebuildTransferFunctionScriptingTraits (0ms)
		AnalyzeDomain (15ms)
			TypeCache.Refresh (4ms)
				TypeCache.ScanAssembly (0ms)
			ScanForSourceGeneratedMonoScriptInfo (0ms)
			ResolveRequiredComponents (9ms)
	FinalizeReload (1830ms)
		ReleaseScriptCaches (0ms)
		RebuildScriptCaches (0ms)
		SetupLoadedEditorAssemblies (513ms)
			LogAssemblyErrors (0ms)
			InitializePlatformSupportModulesInManaged (9ms)
			SetLoadedEditorAssemblies (5ms)
			RefreshPlugins (0ms)
			BeforeProcessingInitializeOnLoad (100ms)
			ProcessInitializeOnLoadAttributes (317ms)
			ProcessInitializeOnLoadMethodAttributes (72ms)
			AfterProcessingInitializeOnLoad (10ms)
			EditorAssembliesLoaded (0ms)
		ExecutionOrderSort2 (0ms)
		AwakeInstancesAfterBackupRestoration (8ms)
Refreshing native plugins compatible for Editor in 9.69 ms, found 3 plugins.
Preloading 0 native plugins for Editor in 0.00 ms.
Unloading 5275 Unused Serialized files (Serialized files now loaded: 0)
Unloading 24 unused Assets / (0.7 MB). Loaded Objects now: 5884.
Memory consumption went from 188.4 MB to 187.7 MB.
Total: 3.590100 ms (FindLiveObjects: 0.509600 ms CreateObjectMapping: 0.250600 ms MarkObjects: 2.533700 ms  DeleteObjects: 0.295400 ms)

Prepare: number of updated asset objects reloaded= 0
AssetImportParameters requested are different than current active one (requested -> active):
  custom:scripting/monoscript/fileName/PlayerControllerScript.cs: 611bee229e14d5c3cba5401576a48eca -> f320e68d7cf9bae2bd97d30ef6b6fc9f
  custom:container-demuxer-ogg: 62fdf1f143b41e24485cea50d1cbac27 -> 
  custom:scripting/monoscript/fileName/Menu.cs: 0e1575f508e60d6d9d2287980b1e9d59 -> 6a6b6f10406332b78ded19ddc96541c7
  custom:video-codec-MediaFoundation-h265: 746d11721c4dcdbdad8f713fa42b33f4 -> 
  custom:video-decoder-ogg-theora: a1e56fd34408186e4bbccfd4996cb3dc -> 
  custom:scripting/monoscript/fileName/gameQuit.cs: 381d941fd2788eebf77d8cb6f70ef3c2 -> 7382bf7b61ded40b83716f0378898bfe
  custom:framework-win-MediaFoundation: 216162199b28c13a410421893ffa2e32 -> 
  custom:scripting/monoscript/fileName/nextscene.cs: 71d4e97111f2ccfb6469eaa5c15852fd -> 7f36a7078f337f359827de0bfa973d17
  custom:scripting/monoscript/fileName/MoveCamera.cs: 0ba2c6a4ff0b26c3b5d913ad712bdbcf -> 4cac7d10977ef19e1f3dcb198cffecc9
  custom:scripting/monoscript/fileName/PlayerController.cs: d93a52a180fbbe603a59e9aa6da73c83 -> 
  custom:scripting/monoscript/fileName/GrapplingGun.cs: c6f63c2bc0100b9f6daba303de7e6391 -> 77176f16d51127b7327ebe60da444b1b
  custom:CustomObjectIndexerAttribute: 72b91833f83ae208fae7752999fa3104 -> 
  custom:container-demuxer-webm: 4f35f7cbe854078d1ac9338744f61a02 -> 
  custom:container-muxer-webm: aa71ff27fc2769a1b78a27578f13a17b -> 
  custom:video-decoder-webm-vp8: 9c59270c3fd7afecdb556c50c9e8de78 -> 
  custom:SearchIndexIgnoredProperties: e643bd26f0fe6173181afceb89e7c659 -> 
  custom:AudioImporter_EditorPlatform: d09bf68614088b80899f8185d706f6e7 -> 
  custom:scripting/monoscript/fileName/NewSceneTemplatePipeline.cs: b6f58a58324aadcdeb2ef714546683e7 -> 
  custom:scripting/monoscript/fileName/CursorState.cs: d9334e78ca93c8a76e4ffabba9acbc96 -> 18edcf0e60018a5a6aafd91b55f4838d
  custom:video-encoder-webm-vp8: eb34c28f22e8b96e1ab97ce403110664 -> 
  custom:audio-decoder-ogg-vorbis: bf7c407c2cedff20999df2af8eb42d56 -> 
  custom:scripting/monoscript/fileName/SoundPlayer.cs: 475d88b9df1544d8382efdce1bccce36 -> de8f3d4c96b446794089a8747c7618fc
  custom:scripting/monoscript/fileName/RotateGun.cs: 990b299e558ef4062b64873ad76f8048 -> eb2e4494e6808171dca4a2e27cab19b6
  custom:audio-encoder-webm-vorbis: bf7c407c2cedff20999df2af8eb42d56 -> 
  custom:scripting/monoscript/fileName/GameRespawn.cs: 4e16be644a2a6965abf6e4d660a3f3d9 -> de38c5bfa9c430c63979501321be442e
  custom:scripting/monoscript/fileName/Outline.cs: 09c84349353572281e22293c31aa1a93 -> 5cc4e1f72e41e12efce0db8381204c45
  custom:scripting/precompiled-assembly-types:Assembly-CSharp: 83acc3865680cbb5ffc18739c17f64c4 -> 9e68c45226702739bda24919f6288cd1
========================================================================
Received Prepare
Caller must complete domain reload
Begin MonoManager ReloadAssembly
- Loaded All Assemblies, in  0.552 seconds
Native extension for WindowsStandalone target not found
Mono: successfully reloaded assembly
- Finished resetting the current domain, in  1.658 seconds
Domain Reload Profiling: 2207ms
	BeginReloadAssembly (166ms)
		ExecutionOrderSort (0ms)
		DisableScriptedObjects (4ms)
		BackupInstance (0ms)
		ReleaseScriptingObjects (0ms)
		CreateAndSetChildDomain (33ms)
	RebuildCommonClasses (26ms)
	RebuildNativeTypeToScriptingClass (11ms)
	initialDomainReloadingComplete (32ms)
	LoadAllAssembliesAndSetupDomain (312ms)
		LoadAssemblies (364ms)
		RebuildTransferFunctionScriptingTraits (0ms)
		AnalyzeDomain (36ms)
			TypeCache.Refresh (9ms)
				TypeCache.ScanAssembly (0ms)
			ScanForSourceGeneratedMonoScriptInfo (17ms)
			ResolveRequiredComponents (9ms)
	FinalizeReload (1659ms)
		ReleaseScriptCaches (0ms)
		RebuildScriptCaches (0ms)
		SetupLoadedEditorAssemblies (456ms)
			LogAssemblyErrors (0ms)
			InitializePlatformSupportModulesInManaged (6ms)
			SetLoadedEditorAssemblies (4ms)
			RefreshPlugins (0ms)
			BeforeProcessingInitializeOnLoad (75ms)
			ProcessInitializeOnLoadAttributes (291ms)
			ProcessInitializeOnLoadMethodAttributes (70ms)
			AfterProcessingInitializeOnLoad (10ms)
			EditorAssembliesLoaded (0ms)
		ExecutionOrderSort2 (0ms)
		AwakeInstancesAfterBackupRestoration (7ms)
Refreshing native plugins compatible for Editor in 8.27 ms, found 3 plugins.
Preloading 0 native plugins for Editor in 0.00 ms.
Unloading 5275 Unused Serialized files (Serialized files now loaded: 0)
Unloading 24 unused Assets / (0.8 MB). Loaded Objects now: 5887.
Memory consumption went from 188.5 MB to 187.7 MB.
Total: 4.351300 ms (FindLiveObjects: 0.877200 ms CreateObjectMapping: 0.517600 ms MarkObjects: 2.564400 ms  DeleteObjects: 0.391400 ms)

Prepare: number of updated asset objects reloaded= 0
AssetImportParameters requested are different than current active one (requested -> active):
  custom:scripting/monoscript/fileName/PlayerControllerScript.cs: 611bee229e14d5c3cba5401576a48eca -> f320e68d7cf9bae2bd97d30ef6b6fc9f
  custom:container-demuxer-ogg: 62fdf1f143b41e24485cea50d1cbac27 -> 
  custom:scripting/monoscript/fileName/Menu.cs: 0e1575f508e60d6d9d2287980b1e9d59 -> 6a6b6f10406332b78ded19ddc96541c7
  custom:video-codec-MediaFoundation-h265: 746d11721c4dcdbdad8f713fa42b33f4 -> 
  custom:video-decoder-ogg-theora: a1e56fd34408186e4bbccfd4996cb3dc -> 
  custom:scripting/monoscript/fileName/gameQuit.cs: 381d941fd2788eebf77d8cb6f70ef3c2 -> 7382bf7b61ded40b83716f0378898bfe
  custom:framework-win-MediaFoundation: 216162199b28c13a410421893ffa2e32 -> 
  custom:scripting/monoscript/fileName/nextscene.cs: 71d4e97111f2ccfb6469eaa5c15852fd -> 7f36a7078f337f359827de0bfa973d17
  custom:scripting/monoscript/fileName/MoveCamera.cs: 0ba2c6a4ff0b26c3b5d913ad712bdbcf -> 4cac7d10977ef19e1f3dcb198cffecc9
  custom:scripting/monoscript/fileName/PlayerController.cs: d93a52a180fbbe603a59e9aa6da73c83 -> 
  custom:scripting/monoscript/fileName/GrapplingGun.cs: c6f63c2bc0100b9f6daba303de7e6391 -> 77176f16d51127b7327ebe60da444b1b
  custom:CustomObjectIndexerAttribute: 72b91833f83ae208fae7752999fa3104 -> 
  custom:container-demuxer-webm: 4f35f7cbe854078d1ac9338744f61a02 -> 
  custom:container-muxer-webm: aa71ff27fc2769a1b78a27578f13a17b -> 
  custom:video-decoder-webm-vp8: 9c59270c3fd7afecdb556c50c9e8de78 -> 
  custom:SearchIndexIgnoredProperties: e643bd26f0fe6173181afceb89e7c659 -> 
  custom:AudioImporter_EditorPlatform: d09bf68614088b80899f8185d706f6e7 -> 
  custom:scripting/monoscript/fileName/NewSceneTemplatePipeline.cs: b6f58a58324aadcdeb2ef714546683e7 -> 
  custom:scripting/monoscript/fileName/CursorState.cs: d9334e78ca93c8a76e4ffabba9acbc96 -> 18edcf0e60018a5a6aafd91b55f4838d
  custom:video-encoder-webm-vp8: eb34c28f22e8b96e1ab97ce403110664 -> 
  custom:audio-decoder-ogg-vorbis: bf7c407c2cedff20999df2af8eb42d56 -> 
  custom:scripting/monoscript/fileName/SoundPlayer.cs: 475d88b9df1544d8382efdce1bccce36 -> de8f3d4c96b446794089a8747c7618fc
  custom:scripting/monoscript/fileName/RotateGun.cs: 990b299e558ef4062b64873ad76f8048 -> eb2e4494e6808171dca4a2e27cab19b6
  custom:audio-encoder-webm-vorbis: bf7c407c2cedff20999df2af8eb42d56 -> 
  custom:scripting/monoscript/fileName/GameRespawn.cs: 4e16be644a2a6965abf6e4d660a3f3d9 -> de38c5bfa9c430c63979501321be442e
  custom:scripting/monoscript/fileName/Outline.cs: 09c84349353572281e22293c31aa1a93 -> 5cc4e1f72e41e12efce0db8381204c45
  custom:scripting/precompiled-assembly-types:Assembly-CSharp: 83acc3865680cbb5ffc18739c17f64c4 -> 9e68c45226702739bda24919f6288cd1
========================================================================
Received Prepare
Caller must complete domain reload
Begin MonoManager ReloadAssembly
- Loaded All Assemblies, in  0.544 seconds
Native extension for WindowsStandalone target not found
Mono: successfully reloaded assembly
- Finished resetting the current domain, in  1.891 seconds
Domain Reload Profiling: 2430ms
	BeginReloadAssembly (178ms)
		ExecutionOrderSort (0ms)
		DisableScriptedObjects (4ms)
		BackupInstance (0ms)
		ReleaseScriptingObjects (0ms)
		CreateAndSetChildDomain (37ms)
	RebuildCommonClasses (34ms)
	RebuildNativeTypeToScriptingClass (10ms)
	initialDomainReloadingComplete (36ms)
	LoadAllAssembliesAndSetupDomain (280ms)
		LoadAssemblies (364ms)
		RebuildTransferFunctionScriptingTraits (0ms)
		AnalyzeDomain (18ms)
			TypeCache.Refresh (6ms)
				TypeCache.ScanAssembly (0ms)
			ScanForSourceGeneratedMonoScriptInfo (0ms)
			ResolveRequiredComponents (10ms)
	FinalizeReload (1892ms)
		ReleaseScriptCaches (0ms)
		RebuildScriptCaches (0ms)
		SetupLoadedEditorAssemblies (543ms)
			LogAssemblyErrors (0ms)
			InitializePlatformSupportModulesInManaged (8ms)
			SetLoadedEditorAssemblies (5ms)
			RefreshPlugins (0ms)
			BeforeProcessingInitializeOnLoad (109ms)
			ProcessInitializeOnLoadAttributes (318ms)
			ProcessInitializeOnLoadMethodAttributes (90ms)
			AfterProcessingInitializeOnLoad (13ms)
			EditorAssembliesLoaded (0ms)
		ExecutionOrderSort2 (0ms)
		AwakeInstancesAfterBackupRestoration (10ms)
Refreshing native plugins compatible for Editor in 8.61 ms, found 3 plugins.
Preloading 0 native plugins for Editor in 0.00 ms.
Unloading 5275 Unused Serialized files (Serialized files now loaded: 0)
Unloading 24 unused Assets / (0.7 MB). Loaded Objects now: 5890.
Memory consumption went from 188.5 MB to 187.7 MB.
Total: 3.578400 ms (FindLiveObjects: 0.339400 ms CreateObjectMapping: 0.314300 ms MarkObjects: 2.442100 ms  DeleteObjects: 0.481800 ms)

Prepare: number of updated asset objects reloaded= 0
AssetImportParameters requested are different than current active one (requested -> active):
  custom:scripting/monoscript/fileName/PlayerControllerScript.cs: 611bee229e14d5c3cba5401576a48eca -> f320e68d7cf9bae2bd97d30ef6b6fc9f
  custom:container-demuxer-ogg: 62fdf1f143b41e24485cea50d1cbac27 -> 
  custom:scripting/monoscript/fileName/Menu.cs: 0e1575f508e60d6d9d2287980b1e9d59 -> 6a6b6f10406332b78ded19ddc96541c7
  custom:video-codec-MediaFoundation-h265: 746d11721c4dcdbdad8f713fa42b33f4 -> 
  custom:video-decoder-ogg-theora: a1e56fd34408186e4bbccfd4996cb3dc -> 
  custom:scripting/monoscript/fileName/gameQuit.cs: 381d941fd2788eebf77d8cb6f70ef3c2 -> 7382bf7b61ded40b83716f0378898bfe
  custom:framework-win-MediaFoundation: 216162199b28c13a410421893ffa2e32 -> 
  custom:scripting/monoscript/fileName/nextscene.cs: 71d4e97111f2ccfb6469eaa5c15852fd -> 7f36a7078f337f359827de0bfa973d17
  custom:scripting/monoscript/fileName/MoveCamera.cs: 0ba2c6a4ff0b26c3b5d913ad712bdbcf -> 4cac7d10977ef19e1f3dcb198cffecc9
  custom:scripting/monoscript/fileName/PlayerController.cs: d93a52a180fbbe603a59e9aa6da73c83 -> 
  custom:scripting/monoscript/fileName/GrapplingGun.cs: c6f63c2bc0100b9f6daba303de7e6391 -> 77176f16d51127b7327ebe60da444b1b
  custom:CustomObjectIndexerAttribute: 72b91833f83ae208fae7752999fa3104 -> 
  custom:container-demuxer-webm: 4f35f7cbe854078d1ac9338744f61a02 -> 
  custom:container-muxer-webm: aa71ff27fc2769a1b78a27578f13a17b -> 
  custom:video-decoder-webm-vp8: 9c59270c3fd7afecdb556c50c9e8de78 -> 
  custom:SearchIndexIgnoredProperties: e643bd26f0fe6173181afceb89e7c659 -> 
  custom:AudioImporter_EditorPlatform: d09bf68614088b80899f8185d706f6e7 -> 
  custom:scripting/monoscript/fileName/NewSceneTemplatePipeline.cs: b6f58a58324aadcdeb2ef714546683e7 -> 
  custom:scripting/monoscript/fileName/CursorState.cs: d9334e78ca93c8a76e4ffabba9acbc96 -> 18edcf0e60018a5a6aafd91b55f4838d
  custom:video-encoder-webm-vp8: eb34c28f22e8b96e1ab97ce403110664 -> 
  custom:audio-decoder-ogg-vorbis: bf7c407c2cedff20999df2af8eb42d56 -> 
  custom:scripting/monoscript/fileName/SoundPlayer.cs: 475d88b9df1544d8382efdce1bccce36 -> de8f3d4c96b446794089a8747c7618fc
  custom:scripting/monoscript/fileName/RotateGun.cs: 990b299e558ef4062b64873ad76f8048 -> eb2e4494e6808171dca4a2e27cab19b6
  custom:audio-encoder-webm-vorbis: bf7c407c2cedff20999df2af8eb42d56 -> 
  custom:scripting/monoscript/fileName/GameRespawn.cs: 4e16be644a2a6965abf6e4d660a3f3d9 -> de38c5bfa9c430c63979501321be442e
  custom:scripting/monoscript/fileName/Outline.cs: 09c84349353572281e22293c31aa1a93 -> 5cc4e1f72e41e12efce0db8381204c45
  custom:scripting/precompiled-assembly-types:Assembly-CSharp: 83acc3865680cbb5ffc18739c17f64c4 -> 9e68c45226702739bda24919f6288cd1
========================================================================
Received Prepare
Caller must complete domain reload
Begin MonoManager ReloadAssembly
- Loaded All Assemblies, in  0.573 seconds
Native extension for WindowsStandalone target not found
Mono: successfully reloaded assembly
- Finished resetting the current domain, in  1.805 seconds
Domain Reload Profiling: 2371ms
	BeginReloadAssembly (179ms)
		ExecutionOrderSort (0ms)
		DisableScriptedObjects (5ms)
		BackupInstance (0ms)
		ReleaseScriptingObjects (0ms)
		CreateAndSetChildDomain (32ms)
	RebuildCommonClasses (37ms)
	RebuildNativeTypeToScriptingClass (14ms)
	initialDomainReloadingComplete (39ms)
	LoadAllAssembliesAndSetupDomain (298ms)
		LoadAssemblies (380ms)
		RebuildTransferFunctionScriptingTraits (0ms)
		AnalyzeDomain (22ms)
			TypeCache.Refresh (6ms)
				TypeCache.ScanAssembly (0ms)
			ScanForSourceGeneratedMonoScriptInfo (0ms)
			ResolveRequiredComponents (14ms)
	FinalizeReload (1805ms)
		ReleaseScriptCaches (0ms)
		RebuildScriptCaches (0ms)
		SetupLoadedEditorAssemblies (502ms)
			LogAssemblyErrors (0ms)
			InitializePlatformSupportModulesInManaged (9ms)
			SetLoadedEditorAssemblies (7ms)
			RefreshPlugins (0ms)
			BeforeProcessingInitializeOnLoad (97ms)
			ProcessInitializeOnLoadAttributes (310ms)
			ProcessInitializeOnLoadMethodAttributes (70ms)
			AfterProcessingInitializeOnLoad (8ms)
			EditorAssembliesLoaded (0ms)
		ExecutionOrderSort2 (0ms)
		AwakeInstancesAfterBackupRestoration (8ms)
Refreshing native plugins compatible for Editor in 8.61 ms, found 3 plugins.
Preloading 0 native plugins for Editor in 0.00 ms.
Unloading 5275 Unused Serialized files (Serialized files now loaded: 0)
Unloading 24 unused Assets / (0.7 MB). Loaded Objects now: 5893.
Memory consumption went from 188.5 MB to 187.7 MB.
Total: 4.172000 ms (FindLiveObjects: 0.353300 ms CreateObjectMapping: 0.281800 ms MarkObjects: 3.214400 ms  DeleteObjects: 0.321900 ms)

Prepare: number of updated asset objects reloaded= 0
AssetImportParameters requested are different than current active one (requested -> active):
  custom:scripting/monoscript/fileName/PlayerControllerScript.cs: 611bee229e14d5c3cba5401576a48eca -> f320e68d7cf9bae2bd97d30ef6b6fc9f
  custom:container-demuxer-ogg: 62fdf1f143b41e24485cea50d1cbac27 -> 
  custom:scripting/monoscript/fileName/Menu.cs: 0e1575f508e60d6d9d2287980b1e9d59 -> 6a6b6f10406332b78ded19ddc96541c7
  custom:video-codec-MediaFoundation-h265: 746d11721c4dcdbdad8f713fa42b33f4 -> 
  custom:video-decoder-ogg-theora: a1e56fd34408186e4bbccfd4996cb3dc -> 
  custom:scripting/monoscript/fileName/gameQuit.cs: 381d941fd2788eebf77d8cb6f70ef3c2 -> 7382bf7b61ded40b83716f0378898bfe
  custom:framework-win-MediaFoundation: 216162199b28c13a410421893ffa2e32 -> 
  custom:scripting/monoscript/fileName/nextscene.cs: 71d4e97111f2ccfb6469eaa5c15852fd -> 7f36a7078f337f359827de0bfa973d17
  custom:scripting/monoscript/fileName/MoveCamera.cs: 0ba2c6a4ff0b26c3b5d913ad712bdbcf -> 4cac7d10977ef19e1f3dcb198cffecc9
  custom:scripting/monoscript/fileName/PlayerController.cs: d93a52a180fbbe603a59e9aa6da73c83 -> 
  custom:scripting/monoscript/fileName/GrapplingGun.cs: c6f63c2bc0100b9f6daba303de7e6391 -> 77176f16d51127b7327ebe60da444b1b
  custom:CustomObjectIndexerAttribute: 72b91833f83ae208fae7752999fa3104 -> 
  custom:container-demuxer-webm: 4f35f7cbe854078d1ac9338744f61a02 -> 
  custom:container-muxer-webm: aa71ff27fc2769a1b78a27578f13a17b -> 
  custom:video-decoder-webm-vp8: 9c59270c3fd7afecdb556c50c9e8de78 -> 
  custom:SearchIndexIgnoredProperties: e643bd26f0fe6173181afceb89e7c659 -> 
  custom:AudioImporter_EditorPlatform: d09bf68614088b80899f8185d706f6e7 -> 
  custom:scripting/monoscript/fileName/NewSceneTemplatePipeline.cs: b6f58a58324aadcdeb2ef714546683e7 -> 
  custom:scripting/monoscript/fileName/CursorState.cs: d9334e78ca93c8a76e4ffabba9acbc96 -> 18edcf0e60018a5a6aafd91b55f4838d
  custom:video-encoder-webm-vp8: eb34c28f22e8b96e1ab97ce403110664 -> 
  custom:audio-decoder-ogg-vorbis: bf7c407c2cedff20999df2af8eb42d56 -> 
  custom:scripting/monoscript/fileName/SoundPlayer.cs: 475d88b9df1544d8382efdce1bccce36 -> de8f3d4c96b446794089a8747c7618fc
  custom:scripting/monoscript/fileName/RotateGun.cs: 990b299e558ef4062b64873ad76f8048 -> eb2e4494e6808171dca4a2e27cab19b6
  custom:audio-encoder-webm-vorbis: bf7c407c2cedff20999df2af8eb42d56 -> 
  custom:scripting/monoscript/fileName/GameRespawn.cs: 4e16be644a2a6965abf6e4d660a3f3d9 -> de38c5bfa9c430c63979501321be442e
  custom:scripting/monoscript/fileName/Outline.cs: 09c84349353572281e22293c31aa1a93 -> 5cc4e1f72e41e12efce0db8381204c45
  custom:scripting/precompiled-assembly-types:Assembly-CSharp: 83acc3865680cbb5ffc18739c17f64c4 -> 9e68c45226702739bda24919f6288cd1
========================================================================
Received Prepare
Caller must complete domain reload
Begin MonoManager ReloadAssembly
- Loaded All Assemblies, in  0.525 seconds
Native extension for WindowsStandalone target not found
Mono: successfully reloaded assembly
- Finished resetting the current domain, in  1.843 seconds
Domain Reload Profiling: 2365ms
	BeginReloadAssembly (161ms)
		ExecutionOrderSort (0ms)
		DisableScriptedObjects (4ms)
		BackupInstance (0ms)
		ReleaseScriptingObjects (0ms)
		CreateAndSetChildDomain (33ms)
	RebuildCommonClasses (29ms)
	RebuildNativeTypeToScriptingClass (9ms)
	initialDomainReloadingComplete (30ms)
	LoadAllAssembliesAndSetupDomain (293ms)
		LoadAssemblies (343ms)
		RebuildTransferFunctionScriptingTraits (0ms)
		AnalyzeDomain (38ms)
			TypeCache.Refresh (9ms)
				TypeCache.ScanAssembly (0ms)
			ScanForSourceGeneratedMonoScriptInfo (18ms)
			ResolveRequiredComponents (9ms)
	FinalizeReload (1844ms)
		ReleaseScriptCaches (0ms)
		RebuildScriptCaches (0ms)
		SetupLoadedEditorAssemblies (521ms)
			LogAssemblyErrors (0ms)
			InitializePlatformSupportModulesInManaged (6ms)
			SetLoadedEditorAssemblies (4ms)
			RefreshPlugins (0ms)
			BeforeProcessingInitializeOnLoad (80ms)
			ProcessInitializeOnLoadAttributes (348ms)
			ProcessInitializeOnLoadMethodAttributes (74ms)
			AfterProcessingInitializeOnLoad (8ms)
			EditorAssembliesLoaded (0ms)
		ExecutionOrderSort2 (0ms)
		AwakeInstancesAfterBackupRestoration (8ms)
Refreshing native plugins compatible for Editor in 7.97 ms, found 3 plugins.
Preloading 0 native plugins for Editor in 0.00 ms.
Unloading 5275 Unused Serialized files (Serialized files now loaded: 0)
Unloading 24 unused Assets / (0.8 MB). Loaded Objects now: 5896.
Memory consumption went from 188.5 MB to 187.7 MB.
Total: 4.766900 ms (FindLiveObjects: 0.457900 ms CreateObjectMapping: 0.321800 ms MarkObjects: 3.415000 ms  DeleteObjects: 0.571200 ms)

Prepare: number of updated asset objects reloaded= 0
AssetImportParameters requested are different than current active one (requested -> active):
  custom:scripting/monoscript/fileName/PlayerControllerScript.cs: 611bee229e14d5c3cba5401576a48eca -> f320e68d7cf9bae2bd97d30ef6b6fc9f
  custom:container-demuxer-ogg: 62fdf1f143b41e24485cea50d1cbac27 -> 
  custom:scripting/monoscript/fileName/Menu.cs: 0e1575f508e60d6d9d2287980b1e9d59 -> 6a6b6f10406332b78ded19ddc96541c7
  custom:video-codec-MediaFoundation-h265: 746d11721c4dcdbdad8f713fa42b33f4 -> 
  custom:video-decoder-ogg-theora: a1e56fd34408186e4bbccfd4996cb3dc -> 
  custom:scripting/monoscript/fileName/gameQuit.cs: 381d941fd2788eebf77d8cb6f70ef3c2 -> 7382bf7b61ded40b83716f0378898bfe
  custom:framework-win-MediaFoundation: 216162199b28c13a410421893ffa2e32 -> 
  custom:scripting/monoscript/fileName/nextscene.cs: 71d4e97111f2ccfb6469eaa5c15852fd -> 7f36a7078f337f359827de0bfa973d17
  custom:scripting/monoscript/fileName/MoveCamera.cs: 0ba2c6a4ff0b26c3b5d913ad712bdbcf -> 4cac7d10977ef19e1f3dcb198cffecc9
  custom:scripting/monoscript/fileName/PlayerController.cs: d93a52a180fbbe603a59e9aa6da73c83 -> 
  custom:scripting/monoscript/fileName/GrapplingGun.cs: c6f63c2bc0100b9f6daba303de7e6391 -> 77176f16d51127b7327ebe60da444b1b
  custom:CustomObjectIndexerAttribute: 72b91833f83ae208fae7752999fa3104 -> 
  custom:container-demuxer-webm: 4f35f7cbe854078d1ac9338744f61a02 -> 
  custom:container-muxer-webm: aa71ff27fc2769a1b78a27578f13a17b -> 
  custom:video-decoder-webm-vp8: 9c59270c3fd7afecdb556c50c9e8de78 -> 
  custom:SearchIndexIgnoredProperties: e643bd26f0fe6173181afceb89e7c659 -> 
  custom:AudioImporter_EditorPlatform: d09bf68614088b80899f8185d706f6e7 -> 
  custom:scripting/monoscript/fileName/NewSceneTemplatePipeline.cs: b6f58a58324aadcdeb2ef714546683e7 -> 
  custom:scripting/monoscript/fileName/CursorState.cs: d9334e78ca93c8a76e4ffabba9acbc96 -> 18edcf0e60018a5a6aafd91b55f4838d
  custom:video-encoder-webm-vp8: eb34c28f22e8b96e1ab97ce403110664 -> 
  custom:audio-decoder-ogg-vorbis: bf7c407c2cedff20999df2af8eb42d56 -> 
  custom:scripting/monoscript/fileName/SoundPlayer.cs: 475d88b9df1544d8382efdce1bccce36 -> de8f3d4c96b446794089a8747c7618fc
  custom:scripting/monoscript/fileName/RotateGun.cs: 990b299e558ef4062b64873ad76f8048 -> eb2e4494e6808171dca4a2e27cab19b6
  custom:audio-encoder-webm-vorbis: bf7c407c2cedff20999df2af8eb42d56 -> 
  custom:scripting/monoscript/fileName/GameRespawn.cs: 4e16be644a2a6965abf6e4d660a3f3d9 -> de38c5bfa9c430c63979501321be442e
  custom:scripting/monoscript/fileName/Outline.cs: 09c84349353572281e22293c31aa1a93 -> 5cc4e1f72e41e12efce0db8381204c45
  custom:scripting/precompiled-assembly-types:Assembly-CSharp: 83acc3865680cbb5ffc18739c17f64c4 -> 9e68c45226702739bda24919f6288cd1
========================================================================
Received Prepare
Caller must complete domain reload
Begin MonoManager ReloadAssembly
- Loaded All Assemblies, in  0.660 seconds
Native extension for WindowsStandalone target not found
Mono: successfully reloaded assembly
- Finished resetting the current domain, in  1.886 seconds
Domain Reload Profiling: 2541ms
	BeginReloadAssembly (199ms)
		ExecutionOrderSort (0ms)
		DisableScriptedObjects (5ms)
		BackupInstance (0ms)
		ReleaseScriptingObjects (0ms)
		CreateAndSetChildDomain (41ms)
	RebuildCommonClasses (37ms)
	RebuildNativeTypeToScriptingClass (17ms)
	initialDomainReloadingComplete (42ms)
	LoadAllAssembliesAndSetupDomain (360ms)
		LoadAssemblies (445ms)
		RebuildTransferFunctionScriptingTraits (0ms)
		AnalyzeDomain (25ms)
			TypeCache.Refresh (7ms)
				TypeCache.ScanAssembly (0ms)
			ScanForSourceGeneratedMonoScriptInfo (0ms)
			ResolveRequiredComponents (15ms)
	FinalizeReload (1886ms)
		ReleaseScriptCaches (0ms)
		RebuildScriptCaches (0ms)
		SetupLoadedEditorAssemblies (591ms)
			LogAssemblyErrors (0ms)
			InitializePlatformSupportModulesInManaged (8ms)
			SetLoadedEditorAssemblies (5ms)
			RefreshPlugins (0ms)
			BeforeProcessingInitializeOnLoad (159ms)
			ProcessInitializeOnLoadAttributes (334ms)
			ProcessInitializeOnLoadMethodAttributes (74ms)
			AfterProcessingInitializeOnLoad (10ms)
			EditorAssembliesLoaded (0ms)
		ExecutionOrderSort2 (0ms)
		AwakeInstancesAfterBackupRestoration (8ms)
Refreshing native plugins compatible for Editor in 8.31 ms, found 3 plugins.
Preloading 0 native plugins for Editor in 0.00 ms.
Unloading 5275 Unused Serialized files (Serialized files now loaded: 0)
Unloading 24 unused Assets / (0.7 MB). Loaded Objects now: 5899.
Memory consumption went from 188.5 MB to 187.7 MB.
Total: 4.154200 ms (FindLiveObjects: 0.450500 ms CreateObjectMapping: 0.349100 ms MarkObjects: 2.980500 ms  DeleteObjects: 0.373100 ms)

Prepare: number of updated asset objects reloaded= 0
AssetImportParameters requested are different than current active one (requested -> active):
  custom:scripting/monoscript/fileName/PlayerControllerScript.cs: 611bee229e14d5c3cba5401576a48eca -> f320e68d7cf9bae2bd97d30ef6b6fc9f
  custom:container-demuxer-ogg: 62fdf1f143b41e24485cea50d1cbac27 -> 
  custom:scripting/monoscript/fileName/Menu.cs: 0e1575f508e60d6d9d2287980b1e9d59 -> 6a6b6f10406332b78ded19ddc96541c7
  custom:video-codec-MediaFoundation-h265: 746d11721c4dcdbdad8f713fa42b33f4 -> 
  custom:video-decoder-ogg-theora: a1e56fd34408186e4bbccfd4996cb3dc -> 
  custom:scripting/monoscript/fileName/gameQuit.cs: 381d941fd2788eebf77d8cb6f70ef3c2 -> 7382bf7b61ded40b83716f0378898bfe
  custom:framework-win-MediaFoundation: 216162199b28c13a410421893ffa2e32 -> 
  custom:scripting/monoscript/fileName/nextscene.cs: 71d4e97111f2ccfb6469eaa5c15852fd -> 7f36a7078f337f359827de0bfa973d17
  custom:scripting/monoscript/fileName/MoveCamera.cs: 0ba2c6a4ff0b26c3b5d913ad712bdbcf -> 4cac7d10977ef19e1f3dcb198cffecc9
  custom:scripting/monoscript/fileName/PlayerController.cs: d93a52a180fbbe603a59e9aa6da73c83 -> 
  custom:scripting/monoscript/fileName/GrapplingGun.cs: c6f63c2bc0100b9f6daba303de7e6391 -> 77176f16d51127b7327ebe60da444b1b
  custom:CustomObjectIndexerAttribute: 72b91833f83ae208fae7752999fa3104 -> 
  custom:container-demuxer-webm: 4f35f7cbe854078d1ac9338744f61a02 -> 
  custom:container-muxer-webm: aa71ff27fc2769a1b78a27578f13a17b -> 
  custom:video-decoder-webm-vp8: 9c59270c3fd7afecdb556c50c9e8de78 -> 
  custom:SearchIndexIgnoredProperties: e643bd26f0fe6173181afceb89e7c659 -> 
  custom:AudioImporter_EditorPlatform: d09bf68614088b80899f8185d706f6e7 -> 
  custom:scripting/monoscript/fileName/NewSceneTemplatePipeline.cs: b6f58a58324aadcdeb2ef714546683e7 -> 
  custom:scripting/monoscript/fileName/CursorState.cs: d9334e78ca93c8a76e4ffabba9acbc96 -> 18edcf0e60018a5a6aafd91b55f4838d
  custom:video-encoder-webm-vp8: eb34c28f22e8b96e1ab97ce403110664 -> 
  custom:audio-decoder-ogg-vorbis: bf7c407c2cedff20999df2af8eb42d56 -> 
  custom:scripting/monoscript/fileName/SoundPlayer.cs: 475d88b9df1544d8382efdce1bccce36 -> de8f3d4c96b446794089a8747c7618fc
  custom:scripting/monoscript/fileName/RotateGun.cs: 990b299e558ef4062b64873ad76f8048 -> eb2e4494e6808171dca4a2e27cab19b6
  custom:audio-encoder-webm-vorbis: bf7c407c2cedff20999df2af8eb42d56 -> 
  custom:scripting/monoscript/fileName/GameRespawn.cs: 4e16be644a2a6965abf6e4d660a3f3d9 -> de38c5bfa9c430c63979501321be442e
  custom:scripting/monoscript/fileName/Outline.cs: 09c84349353572281e22293c31aa1a93 -> 5cc4e1f72e41e12efce0db8381204c45
  custom:scripting/precompiled-assembly-types:Assembly-CSharp: 83acc3865680cbb5ffc18739c17f64c4 -> 9e68c45226702739bda24919f6288cd1
========================================================================
Received Prepare
Caller must complete domain reload
Begin MonoManager ReloadAssembly
- Loaded All Assemblies, in  0.547 seconds
Native extension for WindowsStandalone target not found
Mono: successfully reloaded assembly
- Finished resetting the current domain, in  1.650 seconds
Domain Reload Profiling: 2193ms
	BeginReloadAssembly (151ms)
		ExecutionOrderSort (0ms)
		DisableScriptedObjects (3ms)
		BackupInstance (0ms)
		ReleaseScriptingObjects (0ms)
		CreateAndSetChildDomain (30ms)
	RebuildCommonClasses (29ms)
	RebuildNativeTypeToScriptingClass (9ms)
	initialDomainReloadingComplete (37ms)
	LoadAllAssembliesAndSetupDomain (316ms)
		LoadAssemblies (358ms)
		RebuildTransferFunctionScriptingTraits (0ms)
		AnalyzeDomain (44ms)
			TypeCache.Refresh (10ms)
				TypeCache.ScanAssembly (0ms)
			ScanForSourceGeneratedMonoScriptInfo (21ms)
			ResolveRequiredComponents (10ms)
	FinalizeReload (1651ms)
		ReleaseScriptCaches (0ms)
		RebuildScriptCaches (0ms)
		SetupLoadedEditorAssemblies (441ms)
			LogAssemblyErrors (0ms)
			InitializePlatformSupportModulesInManaged (6ms)
			SetLoadedEditorAssemblies (7ms)
			RefreshPlugins (0ms)
			BeforeProcessingInitializeOnLoad (86ms)
			ProcessInitializeOnLoadAttributes (270ms)
			ProcessInitializeOnLoadMethodAttributes (65ms)
			AfterProcessingInitializeOnLoad (7ms)
			EditorAssembliesLoaded (0ms)
		ExecutionOrderSort2 (0ms)
		AwakeInstancesAfterBackupRestoration (7ms)
Refreshing native plugins compatible for Editor in 8.37 ms, found 3 plugins.
Preloading 0 native plugins for Editor in 0.00 ms.
Unloading 5275 Unused Serialized files (Serialized files now loaded: 0)
Unloading 24 unused Assets / (0.7 MB). Loaded Objects now: 5902.
Memory consumption went from 188.5 MB to 187.7 MB.
Total: 3.444700 ms (FindLiveObjects: 0.334700 ms CreateObjectMapping: 0.265800 ms MarkObjects: 2.522700 ms  DeleteObjects: 0.320500 ms)

Prepare: number of updated asset objects reloaded= 0
AssetImportParameters requested are different than current active one (requested -> active):
  custom:scripting/monoscript/fileName/PlayerControllerScript.cs: 611bee229e14d5c3cba5401576a48eca -> f320e68d7cf9bae2bd97d30ef6b6fc9f
  custom:container-demuxer-ogg: 62fdf1f143b41e24485cea50d1cbac27 -> 
  custom:scripting/monoscript/fileName/Menu.cs: 0e1575f508e60d6d9d2287980b1e9d59 -> 6a6b6f10406332b78ded19ddc96541c7
  custom:video-codec-MediaFoundation-h265: 746d11721c4dcdbdad8f713fa42b33f4 -> 
  custom:video-decoder-ogg-theora: a1e56fd34408186e4bbccfd4996cb3dc -> 
  custom:scripting/monoscript/fileName/gameQuit.cs: 381d941fd2788eebf77d8cb6f70ef3c2 -> 7382bf7b61ded40b83716f0378898bfe
  custom:framework-win-MediaFoundation: 216162199b28c13a410421893ffa2e32 -> 
  custom:scripting/monoscript/fileName/nextscene.cs: 71d4e97111f2ccfb6469eaa5c15852fd -> 7f36a7078f337f359827de0bfa973d17
  custom:scripting/monoscript/fileName/MoveCamera.cs: 0ba2c6a4ff0b26c3b5d913ad712bdbcf -> 4cac7d10977ef19e1f3dcb198cffecc9
  custom:scripting/monoscript/fileName/PlayerController.cs: d93a52a180fbbe603a59e9aa6da73c83 -> 
  custom:scripting/monoscript/fileName/GrapplingGun.cs: c6f63c2bc0100b9f6daba303de7e6391 -> 77176f16d51127b7327ebe60da444b1b
  custom:CustomObjectIndexerAttribute: 72b91833f83ae208fae7752999fa3104 -> 
  custom:container-demuxer-webm: 4f35f7cbe854078d1ac9338744f61a02 -> 
  custom:container-muxer-webm: aa71ff27fc2769a1b78a27578f13a17b -> 
  custom:video-decoder-webm-vp8: 9c59270c3fd7afecdb556c50c9e8de78 -> 
  custom:SearchIndexIgnoredProperties: e643bd26f0fe6173181afceb89e7c659 -> 
  custom:AudioImporter_EditorPlatform: d09bf68614088b80899f8185d706f6e7 -> 
  custom:scripting/monoscript/fileName/NewSceneTemplatePipeline.cs: b6f58a58324aadcdeb2ef714546683e7 -> 
  custom:scripting/monoscript/fileName/CursorState.cs: d9334e78ca93c8a76e4ffabba9acbc96 -> 18edcf0e60018a5a6aafd91b55f4838d
  custom:video-encoder-webm-vp8: eb34c28f22e8b96e1ab97ce403110664 -> 
  custom:audio-decoder-ogg-vorbis: bf7c407c2cedff20999df2af8eb42d56 -> 
  custom:scripting/monoscript/fileName/SoundPlayer.cs: 475d88b9df1544d8382efdce1bccce36 -> de8f3d4c96b446794089a8747c7618fc
  custom:scripting/monoscript/fileName/RotateGun.cs: 990b299e558ef4062b64873ad76f8048 -> eb2e4494e6808171dca4a2e27cab19b6
  custom:audio-encoder-webm-vorbis: bf7c407c2cedff20999df2af8eb42d56 -> 
  custom:scripting/monoscript/fileName/GameRespawn.cs: 4e16be644a2a6965abf6e4d660a3f3d9 -> de38c5bfa9c430c63979501321be442e
  custom:scripting/monoscript/fileName/Outline.cs: 09c84349353572281e22293c31aa1a93 -> 5cc4e1f72e41e12efce0db8381204c45
  custom:scripting/precompiled-assembly-types:Assembly-CSharp: 83acc3865680cbb5ffc18739c17f64c4 -> 9e68c45226702739bda24919f6288cd1
========================================================================
Received Prepare
Caller must complete domain reload
Begin MonoManager ReloadAssembly
- Loaded All Assemblies, in  0.529 seconds
Native extension for WindowsStandalone target not found
Mono: successfully reloaded assembly
- Finished resetting the current domain, in  1.745 seconds
Domain Reload Profiling: 2270ms
	BeginReloadAssembly (158ms)
		ExecutionOrderSort (0ms)
		DisableScriptedObjects (3ms)
		BackupInstance (0ms)
		ReleaseScriptingObjects (0ms)
		CreateAndSetChildDomain (32ms)
	RebuildCommonClasses (29ms)
	RebuildNativeTypeToScriptingClass (10ms)
	initialDomainReloadingComplete (29ms)
	LoadAllAssembliesAndSetupDomain (300ms)
		LoadAssemblies (370ms)
		RebuildTransferFunctionScriptingTraits (0ms)
		AnalyzeDomain (19ms)
			TypeCache.Refresh (7ms)
				TypeCache.ScanAssembly (0ms)
			ScanForSourceGeneratedMonoScriptInfo (0ms)
			ResolveRequiredComponents (10ms)
	FinalizeReload (1745ms)
		ReleaseScriptCaches (0ms)
		RebuildScriptCaches (0ms)
		SetupLoadedEditorAssemblies (477ms)
			LogAssemblyErrors (0ms)
			InitializePlatformSupportModulesInManaged (7ms)
			SetLoadedEditorAssemblies (4ms)
			RefreshPlugins (0ms)
			BeforeProcessingInitializeOnLoad (91ms)
			ProcessInitializeOnLoadAttributes (299ms)
			ProcessInitializeOnLoadMethodAttributes (68ms)
			AfterProcessingInitializeOnLoad (8ms)
			EditorAssembliesLoaded (0ms)
		ExecutionOrderSort2 (0ms)
		AwakeInstancesAfterBackupRestoration (6ms)
Refreshing native plugins compatible for Editor in 7.97 ms, found 3 plugins.
Preloading 0 native plugins for Editor in 0.00 ms.
Unloading 5275 Unused Serialized files (Serialized files now loaded: 0)
Unloading 24 unused Assets / (0.7 MB). Loaded Objects now: 5905.
Memory consumption went from 188.5 MB to 187.7 MB.
Total: 3.857800 ms (FindLiveObjects: 0.357700 ms CreateObjectMapping: 0.265800 ms MarkObjects: 2.837700 ms  DeleteObjects: 0.395900 ms)

Prepare: number of updated asset objects reloaded= 0
AssetImportParameters requested are different than current active one (requested -> active):
  custom:scripting/monoscript/fileName/PlayerControllerScript.cs: 611bee229e14d5c3cba5401576a48eca -> f320e68d7cf9bae2bd97d30ef6b6fc9f
  custom:container-demuxer-ogg: 62fdf1f143b41e24485cea50d1cbac27 -> 
  custom:scripting/monoscript/fileName/Menu.cs: 0e1575f508e60d6d9d2287980b1e9d59 -> 6a6b6f10406332b78ded19ddc96541c7
  custom:video-codec-MediaFoundation-h265: 746d11721c4dcdbdad8f713fa42b33f4 -> 
  custom:video-decoder-ogg-theora: a1e56fd34408186e4bbccfd4996cb3dc -> 
  custom:scripting/monoscript/fileName/gameQuit.cs: 381d941fd2788eebf77d8cb6f70ef3c2 -> 7382bf7b61ded40b83716f0378898bfe
  custom:framework-win-MediaFoundation: 216162199b28c13a410421893ffa2e32 -> 
  custom:scripting/monoscript/fileName/nextscene.cs: 71d4e97111f2ccfb6469eaa5c15852fd -> 7f36a7078f337f359827de0bfa973d17
  custom:scripting/monoscript/fileName/MoveCamera.cs: 0ba2c6a4ff0b26c3b5d913ad712bdbcf -> 4cac7d10977ef19e1f3dcb198cffecc9
  custom:scripting/monoscript/fileName/PlayerController.cs: d93a52a180fbbe603a59e9aa6da73c83 -> 
  custom:scripting/monoscript/fileName/GrapplingGun.cs: c6f63c2bc0100b9f6daba303de7e6391 -> 77176f16d51127b7327ebe60da444b1b
  custom:CustomObjectIndexerAttribute: 72b91833f83ae208fae7752999fa3104 -> 
  custom:container-demuxer-webm: 4f35f7cbe854078d1ac9338744f61a02 -> 
  custom:container-muxer-webm: aa71ff27fc2769a1b78a27578f13a17b -> 
  custom:video-decoder-webm-vp8: 9c59270c3fd7afecdb556c50c9e8de78 -> 
  custom:SearchIndexIgnoredProperties: e643bd26f0fe6173181afceb89e7c659 -> 
  custom:AudioImporter_EditorPlatform: d09bf68614088b80899f8185d706f6e7 -> 
  custom:scripting/monoscript/fileName/NewSceneTemplatePipeline.cs: b6f58a58324aadcdeb2ef714546683e7 -> 
  custom:scripting/monoscript/fileName/CursorState.cs: d9334e78ca93c8a76e4ffabba9acbc96 -> 18edcf0e60018a5a6aafd91b55f4838d
  custom:video-encoder-webm-vp8: eb34c28f22e8b96e1ab97ce403110664 -> 
  custom:audio-decoder-ogg-vorbis: bf7c407c2cedff20999df2af8eb42d56 -> 
  custom:scripting/monoscript/fileName/SoundPlayer.cs: 475d88b9df1544d8382efdce1bccce36 -> de8f3d4c96b446794089a8747c7618fc
  custom:scripting/monoscript/fileName/RotateGun.cs: 990b299e558ef4062b64873ad76f8048 -> eb2e4494e6808171dca4a2e27cab19b6
  custom:audio-encoder-webm-vorbis: bf7c407c2cedff20999df2af8eb42d56 -> 
  custom:scripting/monoscript/fileName/GameRespawn.cs: 4e16be644a2a6965abf6e4d660a3f3d9 -> de38c5bfa9c430c63979501321be442e
  custom:scripting/monoscript/fileName/Outline.cs: 09c84349353572281e22293c31aa1a93 -> 5cc4e1f72e41e12efce0db8381204c45
  custom:scripting/precompiled-assembly-types:Assembly-CSharp: 83acc3865680cbb5ffc18739c17f64c4 -> 9e68c45226702739bda24919f6288cd1
========================================================================
Received Prepare
Caller must complete domain reload
Begin MonoManager ReloadAssembly
- Loaded All Assemblies, in  0.528 seconds
Native extension for WindowsStandalone target not found
Mono: successfully reloaded assembly
- Finished resetting the current domain, in  1.688 seconds
Domain Reload Profiling: 2212ms
	BeginReloadAssembly (150ms)
		ExecutionOrderSort (0ms)
		DisableScriptedObjects (5ms)
		BackupInstance (0ms)
		ReleaseScriptingObjects (0ms)
		CreateAndSetChildDomain (27ms)
	RebuildCommonClasses (27ms)
	RebuildNativeTypeToScriptingClass (9ms)
	initialDomainReloadingComplete (33ms)
	LoadAllAssembliesAndSetupDomain (304ms)
		LoadAssemblies (353ms)
		RebuildTransferFunctionScriptingTraits (0ms)
		AnalyzeDomain (39ms)
			TypeCache.Refresh (10ms)
				TypeCache.ScanAssembly (0ms)
			ScanForSourceGeneratedMonoScriptInfo (17ms)
			ResolveRequiredComponents (10ms)
	FinalizeReload (1688ms)
		ReleaseScriptCaches (0ms)
		RebuildScriptCaches (0ms)
		SetupLoadedEditorAssemblies (467ms)
			LogAssemblyErrors (0ms)
			InitializePlatformSupportModulesInManaged (9ms)
			SetLoadedEditorAssemblies (6ms)
			RefreshPlugins (0ms)
			BeforeProcessingInitializeOnLoad (104ms)
			ProcessInitializeOnLoadAttributes (279ms)
			ProcessInitializeOnLoadMethodAttributes (62ms)
			AfterProcessingInitializeOnLoad (7ms)
			EditorAssembliesLoaded (0ms)
		ExecutionOrderSort2 (0ms)
		AwakeInstancesAfterBackupRestoration (6ms)
Refreshing native plugins compatible for Editor in 7.83 ms, found 3 plugins.
Preloading 0 native plugins for Editor in 0.00 ms.
Unloading 5275 Unused Serialized files (Serialized files now loaded: 0)
Unloading 24 unused Assets / (0.7 MB). Loaded Objects now: 5908.
Memory consumption went from 188.5 MB to 187.7 MB.
Total: 4.514400 ms (FindLiveObjects: 0.343300 ms CreateObjectMapping: 0.451600 ms MarkObjects: 3.323500 ms  DeleteObjects: 0.395100 ms)

Prepare: number of updated asset objects reloaded= 0
AssetImportParameters requested are different than current active one (requested -> active):
  custom:scripting/monoscript/fileName/PlayerControllerScript.cs: 611bee229e14d5c3cba5401576a48eca -> f320e68d7cf9bae2bd97d30ef6b6fc9f
  custom:container-demuxer-ogg: 62fdf1f143b41e24485cea50d1cbac27 -> 
  custom:scripting/monoscript/fileName/Menu.cs: 0e1575f508e60d6d9d2287980b1e9d59 -> 6a6b6f10406332b78ded19ddc96541c7
  custom:video-codec-MediaFoundation-h265: 746d11721c4dcdbdad8f713fa42b33f4 -> 
  custom:video-decoder-ogg-theora: a1e56fd34408186e4bbccfd4996cb3dc -> 
  custom:scripting/monoscript/fileName/gameQuit.cs: 381d941fd2788eebf77d8cb6f70ef3c2 -> 7382bf7b61ded40b83716f0378898bfe
  custom:framework-win-MediaFoundation: 216162199b28c13a410421893ffa2e32 -> 
  custom:scripting/monoscript/fileName/nextscene.cs: 71d4e97111f2ccfb6469eaa5c15852fd -> 7f36a7078f337f359827de0bfa973d17
  custom:scripting/monoscript/fileName/MoveCamera.cs: 0ba2c6a4ff0b26c3b5d913ad712bdbcf -> 4cac7d10977ef19e1f3dcb198cffecc9
  custom:scripting/monoscript/fileName/PlayerController.cs: d93a52a180fbbe603a59e9aa6da73c83 -> 
  custom:scripting/monoscript/fileName/GrapplingGun.cs: c6f63c2bc0100b9f6daba303de7e6391 -> 77176f16d51127b7327ebe60da444b1b
  custom:CustomObjectIndexerAttribute: 72b91833f83ae208fae7752999fa3104 -> 
  custom:container-demuxer-webm: 4f35f7cbe854078d1ac9338744f61a02 -> 
  custom:container-muxer-webm: aa71ff27fc2769a1b78a27578f13a17b -> 
  custom:video-decoder-webm-vp8: 9c59270c3fd7afecdb556c50c9e8de78 -> 
  custom:SearchIndexIgnoredProperties: e643bd26f0fe6173181afceb89e7c659 -> 
  custom:AudioImporter_EditorPlatform: d09bf68614088b80899f8185d706f6e7 -> 
  custom:scripting/monoscript/fileName/NewSceneTemplatePipeline.cs: b6f58a58324aadcdeb2ef714546683e7 -> 
  custom:scripting/monoscript/fileName/CursorState.cs: d9334e78ca93c8a76e4ffabba9acbc96 -> 18edcf0e60018a5a6aafd91b55f4838d
  custom:video-encoder-webm-vp8: eb34c28f22e8b96e1ab97ce403110664 -> 
  custom:audio-decoder-ogg-vorbis: bf7c407c2cedff20999df2af8eb42d56 -> 
  custom:scripting/monoscript/fileName/SoundPlayer.cs: 475d88b9df1544d8382efdce1bccce36 -> de8f3d4c96b446794089a8747c7618fc
  custom:scripting/monoscript/fileName/RotateGun.cs: 990b299e558ef4062b64873ad76f8048 -> eb2e4494e6808171dca4a2e27cab19b6
  custom:audio-encoder-webm-vorbis: bf7c407c2cedff20999df2af8eb42d56 -> 
  custom:scripting/monoscript/fileName/GameRespawn.cs: 4e16be644a2a6965abf6e4d660a3f3d9 -> de38c5bfa9c430c63979501321be442e
  custom:scripting/monoscript/fileName/Outline.cs: 09c84349353572281e22293c31aa1a93 -> 5cc4e1f72e41e12efce0db8381204c45
  custom:scripting/precompiled-assembly-types:Assembly-CSharp: a15a550c1b7cb7afe237d3b2cdafee23 -> 9e68c45226702739bda24919f6288cd1
========================================================================
Received Prepare
Caller must complete domain reload
Begin MonoManager ReloadAssembly
- Loaded All Assemblies, in  0.558 seconds
Native extension for WindowsStandalone target not found
Mono: successfully reloaded assembly
- Finished resetting the current domain, in  1.955 seconds
Domain Reload Profiling: 2507ms
	BeginReloadAssembly (177ms)
		ExecutionOrderSort (0ms)
		DisableScriptedObjects (5ms)
		BackupInstance (0ms)
		ReleaseScriptingObjects (0ms)
		CreateAndSetChildDomain (33ms)
	RebuildCommonClasses (32ms)
	RebuildNativeTypeToScriptingClass (10ms)
	initialDomainReloadingComplete (34ms)
	LoadAllAssembliesAndSetupDomain (299ms)
		LoadAssemblies (381ms)
		RebuildTransferFunctionScriptingTraits (0ms)
		AnalyzeDomain (18ms)
			TypeCache.Refresh (6ms)
				TypeCache.ScanAssembly (0ms)
			ScanForSourceGeneratedMonoScriptInfo (0ms)
			ResolveRequiredComponents (9ms)
	FinalizeReload (1955ms)
		ReleaseScriptCaches (0ms)
		RebuildScriptCaches (0ms)
		SetupLoadedEditorAssemblies (569ms)
			LogAssemblyErrors (0ms)
			InitializePlatformSupportModulesInManaged (8ms)
			SetLoadedEditorAssemblies (5ms)
			RefreshPlugins (0ms)
			BeforeProcessingInitializeOnLoad (99ms)
			ProcessInitializeOnLoadAttributes (364ms)
			ProcessInitializeOnLoadMethodAttributes (82ms)
			AfterProcessingInitializeOnLoad (11ms)
			EditorAssembliesLoaded (0ms)
		ExecutionOrderSort2 (0ms)
		AwakeInstancesAfterBackupRestoration (9ms)
Refreshing native plugins compatible for Editor in 10.04 ms, found 3 plugins.
Preloading 0 native plugins for Editor in 0.00 ms.
Unloading 5275 Unused Serialized files (Serialized files now loaded: 0)
Unloading 24 unused Assets / (0.7 MB). Loaded Objects now: 5911.
Memory consumption went from 188.5 MB to 187.7 MB.
Total: 4.023200 ms (FindLiveObjects: 0.359400 ms CreateObjectMapping: 0.298100 ms MarkObjects: 2.952800 ms  DeleteObjects: 0.412300 ms)

Prepare: number of updated asset objects reloaded= 0
AssetImportParameters requested are different than current active one (requested -> active):
  custom:scripting/monoscript/fileName/PlayerControllerScript.cs: 611bee229e14d5c3cba5401576a48eca -> f320e68d7cf9bae2bd97d30ef6b6fc9f
  custom:container-demuxer-ogg: 62fdf1f143b41e24485cea50d1cbac27 -> 
  custom:scripting/monoscript/fileName/Menu.cs: 0e1575f508e60d6d9d2287980b1e9d59 -> 6a6b6f10406332b78ded19ddc96541c7
  custom:video-codec-MediaFoundation-h265: 746d11721c4dcdbdad8f713fa42b33f4 -> 
  custom:video-decoder-ogg-theora: a1e56fd34408186e4bbccfd4996cb3dc -> 
  custom:scripting/monoscript/fileName/gameQuit.cs: 381d941fd2788eebf77d8cb6f70ef3c2 -> 7382bf7b61ded40b83716f0378898bfe
  custom:framework-win-MediaFoundation: 216162199b28c13a410421893ffa2e32 -> 
  custom:scripting/monoscript/fileName/nextscene.cs: 71d4e97111f2ccfb6469eaa5c15852fd -> 7f36a7078f337f359827de0bfa973d17
  custom:scripting/monoscript/fileName/MoveCamera.cs: 0ba2c6a4ff0b26c3b5d913ad712bdbcf -> 4cac7d10977ef19e1f3dcb198cffecc9
  custom:scripting/monoscript/fileName/PlayerController.cs: d93a52a180fbbe603a59e9aa6da73c83 -> 
  custom:scripting/monoscript/fileName/GrapplingGun.cs: c6f63c2bc0100b9f6daba303de7e6391 -> 77176f16d51127b7327ebe60da444b1b
  custom:CustomObjectIndexerAttribute: 72b91833f83ae208fae7752999fa3104 -> 
  custom:container-demuxer-webm: 4f35f7cbe854078d1ac9338744f61a02 -> 
  custom:container-muxer-webm: aa71ff27fc2769a1b78a27578f13a17b -> 
  custom:video-decoder-webm-vp8: 9c59270c3fd7afecdb556c50c9e8de78 -> 
  custom:SearchIndexIgnoredProperties: e643bd26f0fe6173181afceb89e7c659 -> 
  custom:AudioImporter_EditorPlatform: d09bf68614088b80899f8185d706f6e7 -> 
  custom:scripting/monoscript/fileName/NewSceneTemplatePipeline.cs: b6f58a58324aadcdeb2ef714546683e7 -> 
  custom:scripting/monoscript/fileName/CursorState.cs: d9334e78ca93c8a76e4ffabba9acbc96 -> 18edcf0e60018a5a6aafd91b55f4838d
  custom:video-encoder-webm-vp8: eb34c28f22e8b96e1ab97ce403110664 -> 
  custom:audio-decoder-ogg-vorbis: bf7c407c2cedff20999df2af8eb42d56 -> 
  custom:scripting/monoscript/fileName/SoundPlayer.cs: 475d88b9df1544d8382efdce1bccce36 -> de8f3d4c96b446794089a8747c7618fc
  custom:scripting/monoscript/fileName/RotateGun.cs: 990b299e558ef4062b64873ad76f8048 -> eb2e4494e6808171dca4a2e27cab19b6
  custom:audio-encoder-webm-vorbis: bf7c407c2cedff20999df2af8eb42d56 -> 
  custom:scripting/monoscript/fileName/GameRespawn.cs: 4e16be644a2a6965abf6e4d660a3f3d9 -> de38c5bfa9c430c63979501321be442e
  custom:scripting/monoscript/fileName/Outline.cs: 09c84349353572281e22293c31aa1a93 -> 5cc4e1f72e41e12efce0db8381204c45
  custom:scripting/precompiled-assembly-types:Assembly-CSharp: a15a550c1b7cb7afe237d3b2cdafee23 -> 9e68c45226702739bda24919f6288cd1
========================================================================
Received Prepare
Caller must complete domain reload
Begin MonoManager ReloadAssembly
- Loaded All Assemblies, in  0.544 seconds
Native extension for WindowsStandalone target not found
Mono: successfully reloaded assembly
- Finished resetting the current domain, in  1.860 seconds
Domain Reload Profiling: 2400ms
	BeginReloadAssembly (162ms)
		ExecutionOrderSort (0ms)
		DisableScriptedObjects (3ms)
		BackupInstance (0ms)
		ReleaseScriptingObjects (0ms)
		CreateAndSetChildDomain (31ms)
	RebuildCommonClasses (28ms)
	RebuildNativeTypeToScriptingClass (12ms)
	initialDomainReloadingComplete (35ms)
	LoadAllAssembliesAndSetupDomain (303ms)
		LoadAssemblies (355ms)
		RebuildTransferFunctionScriptingTraits (0ms)
		AnalyzeDomain (41ms)
			TypeCache.Refresh (9ms)
				TypeCache.ScanAssembly (0ms)
			ScanForSourceGeneratedMonoScriptInfo (19ms)
			ResolveRequiredComponents (11ms)
	FinalizeReload (1860ms)
		ReleaseScriptCaches (0ms)
		RebuildScriptCaches (0ms)
		SetupLoadedEditorAssemblies (500ms)
			LogAssemblyErrors (0ms)
			InitializePlatformSupportModulesInManaged (5ms)
			SetLoadedEditorAssemblies (5ms)
			RefreshPlugins (0ms)
			BeforeProcessingInitializeOnLoad (96ms)
			ProcessInitializeOnLoadAttributes (318ms)
			ProcessInitializeOnLoadMethodAttributes (68ms)
			AfterProcessingInitializeOnLoad (7ms)
			EditorAssembliesLoaded (0ms)
		ExecutionOrderSort2 (0ms)
		AwakeInstancesAfterBackupRestoration (6ms)
Refreshing native plugins compatible for Editor in 8.80 ms, found 3 plugins.
Preloading 0 native plugins for Editor in 0.00 ms.
Unloading 5275 Unused Serialized files (Serialized files now loaded: 0)
Unloading 24 unused Assets / (0.7 MB). Loaded Objects now: 5914.
Memory consumption went from 188.5 MB to 187.7 MB.
Total: 3.253200 ms (FindLiveObjects: 0.334100 ms CreateObjectMapping: 0.133400 ms MarkObjects: 2.436900 ms  DeleteObjects: 0.347900 ms)

Prepare: number of updated asset objects reloaded= 0
AssetImportParameters requested are different than current active one (requested -> active):
  custom:scripting/monoscript/fileName/PlayerControllerScript.cs: 611bee229e14d5c3cba5401576a48eca -> f320e68d7cf9bae2bd97d30ef6b6fc9f
  custom:container-demuxer-ogg: 62fdf1f143b41e24485cea50d1cbac27 -> 
  custom:scripting/monoscript/fileName/Menu.cs: 0e1575f508e60d6d9d2287980b1e9d59 -> 6a6b6f10406332b78ded19ddc96541c7
  custom:video-codec-MediaFoundation-h265: 746d11721c4dcdbdad8f713fa42b33f4 -> 
  custom:video-decoder-ogg-theora: a1e56fd34408186e4bbccfd4996cb3dc -> 
  custom:scripting/monoscript/fileName/gameQuit.cs: 381d941fd2788eebf77d8cb6f70ef3c2 -> 7382bf7b61ded40b83716f0378898bfe
  custom:framework-win-MediaFoundation: 216162199b28c13a410421893ffa2e32 -> 
  custom:scripting/monoscript/fileName/nextscene.cs: 71d4e97111f2ccfb6469eaa5c15852fd -> 7f36a7078f337f359827de0bfa973d17
  custom:scripting/monoscript/fileName/MoveCamera.cs: 0ba2c6a4ff0b26c3b5d913ad712bdbcf -> 4cac7d10977ef19e1f3dcb198cffecc9
  custom:scripting/monoscript/fileName/PlayerController.cs: d93a52a180fbbe603a59e9aa6da73c83 -> 
  custom:scripting/monoscript/fileName/GrapplingGun.cs: c6f63c2bc0100b9f6daba303de7e6391 -> 77176f16d51127b7327ebe60da444b1b
  custom:CustomObjectIndexerAttribute: 72b91833f83ae208fae7752999fa3104 -> 
  custom:container-demuxer-webm: 4f35f7cbe854078d1ac9338744f61a02 -> 
  custom:container-muxer-webm: aa71ff27fc2769a1b78a27578f13a17b -> 
  custom:video-decoder-webm-vp8: 9c59270c3fd7afecdb556c50c9e8de78 -> 
  custom:SearchIndexIgnoredProperties: e643bd26f0fe6173181afceb89e7c659 -> 
  custom:AudioImporter_EditorPlatform: d09bf68614088b80899f8185d706f6e7 -> 
  custom:scripting/monoscript/fileName/NewSceneTemplatePipeline.cs: b6f58a58324aadcdeb2ef714546683e7 -> 
  custom:scripting/monoscript/fileName/CursorState.cs: d9334e78ca93c8a76e4ffabba9acbc96 -> 18edcf0e60018a5a6aafd91b55f4838d
  custom:video-encoder-webm-vp8: eb34c28f22e8b96e1ab97ce403110664 -> 
  custom:audio-decoder-ogg-vorbis: bf7c407c2cedff20999df2af8eb42d56 -> 
  custom:scripting/monoscript/fileName/SoundPlayer.cs: 475d88b9df1544d8382efdce1bccce36 -> de8f3d4c96b446794089a8747c7618fc
  custom:scripting/monoscript/fileName/RotateGun.cs: 990b299e558ef4062b64873ad76f8048 -> eb2e4494e6808171dca4a2e27cab19b6
  custom:audio-encoder-webm-vorbis: bf7c407c2cedff20999df2af8eb42d56 -> 
  custom:scripting/monoscript/fileName/GameRespawn.cs: 4e16be644a2a6965abf6e4d660a3f3d9 -> de38c5bfa9c430c63979501321be442e
  custom:scripting/monoscript/fileName/Outline.cs: 09c84349353572281e22293c31aa1a93 -> 5cc4e1f72e41e12efce0db8381204c45
  custom:scripting/precompiled-assembly-types:Assembly-CSharp: a15a550c1b7cb7afe237d3b2cdafee23 -> 9e68c45226702739bda24919f6288cd1
========================================================================
Received Import Request.
  Time since last request: 22876.442687 seconds.
  path: Assets/scripts/Player/SoundPlayer.cs
  artifactKey: Guid(748868175b27ded4bb93dc8958e109e0) Importer(815301076,1909f56bfc062723c751e8b465ee728b)
Start importing Assets/scripts/Player/SoundPlayer.cs using Guid(748868175b27ded4bb93dc8958e109e0) Importer(815301076,1909f56bfc062723c751e8b465ee728b) [PhysX] Initialized MultithreadedTaskDispatcher with 12 workers.
 -> (artifact id: '9d99842d934897e2e565fb1a34946fa9') in 0.002519 seconds
Number of updated asset objects reloaded before import = 0
Number of asset objects unloaded after import = 0
========================================================================
Received Prepare
Caller must complete domain reload
Begin MonoManager ReloadAssembly
- Loaded All Assemblies, in  0.569 seconds
Native extension for WindowsStandalone target not found
Mono: successfully reloaded assembly
- Finished resetting the current domain, in  1.706 seconds
Domain Reload Profiling: 2269ms
	BeginReloadAssembly (171ms)
		ExecutionOrderSort (0ms)
		DisableScriptedObjects (6ms)
		BackupInstance (0ms)
		ReleaseScriptingObjects (0ms)
		CreateAndSetChildDomain (38ms)
	RebuildCommonClasses (31ms)
	RebuildNativeTypeToScriptingClass (10ms)
	initialDomainReloadingComplete (33ms)
	LoadAllAssembliesAndSetupDomain (318ms)
		LoadAssemblies (373ms)
		RebuildTransferFunctionScriptingTraits (0ms)
		AnalyzeDomain (36ms)
			TypeCache.Refresh (9ms)
				TypeCache.ScanAssembly (0ms)
			ScanForSourceGeneratedMonoScriptInfo (17ms)
			ResolveRequiredComponents (9ms)
	FinalizeReload (1706ms)
		ReleaseScriptCaches (0ms)
		RebuildScriptCaches (0ms)
		SetupLoadedEditorAssemblies (459ms)
			LogAssemblyErrors (0ms)
			InitializePlatformSupportModulesInManaged (6ms)
			SetLoadedEditorAssemblies (4ms)
			RefreshPlugins (0ms)
			BeforeProcessingInitializeOnLoad (77ms)
			ProcessInitializeOnLoadAttributes (296ms)
			ProcessInitializeOnLoadMethodAttributes (66ms)
			AfterProcessingInitializeOnLoad (8ms)
			EditorAssembliesLoaded (0ms)
		ExecutionOrderSort2 (0ms)
		AwakeInstancesAfterBackupRestoration (6ms)
Refreshing native plugins compatible for Editor in 8.16 ms, found 3 plugins.
Preloading 0 native plugins for Editor in 0.00 ms.
Unloading 5274 Unused Serialized files (Serialized files now loaded: 0)
Unloading 24 unused Assets / (0.7 MB). Loaded Objects now: 5917.
Memory consumption went from 188.2 MB to 187.5 MB.
Total: 4.926400 ms (FindLiveObjects: 0.453600 ms CreateObjectMapping: 0.337000 ms MarkObjects: 3.656300 ms  DeleteObjects: 0.478700 ms)

Prepare: number of updated asset objects reloaded= 0
AssetImportParameters requested are different than current active one (requested -> active):
  custom:scripting/monoscript/fileName/PlayerControllerScript.cs: 611bee229e14d5c3cba5401576a48eca -> f320e68d7cf9bae2bd97d30ef6b6fc9f
  custom:container-demuxer-ogg: 62fdf1f143b41e24485cea50d1cbac27 -> 
  custom:scripting/monoscript/fileName/Menu.cs: 0e1575f508e60d6d9d2287980b1e9d59 -> 6a6b6f10406332b78ded19ddc96541c7
  custom:video-codec-MediaFoundation-h265: 746d11721c4dcdbdad8f713fa42b33f4 -> 
  custom:video-decoder-ogg-theora: a1e56fd34408186e4bbccfd4996cb3dc -> 
  custom:scripting/monoscript/fileName/gameQuit.cs: 381d941fd2788eebf77d8cb6f70ef3c2 -> 7382bf7b61ded40b83716f0378898bfe
  custom:framework-win-MediaFoundation: 216162199b28c13a410421893ffa2e32 -> 
  custom:scripting/monoscript/fileName/nextscene.cs: 71d4e97111f2ccfb6469eaa5c15852fd -> 7f36a7078f337f359827de0bfa973d17
  custom:scripting/monoscript/fileName/MoveCamera.cs: 0ba2c6a4ff0b26c3b5d913ad712bdbcf -> 4cac7d10977ef19e1f3dcb198cffecc9
  custom:scripting/monoscript/fileName/PlayerController.cs: d93a52a180fbbe603a59e9aa6da73c83 -> 
  custom:scripting/monoscript/fileName/GrapplingGun.cs: c6f63c2bc0100b9f6daba303de7e6391 -> 77176f16d51127b7327ebe60da444b1b
  custom:CustomObjectIndexerAttribute: 72b91833f83ae208fae7752999fa3104 -> 
  custom:container-demuxer-webm: 4f35f7cbe854078d1ac9338744f61a02 -> 
  custom:container-muxer-webm: aa71ff27fc2769a1b78a27578f13a17b -> 
  custom:video-decoder-webm-vp8: 9c59270c3fd7afecdb556c50c9e8de78 -> 
  custom:SearchIndexIgnoredProperties: e643bd26f0fe6173181afceb89e7c659 -> 
  custom:AudioImporter_EditorPlatform: d09bf68614088b80899f8185d706f6e7 -> 
  custom:scripting/monoscript/fileName/NewSceneTemplatePipeline.cs: b6f58a58324aadcdeb2ef714546683e7 -> 
  custom:scripting/monoscript/fileName/CursorState.cs: d9334e78ca93c8a76e4ffabba9acbc96 -> 18edcf0e60018a5a6aafd91b55f4838d
  custom:video-encoder-webm-vp8: eb34c28f22e8b96e1ab97ce403110664 -> 
  custom:audio-decoder-ogg-vorbis: bf7c407c2cedff20999df2af8eb42d56 -> 
  custom:scripting/monoscript/fileName/SoundPlayer.cs: 475d88b9df1544d8382efdce1bccce36 -> de8f3d4c96b446794089a8747c7618fc
  custom:scripting/monoscript/fileName/RotateGun.cs: 990b299e558ef4062b64873ad76f8048 -> eb2e4494e6808171dca4a2e27cab19b6
  custom:audio-encoder-webm-vorbis: bf7c407c2cedff20999df2af8eb42d56 -> 
  custom:scripting/monoscript/fileName/GameRespawn.cs: 4e16be644a2a6965abf6e4d660a3f3d9 -> de38c5bfa9c430c63979501321be442e
  custom:scripting/monoscript/fileName/Outline.cs: 09c84349353572281e22293c31aa1a93 -> 5cc4e1f72e41e12efce0db8381204c45
  custom:scripting/precompiled-assembly-types:Assembly-CSharp: a15a550c1b7cb7afe237d3b2cdafee23 -> 9e68c45226702739bda24919f6288cd1
========================================================================
Received Prepare
Caller must complete domain reload
Begin MonoManager ReloadAssembly
- Loaded All Assemblies, in  0.569 seconds
Native extension for WindowsStandalone target not found
Mono: successfully reloaded assembly
- Finished resetting the current domain, in  1.914 seconds
Domain Reload Profiling: 2479ms
	BeginReloadAssembly (200ms)
		ExecutionOrderSort (0ms)
		DisableScriptedObjects (4ms)
		BackupInstance (0ms)
		ReleaseScriptingObjects (0ms)
		CreateAndSetChildDomain (44ms)
	RebuildCommonClasses (30ms)
	RebuildNativeTypeToScriptingClass (9ms)
	initialDomainReloadingComplete (38ms)
	LoadAllAssembliesAndSetupDomain (288ms)
		LoadAssemblies (385ms)
		RebuildTransferFunctionScriptingTraits (0ms)
		AnalyzeDomain (19ms)
			TypeCache.Refresh (6ms)
				TypeCache.ScanAssembly (0ms)
			ScanForSourceGeneratedMonoScriptInfo (0ms)
			ResolveRequiredComponents (10ms)
	FinalizeReload (1914ms)
		ReleaseScriptCaches (0ms)
		RebuildScriptCaches (0ms)
		SetupLoadedEditorAssemblies (537ms)
			LogAssemblyErrors (0ms)
			InitializePlatformSupportModulesInManaged (7ms)
			SetLoadedEditorAssemblies (5ms)
			RefreshPlugins (0ms)
			BeforeProcessingInitializeOnLoad (103ms)
			ProcessInitializeOnLoadAttributes (324ms)
			ProcessInitializeOnLoadMethodAttributes (86ms)
			AfterProcessingInitializeOnLoad (12ms)
			EditorAssembliesLoaded (0ms)
		ExecutionOrderSort2 (0ms)
		AwakeInstancesAfterBackupRestoration (9ms)
Refreshing native plugins compatible for Editor in 9.65 ms, found 3 plugins.
Preloading 0 native plugins for Editor in 0.00 ms.
Unloading 5275 Unused Serialized files (Serialized files now loaded: 0)
Unloading 24 unused Assets / (0.7 MB). Loaded Objects now: 5920.
Memory consumption went from 188.5 MB to 187.8 MB.
Total: 3.679300 ms (FindLiveObjects: 0.373200 ms CreateObjectMapping: 0.332100 ms MarkObjects: 2.634600 ms  DeleteObjects: 0.338800 ms)

Prepare: number of updated asset objects reloaded= 0
AssetImportParameters requested are different than current active one (requested -> active):
  custom:scripting/monoscript/fileName/PlayerControllerScript.cs: 611bee229e14d5c3cba5401576a48eca -> f320e68d7cf9bae2bd97d30ef6b6fc9f
  custom:container-demuxer-ogg: 62fdf1f143b41e24485cea50d1cbac27 -> 
  custom:scripting/monoscript/fileName/Menu.cs: 0e1575f508e60d6d9d2287980b1e9d59 -> 6a6b6f10406332b78ded19ddc96541c7
  custom:video-codec-MediaFoundation-h265: 746d11721c4dcdbdad8f713fa42b33f4 -> 
  custom:video-decoder-ogg-theora: a1e56fd34408186e4bbccfd4996cb3dc -> 
  custom:scripting/monoscript/fileName/gameQuit.cs: 381d941fd2788eebf77d8cb6f70ef3c2 -> 7382bf7b61ded40b83716f0378898bfe
  custom:framework-win-MediaFoundation: 216162199b28c13a410421893ffa2e32 -> 
  custom:scripting/monoscript/fileName/nextscene.cs: 71d4e97111f2ccfb6469eaa5c15852fd -> 7f36a7078f337f359827de0bfa973d17
  custom:scripting/monoscript/fileName/MoveCamera.cs: 0ba2c6a4ff0b26c3b5d913ad712bdbcf -> 4cac7d10977ef19e1f3dcb198cffecc9
  custom:scripting/monoscript/fileName/PlayerController.cs: d93a52a180fbbe603a59e9aa6da73c83 -> 
  custom:scripting/monoscript/fileName/GrapplingGun.cs: c6f63c2bc0100b9f6daba303de7e6391 -> 77176f16d51127b7327ebe60da444b1b
  custom:CustomObjectIndexerAttribute: 72b91833f83ae208fae7752999fa3104 -> 
  custom:container-demuxer-webm: 4f35f7cbe854078d1ac9338744f61a02 -> 
  custom:container-muxer-webm: aa71ff27fc2769a1b78a27578f13a17b -> 
  custom:video-decoder-webm-vp8: 9c59270c3fd7afecdb556c50c9e8de78 -> 
  custom:SearchIndexIgnoredProperties: e643bd26f0fe6173181afceb89e7c659 -> 
  custom:AudioImporter_EditorPlatform: d09bf68614088b80899f8185d706f6e7 -> 
  custom:scripting/monoscript/fileName/NewSceneTemplatePipeline.cs: b6f58a58324aadcdeb2ef714546683e7 -> 
  custom:scripting/monoscript/fileName/CursorState.cs: d9334e78ca93c8a76e4ffabba9acbc96 -> 18edcf0e60018a5a6aafd91b55f4838d
  custom:video-encoder-webm-vp8: eb34c28f22e8b96e1ab97ce403110664 -> 
  custom:audio-decoder-ogg-vorbis: bf7c407c2cedff20999df2af8eb42d56 -> 
  custom:scripting/monoscript/fileName/SoundPlayer.cs: 475d88b9df1544d8382efdce1bccce36 -> de8f3d4c96b446794089a8747c7618fc
  custom:scripting/monoscript/fileName/RotateGun.cs: 990b299e558ef4062b64873ad76f8048 -> eb2e4494e6808171dca4a2e27cab19b6
  custom:audio-encoder-webm-vorbis: bf7c407c2cedff20999df2af8eb42d56 -> 
  custom:scripting/monoscript/fileName/GameRespawn.cs: 4e16be644a2a6965abf6e4d660a3f3d9 -> de38c5bfa9c430c63979501321be442e
  custom:scripting/monoscript/fileName/Outline.cs: 09c84349353572281e22293c31aa1a93 -> 5cc4e1f72e41e12efce0db8381204c45
  custom:scripting/precompiled-assembly-types:Assembly-CSharp: a15a550c1b7cb7afe237d3b2cdafee23 -> 9e68c45226702739bda24919f6288cd1
========================================================================
Received Prepare
Caller must complete domain reload
Begin MonoManager ReloadAssembly
- Loaded All Assemblies, in  0.643 seconds
Native extension for WindowsStandalone target not found
Mono: successfully reloaded assembly
- Finished resetting the current domain, in  1.919 seconds
Domain Reload Profiling: 2557ms
	BeginReloadAssembly (183ms)
		ExecutionOrderSort (0ms)
		DisableScriptedObjects (5ms)
		BackupInstance (0ms)
		ReleaseScriptingObjects (0ms)
		CreateAndSetChildDomain (33ms)
	RebuildCommonClasses (34ms)
	RebuildNativeTypeToScriptingClass (10ms)
	initialDomainReloadingComplete (39ms)
	LoadAllAssembliesAndSetupDomain (372ms)
		LoadAssemblies (415ms)
		RebuildTransferFunctionScriptingTraits (0ms)
		AnalyzeDomain (65ms)
			TypeCache.Refresh (20ms)
				TypeCache.ScanAssembly (2ms)
			ScanForSourceGeneratedMonoScriptInfo (30ms)
			ResolveRequiredComponents (13ms)
	FinalizeReload (1920ms)
		ReleaseScriptCaches (0ms)
		RebuildScriptCaches (0ms)
		SetupLoadedEditorAssemblies (498ms)
			LogAssemblyErrors (0ms)
			InitializePlatformSupportModulesInManaged (5ms)
			SetLoadedEditorAssemblies (4ms)
			RefreshPlugins (0ms)
			BeforeProcessingInitializeOnLoad (86ms)
			ProcessInitializeOnLoadAttributes (307ms)
			ProcessInitializeOnLoadMethodAttributes (84ms)
			AfterProcessingInitializeOnLoad (12ms)
			EditorAssembliesLoaded (0ms)
		ExecutionOrderSort2 (0ms)
		AwakeInstancesAfterBackupRestoration (8ms)
Refreshing native plugins compatible for Editor in 9.57 ms, found 3 plugins.
Preloading 0 native plugins for Editor in 0.00 ms.
Unloading 5275 Unused Serialized files (Serialized files now loaded: 0)
Unloading 24 unused Assets / (0.8 MB). Loaded Objects now: 5923.
Memory consumption went from 188.5 MB to 187.8 MB.
Total: 3.089400 ms (FindLiveObjects: 0.321700 ms CreateObjectMapping: 0.231900 ms MarkObjects: 2.214000 ms  DeleteObjects: 0.321100 ms)

Prepare: number of updated asset objects reloaded= 0
AssetImportParameters requested are different than current active one (requested -> active):
  custom:scripting/monoscript/fileName/PlayerControllerScript.cs: 611bee229e14d5c3cba5401576a48eca -> f320e68d7cf9bae2bd97d30ef6b6fc9f
  custom:container-demuxer-ogg: 62fdf1f143b41e24485cea50d1cbac27 -> 
  custom:scripting/monoscript/fileName/Menu.cs: 0e1575f508e60d6d9d2287980b1e9d59 -> 6a6b6f10406332b78ded19ddc96541c7
  custom:video-codec-MediaFoundation-h265: 746d11721c4dcdbdad8f713fa42b33f4 -> 
  custom:video-decoder-ogg-theora: a1e56fd34408186e4bbccfd4996cb3dc -> 
  custom:scripting/monoscript/fileName/gameQuit.cs: 381d941fd2788eebf77d8cb6f70ef3c2 -> 7382bf7b61ded40b83716f0378898bfe
  custom:framework-win-MediaFoundation: 216162199b28c13a410421893ffa2e32 -> 
  custom:scripting/monoscript/fileName/nextscene.cs: 71d4e97111f2ccfb6469eaa5c15852fd -> 7f36a7078f337f359827de0bfa973d17
  custom:scripting/monoscript/fileName/MoveCamera.cs: 0ba2c6a4ff0b26c3b5d913ad712bdbcf -> 4cac7d10977ef19e1f3dcb198cffecc9
  custom:scripting/monoscript/fileName/PlayerController.cs: d93a52a180fbbe603a59e9aa6da73c83 -> 
  custom:scripting/monoscript/fileName/GrapplingGun.cs: c6f63c2bc0100b9f6daba303de7e6391 -> 77176f16d51127b7327ebe60da444b1b
  custom:CustomObjectIndexerAttribute: 72b91833f83ae208fae7752999fa3104 -> 
  custom:container-demuxer-webm: 4f35f7cbe854078d1ac9338744f61a02 -> 
  custom:container-muxer-webm: aa71ff27fc2769a1b78a27578f13a17b -> 
  custom:video-decoder-webm-vp8: 9c59270c3fd7afecdb556c50c9e8de78 -> 
  custom:SearchIndexIgnoredProperties: e643bd26f0fe6173181afceb89e7c659 -> 
  custom:AudioImporter_EditorPlatform: d09bf68614088b80899f8185d706f6e7 -> 
  custom:scripting/monoscript/fileName/NewSceneTemplatePipeline.cs: b6f58a58324aadcdeb2ef714546683e7 -> 
  custom:scripting/monoscript/fileName/CursorState.cs: d9334e78ca93c8a76e4ffabba9acbc96 -> 18edcf0e60018a5a6aafd91b55f4838d
  custom:video-encoder-webm-vp8: eb34c28f22e8b96e1ab97ce403110664 -> 
  custom:audio-decoder-ogg-vorbis: bf7c407c2cedff20999df2af8eb42d56 -> 
  custom:scripting/monoscript/fileName/SoundPlayer.cs: 475d88b9df1544d8382efdce1bccce36 -> de8f3d4c96b446794089a8747c7618fc
  custom:scripting/monoscript/fileName/RotateGun.cs: 990b299e558ef4062b64873ad76f8048 -> eb2e4494e6808171dca4a2e27cab19b6
  custom:audio-encoder-webm-vorbis: bf7c407c2cedff20999df2af8eb42d56 -> 
  custom:scripting/monoscript/fileName/GameRespawn.cs: 4e16be644a2a6965abf6e4d660a3f3d9 -> de38c5bfa9c430c63979501321be442e
  custom:scripting/monoscript/fileName/Outline.cs: 09c84349353572281e22293c31aa1a93 -> 5cc4e1f72e41e12efce0db8381204c45
  custom:scripting/precompiled-assembly-types:Assembly-CSharp: a15a550c1b7cb7afe237d3b2cdafee23 -> 9e68c45226702739bda24919f6288cd1
========================================================================
Received Prepare
Caller must complete domain reload
Begin MonoManager ReloadAssembly
- Loaded All Assemblies, in  0.541 seconds
Native extension for WindowsStandalone target not found
Mono: successfully reloaded assembly
- Finished resetting the current domain, in  1.796 seconds
Domain Reload Profiling: 2333ms
	BeginReloadAssembly (157ms)
		ExecutionOrderSort (0ms)
		DisableScriptedObjects (4ms)
		BackupInstance (0ms)
		ReleaseScriptingObjects (0ms)
		CreateAndSetChildDomain (30ms)
	RebuildCommonClasses (31ms)
	RebuildNativeTypeToScriptingClass (11ms)
	initialDomainReloadingComplete (35ms)
	LoadAllAssembliesAndSetupDomain (303ms)
		LoadAssemblies (375ms)
		RebuildTransferFunctionScriptingTraits (0ms)
		AnalyzeDomain (17ms)
			TypeCache.Refresh (5ms)
				TypeCache.ScanAssembly (0ms)
			ScanForSourceGeneratedMonoScriptInfo (0ms)
			ResolveRequiredComponents (9ms)
	FinalizeReload (1796ms)
		ReleaseScriptCaches (0ms)
		RebuildScriptCaches (0ms)
		SetupLoadedEditorAssemblies (497ms)
			LogAssemblyErrors (0ms)
			InitializePlatformSupportModulesInManaged (6ms)
			SetLoadedEditorAssemblies (5ms)
			RefreshPlugins (0ms)
			BeforeProcessingInitializeOnLoad (84ms)
			ProcessInitializeOnLoadAttributes (320ms)
			ProcessInitializeOnLoadMethodAttributes (73ms)
			AfterProcessingInitializeOnLoad (9ms)
			EditorAssembliesLoaded (0ms)
		ExecutionOrderSort2 (0ms)
		AwakeInstancesAfterBackupRestoration (7ms)
Refreshing native plugins compatible for Editor in 8.77 ms, found 3 plugins.
Preloading 0 native plugins for Editor in 0.00 ms.
Unloading 5275 Unused Serialized files (Serialized files now loaded: 0)
Unloading 24 unused Assets / (0.7 MB). Loaded Objects now: 5926.
Memory consumption went from 188.5 MB to 187.8 MB.
Total: 3.504700 ms (FindLiveObjects: 0.410000 ms CreateObjectMapping: 0.294800 ms MarkObjects: 2.426500 ms  DeleteObjects: 0.372600 ms)

Prepare: number of updated asset objects reloaded= 0
AssetImportParameters requested are different than current active one (requested -> active):
  custom:scripting/monoscript/fileName/PlayerControllerScript.cs: 611bee229e14d5c3cba5401576a48eca -> f320e68d7cf9bae2bd97d30ef6b6fc9f
  custom:container-demuxer-ogg: 62fdf1f143b41e24485cea50d1cbac27 -> 
  custom:scripting/monoscript/fileName/Menu.cs: 0e1575f508e60d6d9d2287980b1e9d59 -> 6a6b6f10406332b78ded19ddc96541c7
  custom:video-codec-MediaFoundation-h265: 746d11721c4dcdbdad8f713fa42b33f4 -> 
  custom:video-decoder-ogg-theora: a1e56fd34408186e4bbccfd4996cb3dc -> 
  custom:scripting/monoscript/fileName/gameQuit.cs: 381d941fd2788eebf77d8cb6f70ef3c2 -> 7382bf7b61ded40b83716f0378898bfe
  custom:framework-win-MediaFoundation: 216162199b28c13a410421893ffa2e32 -> 
  custom:scripting/monoscript/fileName/nextscene.cs: 71d4e97111f2ccfb6469eaa5c15852fd -> 7f36a7078f337f359827de0bfa973d17
  custom:scripting/monoscript/fileName/MoveCamera.cs: 0ba2c6a4ff0b26c3b5d913ad712bdbcf -> 4cac7d10977ef19e1f3dcb198cffecc9
  custom:scripting/monoscript/fileName/PlayerController.cs: d93a52a180fbbe603a59e9aa6da73c83 -> 
  custom:scripting/monoscript/fileName/GrapplingGun.cs: c6f63c2bc0100b9f6daba303de7e6391 -> 77176f16d51127b7327ebe60da444b1b
  custom:CustomObjectIndexerAttribute: 72b91833f83ae208fae7752999fa3104 -> 
  custom:container-demuxer-webm: 4f35f7cbe854078d1ac9338744f61a02 -> 
  custom:container-muxer-webm: aa71ff27fc2769a1b78a27578f13a17b -> 
  custom:video-decoder-webm-vp8: 9c59270c3fd7afecdb556c50c9e8de78 -> 
  custom:SearchIndexIgnoredProperties: e643bd26f0fe6173181afceb89e7c659 -> 
  custom:AudioImporter_EditorPlatform: d09bf68614088b80899f8185d706f6e7 -> 
  custom:scripting/monoscript/fileName/NewSceneTemplatePipeline.cs: b6f58a58324aadcdeb2ef714546683e7 -> 
  custom:scripting/monoscript/fileName/CursorState.cs: d9334e78ca93c8a76e4ffabba9acbc96 -> 18edcf0e60018a5a6aafd91b55f4838d
  custom:video-encoder-webm-vp8: eb34c28f22e8b96e1ab97ce403110664 -> 
  custom:audio-decoder-ogg-vorbis: bf7c407c2cedff20999df2af8eb42d56 -> 
  custom:scripting/monoscript/fileName/SoundPlayer.cs: 475d88b9df1544d8382efdce1bccce36 -> de8f3d4c96b446794089a8747c7618fc
  custom:scripting/monoscript/fileName/RotateGun.cs: 990b299e558ef4062b64873ad76f8048 -> eb2e4494e6808171dca4a2e27cab19b6
  custom:audio-encoder-webm-vorbis: bf7c407c2cedff20999df2af8eb42d56 -> 
  custom:scripting/monoscript/fileName/GameRespawn.cs: 4e16be644a2a6965abf6e4d660a3f3d9 -> de38c5bfa9c430c63979501321be442e
  custom:scripting/monoscript/fileName/Outline.cs: 09c84349353572281e22293c31aa1a93 -> 5cc4e1f72e41e12efce0db8381204c45
  custom:scripting/precompiled-assembly-types:Assembly-CSharp: a15a550c1b7cb7afe237d3b2cdafee23 -> 9e68c45226702739bda24919f6288cd1
========================================================================
Received Import Request.
  Time since last request: 57.618451 seconds.
  path: Assets/scripts/Player/GrapplingGun.cs
  artifactKey: Guid(9c34889dce478bc4789ca0c92f10178c) Importer(815301076,1909f56bfc062723c751e8b465ee728b)
Start importing Assets/scripts/Player/GrapplingGun.cs using Guid(9c34889dce478bc4789ca0c92f10178c) Importer(815301076,1909f56bfc062723c751e8b465ee728b) [PhysX] Initialized MultithreadedTaskDispatcher with 12 workers.
 -> (artifact id: '522b873ff467f91691515802d94d08f2') in 0.001879 seconds
Number of updated asset objects reloaded before import = 0
Number of asset objects unloaded after import = 0
========================================================================
Received Prepare
Caller must complete domain reload
Begin MonoManager ReloadAssembly
- Loaded All Assemblies, in  0.580 seconds
Native extension for WindowsStandalone target not found
Mono: successfully reloaded assembly
- Finished resetting the current domain, in  1.726 seconds
Domain Reload Profiling: 2303ms
	BeginReloadAssembly (163ms)
		ExecutionOrderSort (0ms)
		DisableScriptedObjects (3ms)
		BackupInstance (0ms)
		ReleaseScriptingObjects (0ms)
		CreateAndSetChildDomain (35ms)
	RebuildCommonClasses (30ms)
	RebuildNativeTypeToScriptingClass (9ms)
	initialDomainReloadingComplete (36ms)
	LoadAllAssembliesAndSetupDomain (338ms)
		LoadAssemblies (369ms)
		RebuildTransferFunctionScriptingTraits (0ms)
		AnalyzeDomain (55ms)
			TypeCache.Refresh (12ms)
				TypeCache.ScanAssembly (0ms)
			ScanForSourceGeneratedMonoScriptInfo (28ms)
			ResolveRequiredComponents (10ms)
	FinalizeReload (1727ms)
		ReleaseScriptCaches (0ms)
		RebuildScriptCaches (0ms)
		SetupLoadedEditorAssemblies (447ms)
			LogAssemblyErrors (0ms)
			InitializePlatformSupportModulesInManaged (5ms)
			SetLoadedEditorAssemblies (5ms)
			RefreshPlugins (0ms)
			BeforeProcessingInitializeOnLoad (85ms)
			ProcessInitializeOnLoadAttributes (281ms)
			ProcessInitializeOnLoadMethodAttributes (63ms)
			AfterProcessingInitializeOnLoad (8ms)
			EditorAssembliesLoaded (0ms)
		ExecutionOrderSort2 (0ms)
		AwakeInstancesAfterBackupRestoration (6ms)
Refreshing native plugins compatible for Editor in 7.32 ms, found 3 plugins.
Preloading 0 native plugins for Editor in 0.00 ms.
Unloading 5274 Unused Serialized files (Serialized files now loaded: 0)
Unloading 24 unused Assets / (0.8 MB). Loaded Objects now: 5929.
Memory consumption went from 188.3 MB to 187.5 MB.
Total: 4.198500 ms (FindLiveObjects: 0.428400 ms CreateObjectMapping: 0.390000 ms MarkObjects: 2.922500 ms  DeleteObjects: 0.456300 ms)

Prepare: number of updated asset objects reloaded= 0
AssetImportParameters requested are different than current active one (requested -> active):
  custom:scripting/monoscript/fileName/PlayerControllerScript.cs: 611bee229e14d5c3cba5401576a48eca -> f320e68d7cf9bae2bd97d30ef6b6fc9f
  custom:container-demuxer-ogg: 62fdf1f143b41e24485cea50d1cbac27 -> 
  custom:scripting/monoscript/fileName/Menu.cs: 0e1575f508e60d6d9d2287980b1e9d59 -> 6a6b6f10406332b78ded19ddc96541c7
  custom:video-codec-MediaFoundation-h265: 746d11721c4dcdbdad8f713fa42b33f4 -> 
  custom:video-decoder-ogg-theora: a1e56fd34408186e4bbccfd4996cb3dc -> 
  custom:scripting/monoscript/fileName/gameQuit.cs: 381d941fd2788eebf77d8cb6f70ef3c2 -> 7382bf7b61ded40b83716f0378898bfe
  custom:framework-win-MediaFoundation: 216162199b28c13a410421893ffa2e32 -> 
  custom:scripting/monoscript/fileName/nextscene.cs: 71d4e97111f2ccfb6469eaa5c15852fd -> 7f36a7078f337f359827de0bfa973d17
  custom:scripting/monoscript/fileName/MoveCamera.cs: 0ba2c6a4ff0b26c3b5d913ad712bdbcf -> 4cac7d10977ef19e1f3dcb198cffecc9
  custom:scripting/monoscript/fileName/PlayerController.cs: d93a52a180fbbe603a59e9aa6da73c83 -> 
  custom:scripting/monoscript/fileName/GrapplingGun.cs: c6f63c2bc0100b9f6daba303de7e6391 -> 77176f16d51127b7327ebe60da444b1b
  custom:CustomObjectIndexerAttribute: 72b91833f83ae208fae7752999fa3104 -> 
  custom:container-demuxer-webm: 4f35f7cbe854078d1ac9338744f61a02 -> 
  custom:container-muxer-webm: aa71ff27fc2769a1b78a27578f13a17b -> 
  custom:video-decoder-webm-vp8: 9c59270c3fd7afecdb556c50c9e8de78 -> 
  custom:SearchIndexIgnoredProperties: e643bd26f0fe6173181afceb89e7c659 -> 
  custom:AudioImporter_EditorPlatform: d09bf68614088b80899f8185d706f6e7 -> 
  custom:scripting/monoscript/fileName/NewSceneTemplatePipeline.cs: b6f58a58324aadcdeb2ef714546683e7 -> 
  custom:scripting/monoscript/fileName/CursorState.cs: d9334e78ca93c8a76e4ffabba9acbc96 -> 18edcf0e60018a5a6aafd91b55f4838d
  custom:video-encoder-webm-vp8: eb34c28f22e8b96e1ab97ce403110664 -> 
  custom:audio-decoder-ogg-vorbis: bf7c407c2cedff20999df2af8eb42d56 -> 
  custom:scripting/monoscript/fileName/SoundPlayer.cs: 475d88b9df1544d8382efdce1bccce36 -> de8f3d4c96b446794089a8747c7618fc
  custom:scripting/monoscript/fileName/RotateGun.cs: 990b299e558ef4062b64873ad76f8048 -> eb2e4494e6808171dca4a2e27cab19b6
  custom:audio-encoder-webm-vorbis: bf7c407c2cedff20999df2af8eb42d56 -> 
  custom:scripting/monoscript/fileName/GameRespawn.cs: 4e16be644a2a6965abf6e4d660a3f3d9 -> de38c5bfa9c430c63979501321be442e
  custom:scripting/monoscript/fileName/Outline.cs: 09c84349353572281e22293c31aa1a93 -> 5cc4e1f72e41e12efce0db8381204c45
  custom:scripting/precompiled-assembly-types:Assembly-CSharp: a15a550c1b7cb7afe237d3b2cdafee23 -> 9e68c45226702739bda24919f6288cd1
========================================================================
Received Prepare
Caller must complete domain reload
Begin MonoManager ReloadAssembly
- Loaded All Assemblies, in  0.537 seconds
Native extension for WindowsStandalone target not found
Mono: successfully reloaded assembly
- Finished resetting the current domain, in  2.116 seconds
Domain Reload Profiling: 2648ms
	BeginReloadAssembly (161ms)
		ExecutionOrderSort (0ms)
		DisableScriptedObjects (3ms)
		BackupInstance (0ms)
		ReleaseScriptingObjects (0ms)
		CreateAndSetChildDomain (35ms)
	RebuildCommonClasses (31ms)
	RebuildNativeTypeToScriptingClass (9ms)
	initialDomainReloadingComplete (31ms)
	LoadAllAssembliesAndSetupDomain (299ms)
		LoadAssemblies (369ms)
		RebuildTransferFunctionScriptingTraits (0ms)
		AnalyzeDomain (17ms)
			TypeCache.Refresh (5ms)
				TypeCache.ScanAssembly (0ms)
			ScanForSourceGeneratedMonoScriptInfo (0ms)
			ResolveRequiredComponents (10ms)
	FinalizeReload (2116ms)
		ReleaseScriptCaches (0ms)
		RebuildScriptCaches (0ms)
		SetupLoadedEditorAssemblies (575ms)
			LogAssemblyErrors (0ms)
			InitializePlatformSupportModulesInManaged (8ms)
			SetLoadedEditorAssemblies (5ms)
			RefreshPlugins (0ms)
			BeforeProcessingInitializeOnLoad (101ms)
			ProcessInitializeOnLoadAttributes (363ms)
			ProcessInitializeOnLoadMethodAttributes (88ms)
			AfterProcessingInitializeOnLoad (9ms)
			EditorAssembliesLoaded (0ms)
		ExecutionOrderSort2 (0ms)
		AwakeInstancesAfterBackupRestoration (10ms)
Refreshing native plugins compatible for Editor in 10.48 ms, found 3 plugins.
Preloading 0 native plugins for Editor in 0.00 ms.
Unloading 5275 Unused Serialized files (Serialized files now loaded: 0)
Unloading 24 unused Assets / (0.7 MB). Loaded Objects now: 5932.
Memory consumption went from 188.5 MB to 187.8 MB.
Total: 3.960000 ms (FindLiveObjects: 0.502200 ms CreateObjectMapping: 0.348300 ms MarkObjects: 2.665800 ms  DeleteObjects: 0.443100 ms)

Prepare: number of updated asset objects reloaded= 0
AssetImportParameters requested are different than current active one (requested -> active):
  custom:scripting/monoscript/fileName/PlayerControllerScript.cs: 611bee229e14d5c3cba5401576a48eca -> f320e68d7cf9bae2bd97d30ef6b6fc9f
  custom:container-demuxer-ogg: 62fdf1f143b41e24485cea50d1cbac27 -> 
  custom:scripting/monoscript/fileName/Menu.cs: 0e1575f508e60d6d9d2287980b1e9d59 -> 6a6b6f10406332b78ded19ddc96541c7
  custom:video-codec-MediaFoundation-h265: 746d11721c4dcdbdad8f713fa42b33f4 -> 
  custom:video-decoder-ogg-theora: a1e56fd34408186e4bbccfd4996cb3dc -> 
  custom:scripting/monoscript/fileName/gameQuit.cs: 381d941fd2788eebf77d8cb6f70ef3c2 -> 7382bf7b61ded40b83716f0378898bfe
  custom:framework-win-MediaFoundation: 216162199b28c13a410421893ffa2e32 -> 
  custom:scripting/monoscript/fileName/nextscene.cs: 71d4e97111f2ccfb6469eaa5c15852fd -> 7f36a7078f337f359827de0bfa973d17
  custom:scripting/monoscript/fileName/MoveCamera.cs: 0ba2c6a4ff0b26c3b5d913ad712bdbcf -> 4cac7d10977ef19e1f3dcb198cffecc9
  custom:scripting/monoscript/fileName/PlayerController.cs: d93a52a180fbbe603a59e9aa6da73c83 -> 
  custom:scripting/monoscript/fileName/GrapplingGun.cs: c6f63c2bc0100b9f6daba303de7e6391 -> 77176f16d51127b7327ebe60da444b1b
  custom:CustomObjectIndexerAttribute: 72b91833f83ae208fae7752999fa3104 -> 
  custom:container-demuxer-webm: 4f35f7cbe854078d1ac9338744f61a02 -> 
  custom:container-muxer-webm: aa71ff27fc2769a1b78a27578f13a17b -> 
  custom:video-decoder-webm-vp8: 9c59270c3fd7afecdb556c50c9e8de78 -> 
  custom:SearchIndexIgnoredProperties: e643bd26f0fe6173181afceb89e7c659 -> 
  custom:AudioImporter_EditorPlatform: d09bf68614088b80899f8185d706f6e7 -> 
  custom:scripting/monoscript/fileName/NewSceneTemplatePipeline.cs: b6f58a58324aadcdeb2ef714546683e7 -> 
  custom:scripting/monoscript/fileName/CursorState.cs: d9334e78ca93c8a76e4ffabba9acbc96 -> 18edcf0e60018a5a6aafd91b55f4838d
  custom:video-encoder-webm-vp8: eb34c28f22e8b96e1ab97ce403110664 -> 
  custom:audio-decoder-ogg-vorbis: bf7c407c2cedff20999df2af8eb42d56 -> 
  custom:scripting/monoscript/fileName/SoundPlayer.cs: 475d88b9df1544d8382efdce1bccce36 -> de8f3d4c96b446794089a8747c7618fc
  custom:scripting/monoscript/fileName/RotateGun.cs: 990b299e558ef4062b64873ad76f8048 -> eb2e4494e6808171dca4a2e27cab19b6
  custom:audio-encoder-webm-vorbis: bf7c407c2cedff20999df2af8eb42d56 -> 
  custom:scripting/monoscript/fileName/GameRespawn.cs: 4e16be644a2a6965abf6e4d660a3f3d9 -> de38c5bfa9c430c63979501321be442e
  custom:scripting/monoscript/fileName/Outline.cs: 09c84349353572281e22293c31aa1a93 -> 5cc4e1f72e41e12efce0db8381204c45
  custom:scripting/precompiled-assembly-types:Assembly-CSharp: a15a550c1b7cb7afe237d3b2cdafee23 -> 9e68c45226702739bda24919f6288cd1
========================================================================
Received Prepare
Caller must complete domain reload
Begin MonoManager ReloadAssembly
- Loaded All Assemblies, in  0.564 seconds
Native extension for WindowsStandalone target not found
Mono: successfully reloaded assembly
- Finished resetting the current domain, in  1.636 seconds
Domain Reload Profiling: 2196ms
	BeginReloadAssembly (175ms)
		ExecutionOrderSort (0ms)
		DisableScriptedObjects (5ms)
		BackupInstance (0ms)
		ReleaseScriptingObjects (0ms)
		CreateAndSetChildDomain (31ms)
	RebuildCommonClasses (34ms)
	RebuildNativeTypeToScriptingClass (9ms)
	initialDomainReloadingComplete (37ms)
	LoadAllAssembliesAndSetupDomain (305ms)
		LoadAssemblies (371ms)
		RebuildTransferFunctionScriptingTraits (0ms)
		AnalyzeDomain (35ms)
			TypeCache.Refresh (8ms)
				TypeCache.ScanAssembly (0ms)
			ScanForSourceGeneratedMonoScriptInfo (16ms)
			ResolveRequiredComponents (8ms)
	FinalizeReload (1637ms)
		ReleaseScriptCaches (0ms)
		RebuildScriptCaches (0ms)
		SetupLoadedEditorAssemblies (455ms)
			LogAssemblyErrors (0ms)
			InitializePlatformSupportModulesInManaged (6ms)
			SetLoadedEditorAssemblies (4ms)
			RefreshPlugins (0ms)
			BeforeProcessingInitializeOnLoad (77ms)
			ProcessInitializeOnLoadAttributes (301ms)
			ProcessInitializeOnLoadMethodAttributes (60ms)
			AfterProcessingInitializeOnLoad (7ms)
			EditorAssembliesLoaded (0ms)
		ExecutionOrderSort2 (0ms)
		AwakeInstancesAfterBackupRestoration (6ms)
Refreshing native plugins compatible for Editor in 7.65 ms, found 3 plugins.
Preloading 0 native plugins for Editor in 0.00 ms.
Unloading 5275 Unused Serialized files (Serialized files now loaded: 0)
Unloading 24 unused Assets / (0.7 MB). Loaded Objects now: 5935.
Memory consumption went from 188.5 MB to 187.8 MB.
Total: 4.929700 ms (FindLiveObjects: 0.367900 ms CreateObjectMapping: 0.385300 ms MarkObjects: 3.807400 ms  DeleteObjects: 0.368000 ms)

Prepare: number of updated asset objects reloaded= 0
AssetImportParameters requested are different than current active one (requested -> active):
  custom:scripting/monoscript/fileName/PlayerControllerScript.cs: 611bee229e14d5c3cba5401576a48eca -> f320e68d7cf9bae2bd97d30ef6b6fc9f
  custom:container-demuxer-ogg: 62fdf1f143b41e24485cea50d1cbac27 -> 
  custom:scripting/monoscript/fileName/Menu.cs: 0e1575f508e60d6d9d2287980b1e9d59 -> 6a6b6f10406332b78ded19ddc96541c7
  custom:video-codec-MediaFoundation-h265: 746d11721c4dcdbdad8f713fa42b33f4 -> 
  custom:video-decoder-ogg-theora: a1e56fd34408186e4bbccfd4996cb3dc -> 
  custom:scripting/monoscript/fileName/gameQuit.cs: 381d941fd2788eebf77d8cb6f70ef3c2 -> 7382bf7b61ded40b83716f0378898bfe
  custom:framework-win-MediaFoundation: 216162199b28c13a410421893ffa2e32 -> 
  custom:scripting/monoscript/fileName/nextscene.cs: 71d4e97111f2ccfb6469eaa5c15852fd -> 7f36a7078f337f359827de0bfa973d17
  custom:scripting/monoscript/fileName/MoveCamera.cs: 0ba2c6a4ff0b26c3b5d913ad712bdbcf -> 4cac7d10977ef19e1f3dcb198cffecc9
  custom:scripting/monoscript/fileName/PlayerController.cs: d93a52a180fbbe603a59e9aa6da73c83 -> 
  custom:scripting/monoscript/fileName/GrapplingGun.cs: c6f63c2bc0100b9f6daba303de7e6391 -> 77176f16d51127b7327ebe60da444b1b
  custom:CustomObjectIndexerAttribute: 72b91833f83ae208fae7752999fa3104 -> 
  custom:container-demuxer-webm: 4f35f7cbe854078d1ac9338744f61a02 -> 
  custom:container-muxer-webm: aa71ff27fc2769a1b78a27578f13a17b -> 
  custom:video-decoder-webm-vp8: 9c59270c3fd7afecdb556c50c9e8de78 -> 
  custom:SearchIndexIgnoredProperties: e643bd26f0fe6173181afceb89e7c659 -> 
  custom:AudioImporter_EditorPlatform: d09bf68614088b80899f8185d706f6e7 -> 
  custom:scripting/monoscript/fileName/NewSceneTemplatePipeline.cs: b6f58a58324aadcdeb2ef714546683e7 -> 
  custom:scripting/monoscript/fileName/CursorState.cs: d9334e78ca93c8a76e4ffabba9acbc96 -> 18edcf0e60018a5a6aafd91b55f4838d
  custom:video-encoder-webm-vp8: eb34c28f22e8b96e1ab97ce403110664 -> 
  custom:audio-decoder-ogg-vorbis: bf7c407c2cedff20999df2af8eb42d56 -> 
  custom:scripting/monoscript/fileName/SoundPlayer.cs: 475d88b9df1544d8382efdce1bccce36 -> de8f3d4c96b446794089a8747c7618fc
  custom:scripting/monoscript/fileName/RotateGun.cs: 990b299e558ef4062b64873ad76f8048 -> eb2e4494e6808171dca4a2e27cab19b6
  custom:audio-encoder-webm-vorbis: bf7c407c2cedff20999df2af8eb42d56 -> 
  custom:scripting/monoscript/fileName/GameRespawn.cs: 4e16be644a2a6965abf6e4d660a3f3d9 -> de38c5bfa9c430c63979501321be442e
  custom:scripting/monoscript/fileName/Outline.cs: 09c84349353572281e22293c31aa1a93 -> 5cc4e1f72e41e12efce0db8381204c45
  custom:scripting/precompiled-assembly-types:Assembly-CSharp: a15a550c1b7cb7afe237d3b2cdafee23 -> 9e68c45226702739bda24919f6288cd1
========================================================================
Received Prepare
Caller must complete domain reload
Begin MonoManager ReloadAssembly
- Loaded All Assemblies, in  0.521 seconds
Native extension for WindowsStandalone target not found
Mono: successfully reloaded assembly
- Finished resetting the current domain, in  1.971 seconds
Domain Reload Profiling: 2489ms
	BeginReloadAssembly (185ms)
		ExecutionOrderSort (0ms)
		DisableScriptedObjects (5ms)
		BackupInstance (0ms)
		ReleaseScriptingObjects (0ms)
		CreateAndSetChildDomain (34ms)
	RebuildCommonClasses (26ms)
	RebuildNativeTypeToScriptingClass (9ms)
	initialDomainReloadingComplete (30ms)
	LoadAllAssembliesAndSetupDomain (267ms)
		LoadAssemblies (358ms)
		RebuildTransferFunctionScriptingTraits (0ms)
		AnalyzeDomain (16ms)
			TypeCache.Refresh (5ms)
				TypeCache.ScanAssembly (0ms)
			ScanForSourceGeneratedMonoScriptInfo (0ms)
			ResolveRequiredComponents (9ms)
	FinalizeReload (1971ms)
		ReleaseScriptCaches (0ms)
		RebuildScriptCaches (0ms)
		SetupLoadedEditorAssemblies (512ms)
			LogAssemblyErrors (0ms)
			InitializePlatformSupportModulesInManaged (9ms)
			SetLoadedEditorAssemblies (6ms)
			RefreshPlugins (0ms)
			BeforeProcessingInitializeOnLoad (97ms)
			ProcessInitializeOnLoadAttributes (319ms)
			ProcessInitializeOnLoadMethodAttributes (72ms)
			AfterProcessingInitializeOnLoad (10ms)
			EditorAssembliesLoaded (0ms)
		ExecutionOrderSort2 (0ms)
		AwakeInstancesAfterBackupRestoration (7ms)
Refreshing native plugins compatible for Editor in 8.31 ms, found 3 plugins.
Preloading 0 native plugins for Editor in 0.00 ms.
Unloading 5275 Unused Serialized files (Serialized files now loaded: 0)
Unloading 24 unused Assets / (0.7 MB). Loaded Objects now: 5938.
Memory consumption went from 188.5 MB to 187.8 MB.
Total: 3.704600 ms (FindLiveObjects: 0.489400 ms CreateObjectMapping: 0.379300 ms MarkObjects: 2.473300 ms  DeleteObjects: 0.362100 ms)

Prepare: number of updated asset objects reloaded= 0
AssetImportParameters requested are different than current active one (requested -> active):
  custom:scripting/monoscript/fileName/PlayerControllerScript.cs: 611bee229e14d5c3cba5401576a48eca -> f320e68d7cf9bae2bd97d30ef6b6fc9f
  custom:container-demuxer-ogg: 62fdf1f143b41e24485cea50d1cbac27 -> 
  custom:scripting/monoscript/fileName/Menu.cs: 0e1575f508e60d6d9d2287980b1e9d59 -> 6a6b6f10406332b78ded19ddc96541c7
  custom:video-codec-MediaFoundation-h265: 746d11721c4dcdbdad8f713fa42b33f4 -> 
  custom:video-decoder-ogg-theora: a1e56fd34408186e4bbccfd4996cb3dc -> 
  custom:scripting/monoscript/fileName/gameQuit.cs: 381d941fd2788eebf77d8cb6f70ef3c2 -> 7382bf7b61ded40b83716f0378898bfe
  custom:framework-win-MediaFoundation: 216162199b28c13a410421893ffa2e32 -> 
  custom:scripting/monoscript/fileName/nextscene.cs: 71d4e97111f2ccfb6469eaa5c15852fd -> 7f36a7078f337f359827de0bfa973d17
  custom:scripting/monoscript/fileName/MoveCamera.cs: 0ba2c6a4ff0b26c3b5d913ad712bdbcf -> 4cac7d10977ef19e1f3dcb198cffecc9
  custom:scripting/monoscript/fileName/PlayerController.cs: d93a52a180fbbe603a59e9aa6da73c83 -> 
  custom:scripting/monoscript/fileName/GrapplingGun.cs: c6f63c2bc0100b9f6daba303de7e6391 -> 77176f16d51127b7327ebe60da444b1b
  custom:CustomObjectIndexerAttribute: 72b91833f83ae208fae7752999fa3104 -> 
  custom:container-demuxer-webm: 4f35f7cbe854078d1ac9338744f61a02 -> 
  custom:container-muxer-webm: aa71ff27fc2769a1b78a27578f13a17b -> 
  custom:video-decoder-webm-vp8: 9c59270c3fd7afecdb556c50c9e8de78 -> 
  custom:SearchIndexIgnoredProperties: e643bd26f0fe6173181afceb89e7c659 -> 
  custom:AudioImporter_EditorPlatform: d09bf68614088b80899f8185d706f6e7 -> 
  custom:scripting/monoscript/fileName/NewSceneTemplatePipeline.cs: b6f58a58324aadcdeb2ef714546683e7 -> 
  custom:scripting/monoscript/fileName/CursorState.cs: d9334e78ca93c8a76e4ffabba9acbc96 -> 18edcf0e60018a5a6aafd91b55f4838d
  custom:video-encoder-webm-vp8: eb34c28f22e8b96e1ab97ce403110664 -> 
  custom:audio-decoder-ogg-vorbis: bf7c407c2cedff20999df2af8eb42d56 -> 
  custom:scripting/monoscript/fileName/SoundPlayer.cs: 475d88b9df1544d8382efdce1bccce36 -> de8f3d4c96b446794089a8747c7618fc
  custom:scripting/monoscript/fileName/RotateGun.cs: 990b299e558ef4062b64873ad76f8048 -> eb2e4494e6808171dca4a2e27cab19b6
  custom:audio-encoder-webm-vorbis: bf7c407c2cedff20999df2af8eb42d56 -> 
  custom:scripting/monoscript/fileName/GameRespawn.cs: 4e16be644a2a6965abf6e4d660a3f3d9 -> de38c5bfa9c430c63979501321be442e
  custom:scripting/monoscript/fileName/Outline.cs: 09c84349353572281e22293c31aa1a93 -> 5cc4e1f72e41e12efce0db8381204c45
  custom:scripting/precompiled-assembly-types:Assembly-CSharp: a15a550c1b7cb7afe237d3b2cdafee23 -> 9e68c45226702739bda24919f6288cd1
========================================================================
Received Prepare
Caller must complete domain reload
Begin MonoManager ReloadAssembly
- Loaded All Assemblies, in  0.607 seconds
Native extension for WindowsStandalone target not found
Mono: successfully reloaded assembly
- Finished resetting the current domain, in  2.523 seconds
Domain Reload Profiling: 3127ms
	BeginReloadAssembly (182ms)
		ExecutionOrderSort (0ms)
		DisableScriptedObjects (6ms)
		BackupInstance (0ms)
		ReleaseScriptingObjects (0ms)
		CreateAndSetChildDomain (40ms)
	RebuildCommonClasses (40ms)
	RebuildNativeTypeToScriptingClass (9ms)
	initialDomainReloadingComplete (32ms)
	LoadAllAssembliesAndSetupDomain (340ms)
		LoadAssemblies (400ms)
		RebuildTransferFunctionScriptingTraits (0ms)
		AnalyzeDomain (37ms)
			TypeCache.Refresh (10ms)
				TypeCache.ScanAssembly (0ms)
			ScanForSourceGeneratedMonoScriptInfo (17ms)
			ResolveRequiredComponents (8ms)
	FinalizeReload (2524ms)
		ReleaseScriptCaches (0ms)
		RebuildScriptCaches (0ms)
		SetupLoadedEditorAssemblies (449ms)
			LogAssemblyErrors (0ms)
			InitializePlatformSupportModulesInManaged (7ms)
			SetLoadedEditorAssemblies (4ms)
			RefreshPlugins (0ms)
			BeforeProcessingInitializeOnLoad (82ms)
			ProcessInitializeOnLoadAttributes (278ms)
			ProcessInitializeOnLoadMethodAttributes (70ms)
			AfterProcessingInitializeOnLoad (8ms)
			EditorAssembliesLoaded (0ms)
		ExecutionOrderSort2 (0ms)
		AwakeInstancesAfterBackupRestoration (7ms)
Refreshing native plugins compatible for Editor in 8.42 ms, found 3 plugins.
Preloading 0 native plugins for Editor in 0.00 ms.
Unloading 5275 Unused Serialized files (Serialized files now loaded: 0)
Unloading 24 unused Assets / (0.8 MB). Loaded Objects now: 5941.
Memory consumption went from 188.5 MB to 187.8 MB.
Total: 5.015800 ms (FindLiveObjects: 0.622500 ms CreateObjectMapping: 0.394000 ms MarkObjects: 3.529500 ms  DeleteObjects: 0.469300 ms)

Prepare: number of updated asset objects reloaded= 0
AssetImportParameters requested are different than current active one (requested -> active):
  custom:scripting/monoscript/fileName/PlayerControllerScript.cs: 611bee229e14d5c3cba5401576a48eca -> f320e68d7cf9bae2bd97d30ef6b6fc9f
  custom:container-demuxer-ogg: 62fdf1f143b41e24485cea50d1cbac27 -> 
  custom:scripting/monoscript/fileName/Menu.cs: 0e1575f508e60d6d9d2287980b1e9d59 -> 6a6b6f10406332b78ded19ddc96541c7
  custom:video-codec-MediaFoundation-h265: 746d11721c4dcdbdad8f713fa42b33f4 -> 
  custom:video-decoder-ogg-theora: a1e56fd34408186e4bbccfd4996cb3dc -> 
  custom:scripting/monoscript/fileName/gameQuit.cs: 381d941fd2788eebf77d8cb6f70ef3c2 -> 7382bf7b61ded40b83716f0378898bfe
  custom:framework-win-MediaFoundation: 216162199b28c13a410421893ffa2e32 -> 
  custom:scripting/monoscript/fileName/nextscene.cs: 71d4e97111f2ccfb6469eaa5c15852fd -> 7f36a7078f337f359827de0bfa973d17
  custom:scripting/monoscript/fileName/MoveCamera.cs: 0ba2c6a4ff0b26c3b5d913ad712bdbcf -> 4cac7d10977ef19e1f3dcb198cffecc9
  custom:scripting/monoscript/fileName/PlayerController.cs: d93a52a180fbbe603a59e9aa6da73c83 -> 
  custom:scripting/monoscript/fileName/GrapplingGun.cs: c6f63c2bc0100b9f6daba303de7e6391 -> 77176f16d51127b7327ebe60da444b1b
  custom:CustomObjectIndexerAttribute: 72b91833f83ae208fae7752999fa3104 -> 
  custom:container-demuxer-webm: 4f35f7cbe854078d1ac9338744f61a02 -> 
  custom:container-muxer-webm: aa71ff27fc2769a1b78a27578f13a17b -> 
  custom:video-decoder-webm-vp8: 9c59270c3fd7afecdb556c50c9e8de78 -> 
  custom:SearchIndexIgnoredProperties: e643bd26f0fe6173181afceb89e7c659 -> 
  custom:AudioImporter_EditorPlatform: d09bf68614088b80899f8185d706f6e7 -> 
  custom:scripting/monoscript/fileName/NewSceneTemplatePipeline.cs: b6f58a58324aadcdeb2ef714546683e7 -> 
  custom:scripting/monoscript/fileName/CursorState.cs: d9334e78ca93c8a76e4ffabba9acbc96 -> 18edcf0e60018a5a6aafd91b55f4838d
  custom:video-encoder-webm-vp8: eb34c28f22e8b96e1ab97ce403110664 -> 
  custom:audio-decoder-ogg-vorbis: bf7c407c2cedff20999df2af8eb42d56 -> 
  custom:scripting/monoscript/fileName/SoundPlayer.cs: 475d88b9df1544d8382efdce1bccce36 -> de8f3d4c96b446794089a8747c7618fc
  custom:scripting/monoscript/fileName/RotateGun.cs: 990b299e558ef4062b64873ad76f8048 -> eb2e4494e6808171dca4a2e27cab19b6
  custom:audio-encoder-webm-vorbis: bf7c407c2cedff20999df2af8eb42d56 -> 
  custom:scripting/monoscript/fileName/GameRespawn.cs: 4e16be644a2a6965abf6e4d660a3f3d9 -> de38c5bfa9c430c63979501321be442e
  custom:scripting/monoscript/fileName/Outline.cs: 09c84349353572281e22293c31aa1a93 -> 5cc4e1f72e41e12efce0db8381204c45
  custom:scripting/precompiled-assembly-types:Assembly-CSharp: a15a550c1b7cb7afe237d3b2cdafee23 -> 9e68c45226702739bda24919f6288cd1
========================================================================
Received Import Request.
  Time since last request: 222.776633 seconds.
  path: Assets/scripts/Player/GrapplingGun.cs
  artifactKey: Guid(9c34889dce478bc4789ca0c92f10178c) Importer(815301076,1909f56bfc062723c751e8b465ee728b)
Start importing Assets/scripts/Player/GrapplingGun.cs using Guid(9c34889dce478bc4789ca0c92f10178c) Importer(815301076,1909f56bfc062723c751e8b465ee728b) [PhysX] Initialized MultithreadedTaskDispatcher with 12 workers.
 -> (artifact id: 'e27c98e901e7874280265892d57071a0') in 0.001593 seconds
Number of updated asset objects reloaded before import = 0
Number of asset objects unloaded after import = 0
========================================================================
Received Prepare
Caller must complete domain reload
Begin MonoManager ReloadAssembly
- Loaded All Assemblies, in  0.557 seconds
Native extension for WindowsStandalone target not found
Mono: successfully reloaded assembly
- Finished resetting the current domain, in  2.491 seconds
Domain Reload Profiling: 3044ms
	BeginReloadAssembly (156ms)
		ExecutionOrderSort (0ms)
		DisableScriptedObjects (4ms)
		BackupInstance (0ms)
		ReleaseScriptingObjects (0ms)
		CreateAndSetChildDomain (30ms)
	RebuildCommonClasses (26ms)
	RebuildNativeTypeToScriptingClass (9ms)
	initialDomainReloadingComplete (29ms)
	LoadAllAssembliesAndSetupDomain (331ms)
		LoadAssemblies (381ms)
		RebuildTransferFunctionScriptingTraits (0ms)
		AnalyzeDomain (39ms)
			TypeCache.Refresh (9ms)
				TypeCache.ScanAssembly (0ms)
			ScanForSourceGeneratedMonoScriptInfo (17ms)
			ResolveRequiredComponents (11ms)
	FinalizeReload (2492ms)
		ReleaseScriptCaches (0ms)
		RebuildScriptCaches (0ms)
		SetupLoadedEditorAssemblies (462ms)
			LogAssemblyErrors (0ms)
			InitializePlatformSupportModulesInManaged (7ms)
			SetLoadedEditorAssemblies (4ms)
			RefreshPlugins (0ms)
			BeforeProcessingInitializeOnLoad (84ms)
			ProcessInitializeOnLoadAttributes (294ms)
			ProcessInitializeOnLoadMethodAttributes (65ms)
			AfterProcessingInitializeOnLoad (8ms)
			EditorAssembliesLoaded (0ms)
		ExecutionOrderSort2 (0ms)
		AwakeInstancesAfterBackupRestoration (7ms)
Refreshing native plugins compatible for Editor in 8.62 ms, found 3 plugins.
Preloading 0 native plugins for Editor in 0.00 ms.
Unloading 5274 Unused Serialized files (Serialized files now loaded: 0)
Unloading 24 unused Assets / (0.7 MB). Loaded Objects now: 5944.
Memory consumption went from 188.3 MB to 187.5 MB.
Total: 3.439900 ms (FindLiveObjects: 0.357500 ms CreateObjectMapping: 0.285600 ms MarkObjects: 2.334000 ms  DeleteObjects: 0.462200 ms)

Prepare: number of updated asset objects reloaded= 0
AssetImportParameters requested are different than current active one (requested -> active):
  custom:scripting/monoscript/fileName/PlayerControllerScript.cs: 611bee229e14d5c3cba5401576a48eca -> f320e68d7cf9bae2bd97d30ef6b6fc9f
  custom:container-demuxer-ogg: 62fdf1f143b41e24485cea50d1cbac27 -> 
  custom:scripting/monoscript/fileName/Menu.cs: 0e1575f508e60d6d9d2287980b1e9d59 -> 6a6b6f10406332b78ded19ddc96541c7
  custom:video-codec-MediaFoundation-h265: 746d11721c4dcdbdad8f713fa42b33f4 -> 
  custom:video-decoder-ogg-theora: a1e56fd34408186e4bbccfd4996cb3dc -> 
  custom:scripting/monoscript/fileName/gameQuit.cs: 381d941fd2788eebf77d8cb6f70ef3c2 -> 7382bf7b61ded40b83716f0378898bfe
  custom:framework-win-MediaFoundation: 216162199b28c13a410421893ffa2e32 -> 
  custom:scripting/monoscript/fileName/nextscene.cs: 71d4e97111f2ccfb6469eaa5c15852fd -> 7f36a7078f337f359827de0bfa973d17
  custom:scripting/monoscript/fileName/MoveCamera.cs: 0ba2c6a4ff0b26c3b5d913ad712bdbcf -> 4cac7d10977ef19e1f3dcb198cffecc9
  custom:scripting/monoscript/fileName/PlayerController.cs: d93a52a180fbbe603a59e9aa6da73c83 -> 
  custom:scripting/monoscript/fileName/GrapplingGun.cs: c6f63c2bc0100b9f6daba303de7e6391 -> 77176f16d51127b7327ebe60da444b1b
  custom:CustomObjectIndexerAttribute: 72b91833f83ae208fae7752999fa3104 -> 
  custom:container-demuxer-webm: 4f35f7cbe854078d1ac9338744f61a02 -> 
  custom:container-muxer-webm: aa71ff27fc2769a1b78a27578f13a17b -> 
  custom:video-decoder-webm-vp8: 9c59270c3fd7afecdb556c50c9e8de78 -> 
  custom:SearchIndexIgnoredProperties: e643bd26f0fe6173181afceb89e7c659 -> 
  custom:AudioImporter_EditorPlatform: d09bf68614088b80899f8185d706f6e7 -> 
  custom:scripting/monoscript/fileName/NewSceneTemplatePipeline.cs: b6f58a58324aadcdeb2ef714546683e7 -> 
  custom:scripting/monoscript/fileName/CursorState.cs: d9334e78ca93c8a76e4ffabba9acbc96 -> 18edcf0e60018a5a6aafd91b55f4838d
  custom:video-encoder-webm-vp8: eb34c28f22e8b96e1ab97ce403110664 -> 
  custom:audio-decoder-ogg-vorbis: bf7c407c2cedff20999df2af8eb42d56 -> 
  custom:scripting/monoscript/fileName/SoundPlayer.cs: 475d88b9df1544d8382efdce1bccce36 -> de8f3d4c96b446794089a8747c7618fc
  custom:scripting/monoscript/fileName/RotateGun.cs: 990b299e558ef4062b64873ad76f8048 -> eb2e4494e6808171dca4a2e27cab19b6
  custom:audio-encoder-webm-vorbis: bf7c407c2cedff20999df2af8eb42d56 -> 
  custom:scripting/monoscript/fileName/GameRespawn.cs: 4e16be644a2a6965abf6e4d660a3f3d9 -> de38c5bfa9c430c63979501321be442e
  custom:scripting/monoscript/fileName/Outline.cs: 09c84349353572281e22293c31aa1a93 -> 5cc4e1f72e41e12efce0db8381204c45
  custom:scripting/precompiled-assembly-types:Assembly-CSharp: a15a550c1b7cb7afe237d3b2cdafee23 -> 9e68c45226702739bda24919f6288cd1
========================================================================
Received Prepare
Caller must complete domain reload
Begin MonoManager ReloadAssembly
- Loaded All Assemblies, in  0.497 seconds
Native extension for WindowsStandalone target not found
Mono: successfully reloaded assembly
- Finished resetting the current domain, in  1.781 seconds
Domain Reload Profiling: 2275ms
	BeginReloadAssembly (157ms)
		ExecutionOrderSort (0ms)
		DisableScriptedObjects (4ms)
		BackupInstance (0ms)
		ReleaseScriptingObjects (0ms)
		CreateAndSetChildDomain (30ms)
	RebuildCommonClasses (28ms)
	RebuildNativeTypeToScriptingClass (8ms)
	initialDomainReloadingComplete (29ms)
	LoadAllAssembliesAndSetupDomain (270ms)
		LoadAssemblies (335ms)
		RebuildTransferFunctionScriptingTraits (0ms)
		AnalyzeDomain (21ms)
			TypeCache.Refresh (7ms)
				TypeCache.ScanAssembly (0ms)
			ScanForSourceGeneratedMonoScriptInfo (0ms)
			ResolveRequiredComponents (12ms)
	FinalizeReload (1782ms)
		ReleaseScriptCaches (0ms)
		RebuildScriptCaches (0ms)
		SetupLoadedEditorAssemblies (517ms)
			LogAssemblyErrors (0ms)
			InitializePlatformSupportModulesInManaged (7ms)
			SetLoadedEditorAssemblies (5ms)
			RefreshPlugins (0ms)
			BeforeProcessingInitializeOnLoad (95ms)
			ProcessInitializeOnLoadAttributes (326ms)
			ProcessInitializeOnLoadMethodAttributes (75ms)
			AfterProcessingInitializeOnLoad (10ms)
			EditorAssembliesLoaded (0ms)
		ExecutionOrderSort2 (0ms)
		AwakeInstancesAfterBackupRestoration (9ms)
Refreshing native plugins compatible for Editor in 9.18 ms, found 3 plugins.
Preloading 0 native plugins for Editor in 0.00 ms.
Unloading 5275 Unused Serialized files (Serialized files now loaded: 0)
Unloading 24 unused Assets / (0.8 MB). Loaded Objects now: 5947.
Memory consumption went from 188.5 MB to 187.8 MB.
Total: 3.968300 ms (FindLiveObjects: 0.386200 ms CreateObjectMapping: 0.274900 ms MarkObjects: 2.966600 ms  DeleteObjects: 0.340100 ms)

Prepare: number of updated asset objects reloaded= 0
AssetImportParameters requested are different than current active one (requested -> active):
  custom:scripting/monoscript/fileName/PlayerControllerScript.cs: 611bee229e14d5c3cba5401576a48eca -> f320e68d7cf9bae2bd97d30ef6b6fc9f
  custom:container-demuxer-ogg: 62fdf1f143b41e24485cea50d1cbac27 -> 
  custom:scripting/monoscript/fileName/Menu.cs: 0e1575f508e60d6d9d2287980b1e9d59 -> 6a6b6f10406332b78ded19ddc96541c7
  custom:video-codec-MediaFoundation-h265: 746d11721c4dcdbdad8f713fa42b33f4 -> 
  custom:video-decoder-ogg-theora: a1e56fd34408186e4bbccfd4996cb3dc -> 
  custom:scripting/monoscript/fileName/gameQuit.cs: 381d941fd2788eebf77d8cb6f70ef3c2 -> 7382bf7b61ded40b83716f0378898bfe
  custom:framework-win-MediaFoundation: 216162199b28c13a410421893ffa2e32 -> 
  custom:scripting/monoscript/fileName/nextscene.cs: 71d4e97111f2ccfb6469eaa5c15852fd -> 7f36a7078f337f359827de0bfa973d17
  custom:scripting/monoscript/fileName/MoveCamera.cs: 0ba2c6a4ff0b26c3b5d913ad712bdbcf -> 4cac7d10977ef19e1f3dcb198cffecc9
  custom:scripting/monoscript/fileName/PlayerController.cs: d93a52a180fbbe603a59e9aa6da73c83 -> 
  custom:scripting/monoscript/fileName/GrapplingGun.cs: c6f63c2bc0100b9f6daba303de7e6391 -> 77176f16d51127b7327ebe60da444b1b
  custom:CustomObjectIndexerAttribute: 72b91833f83ae208fae7752999fa3104 -> 
  custom:container-demuxer-webm: 4f35f7cbe854078d1ac9338744f61a02 -> 
  custom:container-muxer-webm: aa71ff27fc2769a1b78a27578f13a17b -> 
  custom:video-decoder-webm-vp8: 9c59270c3fd7afecdb556c50c9e8de78 -> 
  custom:SearchIndexIgnoredProperties: e643bd26f0fe6173181afceb89e7c659 -> 
  custom:AudioImporter_EditorPlatform: d09bf68614088b80899f8185d706f6e7 -> 
  custom:scripting/monoscript/fileName/NewSceneTemplatePipeline.cs: b6f58a58324aadcdeb2ef714546683e7 -> 
  custom:scripting/monoscript/fileName/CursorState.cs: d9334e78ca93c8a76e4ffabba9acbc96 -> 18edcf0e60018a5a6aafd91b55f4838d
  custom:video-encoder-webm-vp8: eb34c28f22e8b96e1ab97ce403110664 -> 
  custom:audio-decoder-ogg-vorbis: bf7c407c2cedff20999df2af8eb42d56 -> 
  custom:scripting/monoscript/fileName/SoundPlayer.cs: 475d88b9df1544d8382efdce1bccce36 -> de8f3d4c96b446794089a8747c7618fc
  custom:scripting/monoscript/fileName/RotateGun.cs: 990b299e558ef4062b64873ad76f8048 -> eb2e4494e6808171dca4a2e27cab19b6
  custom:audio-encoder-webm-vorbis: bf7c407c2cedff20999df2af8eb42d56 -> 
  custom:scripting/monoscript/fileName/GameRespawn.cs: 4e16be644a2a6965abf6e4d660a3f3d9 -> de38c5bfa9c430c63979501321be442e
  custom:scripting/monoscript/fileName/Outline.cs: 09c84349353572281e22293c31aa1a93 -> 5cc4e1f72e41e12efce0db8381204c45
  custom:scripting/precompiled-assembly-types:Assembly-CSharp: a15a550c1b7cb7afe237d3b2cdafee23 -> 9e68c45226702739bda24919f6288cd1
========================================================================
Received Prepare
Caller must complete domain reload
Begin MonoManager ReloadAssembly
- Loaded All Assemblies, in  0.620 seconds
Native extension for WindowsStandalone target not found
Mono: successfully reloaded assembly
- Finished resetting the current domain, in  2.718 seconds
Domain Reload Profiling: 3335ms
	BeginReloadAssembly (166ms)
		ExecutionOrderSort (0ms)
		DisableScriptedObjects (5ms)
		BackupInstance (0ms)
		ReleaseScriptingObjects (0ms)
		CreateAndSetChildDomain (34ms)
	RebuildCommonClasses (27ms)
	RebuildNativeTypeToScriptingClass (8ms)
	initialDomainReloadingComplete (32ms)
	LoadAllAssembliesAndSetupDomain (382ms)
		LoadAssemblies (431ms)
		RebuildTransferFunctionScriptingTraits (0ms)
		AnalyzeDomain (40ms)
			TypeCache.Refresh (10ms)
				TypeCache.ScanAssembly (1ms)
			ScanForSourceGeneratedMonoScriptInfo (18ms)
			ResolveRequiredComponents (10ms)
	FinalizeReload (2719ms)
		ReleaseScriptCaches (0ms)
		RebuildScriptCaches (0ms)
		SetupLoadedEditorAssemblies (476ms)
			LogAssemblyErrors (0ms)
			InitializePlatformSupportModulesInManaged (6ms)
			SetLoadedEditorAssemblies (9ms)
			RefreshPlugins (0ms)
			BeforeProcessingInitializeOnLoad (91ms)
			ProcessInitializeOnLoadAttributes (296ms)
			ProcessInitializeOnLoadMethodAttributes (67ms)
			AfterProcessingInitializeOnLoad (7ms)
			EditorAssembliesLoaded (0ms)
		ExecutionOrderSort2 (0ms)
		AwakeInstancesAfterBackupRestoration (6ms)
Refreshing native plugins compatible for Editor in 8.17 ms, found 3 plugins.
Preloading 0 native plugins for Editor in 0.00 ms.
Unloading 5275 Unused Serialized files (Serialized files now loaded: 0)
Unloading 24 unused Assets / (0.7 MB). Loaded Objects now: 5950.
Memory consumption went from 188.5 MB to 187.8 MB.
Total: 3.806800 ms (FindLiveObjects: 0.364200 ms CreateObjectMapping: 0.308500 ms MarkObjects: 2.800100 ms  DeleteObjects: 0.333200 ms)

Prepare: number of updated asset objects reloaded= 0
AssetImportParameters requested are different than current active one (requested -> active):
  custom:scripting/monoscript/fileName/PlayerControllerScript.cs: 611bee229e14d5c3cba5401576a48eca -> f320e68d7cf9bae2bd97d30ef6b6fc9f
  custom:container-demuxer-ogg: 62fdf1f143b41e24485cea50d1cbac27 -> 
  custom:scripting/monoscript/fileName/Menu.cs: 0e1575f508e60d6d9d2287980b1e9d59 -> 6a6b6f10406332b78ded19ddc96541c7
  custom:video-codec-MediaFoundation-h265: 746d11721c4dcdbdad8f713fa42b33f4 -> 
  custom:video-decoder-ogg-theora: a1e56fd34408186e4bbccfd4996cb3dc -> 
  custom:scripting/monoscript/fileName/gameQuit.cs: 381d941fd2788eebf77d8cb6f70ef3c2 -> 7382bf7b61ded40b83716f0378898bfe
  custom:framework-win-MediaFoundation: 216162199b28c13a410421893ffa2e32 -> 
  custom:scripting/monoscript/fileName/nextscene.cs: 71d4e97111f2ccfb6469eaa5c15852fd -> 7f36a7078f337f359827de0bfa973d17
  custom:scripting/monoscript/fileName/MoveCamera.cs: 0ba2c6a4ff0b26c3b5d913ad712bdbcf -> 4cac7d10977ef19e1f3dcb198cffecc9
  custom:scripting/monoscript/fileName/PlayerController.cs: d93a52a180fbbe603a59e9aa6da73c83 -> 
  custom:scripting/monoscript/fileName/GrapplingGun.cs: c6f63c2bc0100b9f6daba303de7e6391 -> 77176f16d51127b7327ebe60da444b1b
  custom:CustomObjectIndexerAttribute: 72b91833f83ae208fae7752999fa3104 -> 
  custom:container-demuxer-webm: 4f35f7cbe854078d1ac9338744f61a02 -> 
  custom:container-muxer-webm: aa71ff27fc2769a1b78a27578f13a17b -> 
  custom:video-decoder-webm-vp8: 9c59270c3fd7afecdb556c50c9e8de78 -> 
  custom:SearchIndexIgnoredProperties: e643bd26f0fe6173181afceb89e7c659 -> 
  custom:AudioImporter_EditorPlatform: d09bf68614088b80899f8185d706f6e7 -> 
  custom:scripting/monoscript/fileName/NewSceneTemplatePipeline.cs: b6f58a58324aadcdeb2ef714546683e7 -> 
  custom:scripting/monoscript/fileName/CursorState.cs: d9334e78ca93c8a76e4ffabba9acbc96 -> 18edcf0e60018a5a6aafd91b55f4838d
  custom:video-encoder-webm-vp8: eb34c28f22e8b96e1ab97ce403110664 -> 
  custom:audio-decoder-ogg-vorbis: bf7c407c2cedff20999df2af8eb42d56 -> 
  custom:scripting/monoscript/fileName/SoundPlayer.cs: 475d88b9df1544d8382efdce1bccce36 -> de8f3d4c96b446794089a8747c7618fc
  custom:scripting/monoscript/fileName/RotateGun.cs: 990b299e558ef4062b64873ad76f8048 -> eb2e4494e6808171dca4a2e27cab19b6
  custom:audio-encoder-webm-vorbis: bf7c407c2cedff20999df2af8eb42d56 -> 
  custom:scripting/monoscript/fileName/GameRespawn.cs: 4e16be644a2a6965abf6e4d660a3f3d9 -> de38c5bfa9c430c63979501321be442e
  custom:scripting/monoscript/fileName/Outline.cs: 09c84349353572281e22293c31aa1a93 -> 5cc4e1f72e41e12efce0db8381204c45
  custom:scripting/precompiled-assembly-types:Assembly-CSharp: a15a550c1b7cb7afe237d3b2cdafee23 -> 9e68c45226702739bda24919f6288cd1
========================================================================
Received Prepare
Caller must complete domain reload
Begin MonoManager ReloadAssembly
- Loaded All Assemblies, in  0.549 seconds
Native extension for WindowsStandalone target not found
Mono: successfully reloaded assembly
- Finished resetting the current domain, in  1.947 seconds
Domain Reload Profiling: 2493ms
	BeginReloadAssembly (157ms)
		ExecutionOrderSort (0ms)
		DisableScriptedObjects (3ms)
		BackupInstance (0ms)
		ReleaseScriptingObjects (0ms)
		CreateAndSetChildDomain (29ms)
	RebuildCommonClasses (43ms)
	RebuildNativeTypeToScriptingClass (9ms)
	initialDomainReloadingComplete (30ms)
	LoadAllAssembliesAndSetupDomain (305ms)
		LoadAssemblies (374ms)
		RebuildTransferFunctionScriptingTraits (0ms)
		AnalyzeDomain (18ms)
			TypeCache.Refresh (5ms)
				TypeCache.ScanAssembly (0ms)
			ScanForSourceGeneratedMonoScriptInfo (1ms)
			ResolveRequiredComponents (9ms)
	FinalizeReload (1948ms)
		ReleaseScriptCaches (0ms)
		RebuildScriptCaches (0ms)
		SetupLoadedEditorAssemblies (541ms)
			LogAssemblyErrors (0ms)
			InitializePlatformSupportModulesInManaged (8ms)
			SetLoadedEditorAssemblies (5ms)
			RefreshPlugins (0ms)
			BeforeProcessingInitializeOnLoad (96ms)
			ProcessInitializeOnLoadAttributes (333ms)
			ProcessInitializeOnLoadMethodAttributes (91ms)
			AfterProcessingInitializeOnLoad (8ms)
			EditorAssembliesLoaded (0ms)
		ExecutionOrderSort2 (0ms)
		AwakeInstancesAfterBackupRestoration (8ms)
Refreshing native plugins compatible for Editor in 9.65 ms, found 3 plugins.
Preloading 0 native plugins for Editor in 0.00 ms.
Unloading 5275 Unused Serialized files (Serialized files now loaded: 0)
Unloading 24 unused Assets / (0.7 MB). Loaded Objects now: 5953.
Memory consumption went from 188.5 MB to 187.8 MB.
Total: 4.834900 ms (FindLiveObjects: 0.394400 ms CreateObjectMapping: 0.293700 ms MarkObjects: 3.726300 ms  DeleteObjects: 0.419600 ms)

Prepare: number of updated asset objects reloaded= 0
AssetImportParameters requested are different than current active one (requested -> active):
  custom:scripting/monoscript/fileName/PlayerControllerScript.cs: 611bee229e14d5c3cba5401576a48eca -> f320e68d7cf9bae2bd97d30ef6b6fc9f
  custom:container-demuxer-ogg: 62fdf1f143b41e24485cea50d1cbac27 -> 
  custom:scripting/monoscript/fileName/Menu.cs: 0e1575f508e60d6d9d2287980b1e9d59 -> 6a6b6f10406332b78ded19ddc96541c7
  custom:video-codec-MediaFoundation-h265: 746d11721c4dcdbdad8f713fa42b33f4 -> 
  custom:video-decoder-ogg-theora: a1e56fd34408186e4bbccfd4996cb3dc -> 
  custom:scripting/monoscript/fileName/gameQuit.cs: 381d941fd2788eebf77d8cb6f70ef3c2 -> 7382bf7b61ded40b83716f0378898bfe
  custom:framework-win-MediaFoundation: 216162199b28c13a410421893ffa2e32 -> 
  custom:scripting/monoscript/fileName/nextscene.cs: 71d4e97111f2ccfb6469eaa5c15852fd -> 7f36a7078f337f359827de0bfa973d17
  custom:scripting/monoscript/fileName/MoveCamera.cs: 0ba2c6a4ff0b26c3b5d913ad712bdbcf -> 4cac7d10977ef19e1f3dcb198cffecc9
  custom:scripting/monoscript/fileName/PlayerController.cs: d93a52a180fbbe603a59e9aa6da73c83 -> 
  custom:scripting/monoscript/fileName/GrapplingGun.cs: c6f63c2bc0100b9f6daba303de7e6391 -> 77176f16d51127b7327ebe60da444b1b
  custom:CustomObjectIndexerAttribute: 72b91833f83ae208fae7752999fa3104 -> 
  custom:container-demuxer-webm: 4f35f7cbe854078d1ac9338744f61a02 -> 
  custom:container-muxer-webm: aa71ff27fc2769a1b78a27578f13a17b -> 
  custom:video-decoder-webm-vp8: 9c59270c3fd7afecdb556c50c9e8de78 -> 
  custom:SearchIndexIgnoredProperties: e643bd26f0fe6173181afceb89e7c659 -> 
  custom:AudioImporter_EditorPlatform: d09bf68614088b80899f8185d706f6e7 -> 
  custom:scripting/monoscript/fileName/NewSceneTemplatePipeline.cs: b6f58a58324aadcdeb2ef714546683e7 -> 
  custom:scripting/monoscript/fileName/CursorState.cs: d9334e78ca93c8a76e4ffabba9acbc96 -> 18edcf0e60018a5a6aafd91b55f4838d
  custom:video-encoder-webm-vp8: eb34c28f22e8b96e1ab97ce403110664 -> 
  custom:audio-decoder-ogg-vorbis: bf7c407c2cedff20999df2af8eb42d56 -> 
  custom:scripting/monoscript/fileName/SoundPlayer.cs: 475d88b9df1544d8382efdce1bccce36 -> de8f3d4c96b446794089a8747c7618fc
  custom:scripting/monoscript/fileName/RotateGun.cs: 990b299e558ef4062b64873ad76f8048 -> eb2e4494e6808171dca4a2e27cab19b6
  custom:audio-encoder-webm-vorbis: bf7c407c2cedff20999df2af8eb42d56 -> 
  custom:scripting/monoscript/fileName/GameRespawn.cs: 4e16be644a2a6965abf6e4d660a3f3d9 -> de38c5bfa9c430c63979501321be442e
  custom:scripting/monoscript/fileName/Outline.cs: 09c84349353572281e22293c31aa1a93 -> 5cc4e1f72e41e12efce0db8381204c45
  custom:scripting/precompiled-assembly-types:Assembly-CSharp: a15a550c1b7cb7afe237d3b2cdafee23 -> 9e68c45226702739bda24919f6288cd1
========================================================================
Received Prepare
Caller must complete domain reload
Begin MonoManager ReloadAssembly
- Loaded All Assemblies, in  0.537 seconds
Native extension for WindowsStandalone target not found
Mono: successfully reloaded assembly
- Finished resetting the current domain, in  1.891 seconds
Domain Reload Profiling: 2425ms
	BeginReloadAssembly (176ms)
		ExecutionOrderSort (0ms)
		DisableScriptedObjects (3ms)
		BackupInstance (0ms)
		ReleaseScriptingObjects (0ms)
		CreateAndSetChildDomain (35ms)
	RebuildCommonClasses (33ms)
	RebuildNativeTypeToScriptingClass (9ms)
	initialDomainReloadingComplete (34ms)
	LoadAllAssembliesAndSetupDomain (281ms)
		LoadAssemblies (354ms)
		RebuildTransferFunctionScriptingTraits (0ms)
		AnalyzeDomain (21ms)
			TypeCache.Refresh (5ms)
				TypeCache.ScanAssembly (0ms)
			ScanForSourceGeneratedMonoScriptInfo (0ms)
			ResolveRequiredComponents (14ms)
	FinalizeReload (1892ms)
		ReleaseScriptCaches (0ms)
		RebuildScriptCaches (0ms)
		SetupLoadedEditorAssemblies (532ms)
			LogAssemblyErrors (0ms)
			InitializePlatformSupportModulesInManaged (7ms)
			SetLoadedEditorAssemblies (5ms)
			RefreshPlugins (0ms)
			BeforeProcessingInitializeOnLoad (91ms)
			ProcessInitializeOnLoadAttributes (330ms)
			ProcessInitializeOnLoadMethodAttributes (87ms)
			AfterProcessingInitializeOnLoad (12ms)
			EditorAssembliesLoaded (0ms)
		ExecutionOrderSort2 (0ms)
		AwakeInstancesAfterBackupRestoration (11ms)
Refreshing native plugins compatible for Editor in 9.75 ms, found 3 plugins.
Preloading 0 native plugins for Editor in 0.00 ms.
Unloading 5275 Unused Serialized files (Serialized files now loaded: 0)
Unloading 24 unused Assets / (0.7 MB). Loaded Objects now: 5956.
Memory consumption went from 188.5 MB to 187.8 MB.
Total: 3.851000 ms (FindLiveObjects: 0.426000 ms CreateObjectMapping: 0.388800 ms MarkObjects: 2.690100 ms  DeleteObjects: 0.345200 ms)

Prepare: number of updated asset objects reloaded= 0
AssetImportParameters requested are different than current active one (requested -> active):
  custom:scripting/monoscript/fileName/PlayerControllerScript.cs: 611bee229e14d5c3cba5401576a48eca -> f320e68d7cf9bae2bd97d30ef6b6fc9f
  custom:container-demuxer-ogg: 62fdf1f143b41e24485cea50d1cbac27 -> 
  custom:scripting/monoscript/fileName/Menu.cs: 0e1575f508e60d6d9d2287980b1e9d59 -> 6a6b6f10406332b78ded19ddc96541c7
  custom:video-codec-MediaFoundation-h265: 746d11721c4dcdbdad8f713fa42b33f4 -> 
  custom:video-decoder-ogg-theora: a1e56fd34408186e4bbccfd4996cb3dc -> 
  custom:scripting/monoscript/fileName/gameQuit.cs: 381d941fd2788eebf77d8cb6f70ef3c2 -> 7382bf7b61ded40b83716f0378898bfe
  custom:framework-win-MediaFoundation: 216162199b28c13a410421893ffa2e32 -> 
  custom:scripting/monoscript/fileName/nextscene.cs: 71d4e97111f2ccfb6469eaa5c15852fd -> 7f36a7078f337f359827de0bfa973d17
  custom:scripting/monoscript/fileName/MoveCamera.cs: 0ba2c6a4ff0b26c3b5d913ad712bdbcf -> 4cac7d10977ef19e1f3dcb198cffecc9
  custom:scripting/monoscript/fileName/PlayerController.cs: d93a52a180fbbe603a59e9aa6da73c83 -> 
  custom:scripting/monoscript/fileName/GrapplingGun.cs: c6f63c2bc0100b9f6daba303de7e6391 -> 77176f16d51127b7327ebe60da444b1b
  custom:CustomObjectIndexerAttribute: 72b91833f83ae208fae7752999fa3104 -> 
  custom:container-demuxer-webm: 4f35f7cbe854078d1ac9338744f61a02 -> 
  custom:container-muxer-webm: aa71ff27fc2769a1b78a27578f13a17b -> 
  custom:video-decoder-webm-vp8: 9c59270c3fd7afecdb556c50c9e8de78 -> 
  custom:SearchIndexIgnoredProperties: e643bd26f0fe6173181afceb89e7c659 -> 
  custom:AudioImporter_EditorPlatform: d09bf68614088b80899f8185d706f6e7 -> 
  custom:scripting/monoscript/fileName/NewSceneTemplatePipeline.cs: b6f58a58324aadcdeb2ef714546683e7 -> 
  custom:scripting/monoscript/fileName/CursorState.cs: d9334e78ca93c8a76e4ffabba9acbc96 -> 18edcf0e60018a5a6aafd91b55f4838d
  custom:video-encoder-webm-vp8: eb34c28f22e8b96e1ab97ce403110664 -> 
  custom:audio-decoder-ogg-vorbis: bf7c407c2cedff20999df2af8eb42d56 -> 
  custom:scripting/monoscript/fileName/SoundPlayer.cs: 475d88b9df1544d8382efdce1bccce36 -> de8f3d4c96b446794089a8747c7618fc
  custom:scripting/monoscript/fileName/RotateGun.cs: 990b299e558ef4062b64873ad76f8048 -> eb2e4494e6808171dca4a2e27cab19b6
  custom:audio-encoder-webm-vorbis: bf7c407c2cedff20999df2af8eb42d56 -> 
  custom:scripting/monoscript/fileName/GameRespawn.cs: 4e16be644a2a6965abf6e4d660a3f3d9 -> de38c5bfa9c430c63979501321be442e
  custom:scripting/monoscript/fileName/Outline.cs: 09c84349353572281e22293c31aa1a93 -> 5cc4e1f72e41e12efce0db8381204c45
  custom:scripting/precompiled-assembly-types:Assembly-CSharp: a15a550c1b7cb7afe237d3b2cdafee23 -> 9e68c45226702739bda24919f6288cd1
========================================================================
Received Prepare
Caller must complete domain reload
Begin MonoManager ReloadAssembly
- Loaded All Assemblies, in  0.589 seconds
Native extension for WindowsStandalone target not found
Mono: successfully reloaded assembly
- Finished resetting the current domain, in  1.864 seconds
Domain Reload Profiling: 2446ms
	BeginReloadAssembly (166ms)
		ExecutionOrderSort (0ms)
		DisableScriptedObjects (4ms)
		BackupInstance (0ms)
		ReleaseScriptingObjects (0ms)
		CreateAndSetChildDomain (34ms)
	RebuildCommonClasses (36ms)
	RebuildNativeTypeToScriptingClass (13ms)
	initialDomainReloadingComplete (39ms)
	LoadAllAssembliesAndSetupDomain (328ms)
		LoadAssemblies (401ms)
		RebuildTransferFunctionScriptingTraits (0ms)
		AnalyzeDomain (20ms)
			TypeCache.Refresh (6ms)
				TypeCache.ScanAssembly (0ms)
			ScanForSourceGeneratedMonoScriptInfo (0ms)
			ResolveRequiredComponents (12ms)
	FinalizeReload (1864ms)
		ReleaseScriptCaches (0ms)
		RebuildScriptCaches (0ms)
		SetupLoadedEditorAssemblies (503ms)
			LogAssemblyErrors (0ms)
			InitializePlatformSupportModulesInManaged (8ms)
			SetLoadedEditorAssemblies (7ms)
			RefreshPlugins (0ms)
			BeforeProcessingInitializeOnLoad (97ms)
			ProcessInitializeOnLoadAttributes (310ms)
			ProcessInitializeOnLoadMethodAttributes (73ms)
			AfterProcessingInitializeOnLoad (9ms)
			EditorAssembliesLoaded (0ms)
		ExecutionOrderSort2 (0ms)
		AwakeInstancesAfterBackupRestoration (8ms)
Refreshing native plugins compatible for Editor in 11.25 ms, found 3 plugins.
Preloading 0 native plugins for Editor in 0.00 ms.
Unloading 5275 Unused Serialized files (Serialized files now loaded: 0)
Unloading 24 unused Assets / (0.8 MB). Loaded Objects now: 5959.
Memory consumption went from 188.5 MB to 187.8 MB.
Total: 6.047100 ms (FindLiveObjects: 0.651200 ms CreateObjectMapping: 0.660700 ms MarkObjects: 4.189500 ms  DeleteObjects: 0.544400 ms)

Prepare: number of updated asset objects reloaded= 0
AssetImportParameters requested are different than current active one (requested -> active):
  custom:scripting/monoscript/fileName/PlayerControllerScript.cs: 611bee229e14d5c3cba5401576a48eca -> f320e68d7cf9bae2bd97d30ef6b6fc9f
  custom:container-demuxer-ogg: 62fdf1f143b41e24485cea50d1cbac27 -> 
  custom:scripting/monoscript/fileName/Menu.cs: 0e1575f508e60d6d9d2287980b1e9d59 -> 6a6b6f10406332b78ded19ddc96541c7
  custom:video-codec-MediaFoundation-h265: 746d11721c4dcdbdad8f713fa42b33f4 -> 
  custom:video-decoder-ogg-theora: a1e56fd34408186e4bbccfd4996cb3dc -> 
  custom:scripting/monoscript/fileName/gameQuit.cs: 381d941fd2788eebf77d8cb6f70ef3c2 -> 7382bf7b61ded40b83716f0378898bfe
  custom:framework-win-MediaFoundation: 216162199b28c13a410421893ffa2e32 -> 
  custom:scripting/monoscript/fileName/nextscene.cs: 71d4e97111f2ccfb6469eaa5c15852fd -> 7f36a7078f337f359827de0bfa973d17
  custom:scripting/monoscript/fileName/MoveCamera.cs: 0ba2c6a4ff0b26c3b5d913ad712bdbcf -> 4cac7d10977ef19e1f3dcb198cffecc9
  custom:scripting/monoscript/fileName/PlayerController.cs: d93a52a180fbbe603a59e9aa6da73c83 -> 
  custom:scripting/monoscript/fileName/GrapplingGun.cs: c6f63c2bc0100b9f6daba303de7e6391 -> 77176f16d51127b7327ebe60da444b1b
  custom:CustomObjectIndexerAttribute: 72b91833f83ae208fae7752999fa3104 -> 
  custom:container-demuxer-webm: 4f35f7cbe854078d1ac9338744f61a02 -> 
  custom:container-muxer-webm: aa71ff27fc2769a1b78a27578f13a17b -> 
  custom:video-decoder-webm-vp8: 9c59270c3fd7afecdb556c50c9e8de78 -> 
  custom:SearchIndexIgnoredProperties: e643bd26f0fe6173181afceb89e7c659 -> 
  custom:AudioImporter_EditorPlatform: d09bf68614088b80899f8185d706f6e7 -> 
  custom:scripting/monoscript/fileName/NewSceneTemplatePipeline.cs: b6f58a58324aadcdeb2ef714546683e7 -> 
  custom:scripting/monoscript/fileName/CursorState.cs: d9334e78ca93c8a76e4ffabba9acbc96 -> 18edcf0e60018a5a6aafd91b55f4838d
  custom:video-encoder-webm-vp8: eb34c28f22e8b96e1ab97ce403110664 -> 
  custom:audio-decoder-ogg-vorbis: bf7c407c2cedff20999df2af8eb42d56 -> 
  custom:scripting/monoscript/fileName/SoundPlayer.cs: 475d88b9df1544d8382efdce1bccce36 -> de8f3d4c96b446794089a8747c7618fc
  custom:scripting/monoscript/fileName/RotateGun.cs: 990b299e558ef4062b64873ad76f8048 -> eb2e4494e6808171dca4a2e27cab19b6
  custom:audio-encoder-webm-vorbis: bf7c407c2cedff20999df2af8eb42d56 -> 
  custom:scripting/monoscript/fileName/GameRespawn.cs: 4e16be644a2a6965abf6e4d660a3f3d9 -> de38c5bfa9c430c63979501321be442e
  custom:scripting/monoscript/fileName/Outline.cs: 09c84349353572281e22293c31aa1a93 -> 5cc4e1f72e41e12efce0db8381204c45
  custom:scripting/precompiled-assembly-types:Assembly-CSharp: a15a550c1b7cb7afe237d3b2cdafee23 -> 9e68c45226702739bda24919f6288cd1
========================================================================
Received Prepare
Caller must complete domain reload
Begin MonoManager ReloadAssembly
- Loaded All Assemblies, in  0.532 seconds
Native extension for WindowsStandalone target not found
Mono: successfully reloaded assembly
- Finished resetting the current domain, in  1.744 seconds
Domain Reload Profiling: 2271ms
	BeginReloadAssembly (160ms)
		ExecutionOrderSort (0ms)
		DisableScriptedObjects (3ms)
		BackupInstance (0ms)
		ReleaseScriptingObjects (0ms)
		CreateAndSetChildDomain (29ms)
	RebuildCommonClasses (36ms)
	RebuildNativeTypeToScriptingClass (9ms)
	initialDomainReloadingComplete (34ms)
	LoadAllAssembliesAndSetupDomain (288ms)
		LoadAssemblies (361ms)
		RebuildTransferFunctionScriptingTraits (0ms)
		AnalyzeDomain (17ms)
			TypeCache.Refresh (6ms)
				TypeCache.ScanAssembly (0ms)
			ScanForSourceGeneratedMonoScriptInfo (0ms)
			ResolveRequiredComponents (9ms)
	FinalizeReload (1744ms)
		ReleaseScriptCaches (0ms)
		RebuildScriptCaches (0ms)
		SetupLoadedEditorAssemblies (478ms)
			LogAssemblyErrors (0ms)
			InitializePlatformSupportModulesInManaged (7ms)
			SetLoadedEditorAssemblies (6ms)
			RefreshPlugins (0ms)
			BeforeProcessingInitializeOnLoad (100ms)
			ProcessInitializeOnLoadAttributes (296ms)
			ProcessInitializeOnLoadMethodAttributes (61ms)
			AfterProcessingInitializeOnLoad (7ms)
			EditorAssembliesLoaded (0ms)
		ExecutionOrderSort2 (0ms)
		AwakeInstancesAfterBackupRestoration (6ms)
Refreshing native plugins compatible for Editor in 8.02 ms, found 3 plugins.
Preloading 0 native plugins for Editor in 0.00 ms.
Unloading 5275 Unused Serialized files (Serialized files now loaded: 0)
Unloading 24 unused Assets / (0.7 MB). Loaded Objects now: 5962.
Memory consumption went from 188.5 MB to 187.8 MB.
Total: 3.376100 ms (FindLiveObjects: 0.428800 ms CreateObjectMapping: 0.292300 ms MarkObjects: 2.347600 ms  DeleteObjects: 0.306500 ms)

Prepare: number of updated asset objects reloaded= 0
AssetImportParameters requested are different than current active one (requested -> active):
  custom:scripting/monoscript/fileName/PlayerControllerScript.cs: 611bee229e14d5c3cba5401576a48eca -> f320e68d7cf9bae2bd97d30ef6b6fc9f
  custom:container-demuxer-ogg: 62fdf1f143b41e24485cea50d1cbac27 -> 
  custom:scripting/monoscript/fileName/Menu.cs: 0e1575f508e60d6d9d2287980b1e9d59 -> 6a6b6f10406332b78ded19ddc96541c7
  custom:video-codec-MediaFoundation-h265: 746d11721c4dcdbdad8f713fa42b33f4 -> 
  custom:video-decoder-ogg-theora: a1e56fd34408186e4bbccfd4996cb3dc -> 
  custom:scripting/monoscript/fileName/gameQuit.cs: 381d941fd2788eebf77d8cb6f70ef3c2 -> 7382bf7b61ded40b83716f0378898bfe
  custom:framework-win-MediaFoundation: 216162199b28c13a410421893ffa2e32 -> 
  custom:scripting/monoscript/fileName/nextscene.cs: 71d4e97111f2ccfb6469eaa5c15852fd -> 7f36a7078f337f359827de0bfa973d17
  custom:scripting/monoscript/fileName/MoveCamera.cs: 0ba2c6a4ff0b26c3b5d913ad712bdbcf -> 4cac7d10977ef19e1f3dcb198cffecc9
  custom:scripting/monoscript/fileName/PlayerController.cs: d93a52a180fbbe603a59e9aa6da73c83 -> 
  custom:scripting/monoscript/fileName/GrapplingGun.cs: c6f63c2bc0100b9f6daba303de7e6391 -> 77176f16d51127b7327ebe60da444b1b
  custom:CustomObjectIndexerAttribute: 72b91833f83ae208fae7752999fa3104 -> 
  custom:container-demuxer-webm: 4f35f7cbe854078d1ac9338744f61a02 -> 
  custom:container-muxer-webm: aa71ff27fc2769a1b78a27578f13a17b -> 
  custom:video-decoder-webm-vp8: 9c59270c3fd7afecdb556c50c9e8de78 -> 
  custom:SearchIndexIgnoredProperties: e643bd26f0fe6173181afceb89e7c659 -> 
  custom:AudioImporter_EditorPlatform: d09bf68614088b80899f8185d706f6e7 -> 
  custom:scripting/monoscript/fileName/NewSceneTemplatePipeline.cs: b6f58a58324aadcdeb2ef714546683e7 -> 
  custom:scripting/monoscript/fileName/CursorState.cs: d9334e78ca93c8a76e4ffabba9acbc96 -> 18edcf0e60018a5a6aafd91b55f4838d
  custom:video-encoder-webm-vp8: eb34c28f22e8b96e1ab97ce403110664 -> 
  custom:audio-decoder-ogg-vorbis: bf7c407c2cedff20999df2af8eb42d56 -> 
  custom:scripting/monoscript/fileName/SoundPlayer.cs: 475d88b9df1544d8382efdce1bccce36 -> de8f3d4c96b446794089a8747c7618fc
  custom:scripting/monoscript/fileName/RotateGun.cs: 990b299e558ef4062b64873ad76f8048 -> eb2e4494e6808171dca4a2e27cab19b6
  custom:audio-encoder-webm-vorbis: bf7c407c2cedff20999df2af8eb42d56 -> 
  custom:scripting/monoscript/fileName/GameRespawn.cs: 4e16be644a2a6965abf6e4d660a3f3d9 -> de38c5bfa9c430c63979501321be442e
  custom:scripting/monoscript/fileName/Outline.cs: 09c84349353572281e22293c31aa1a93 -> 5cc4e1f72e41e12efce0db8381204c45
  custom:scripting/precompiled-assembly-types:Assembly-CSharp: a15a550c1b7cb7afe237d3b2cdafee23 -> 9e68c45226702739bda24919f6288cd1
========================================================================
Received Prepare
Caller must complete domain reload
Begin MonoManager ReloadAssembly
- Loaded All Assemblies, in  0.500 seconds
Native extension for WindowsStandalone target not found
Mono: successfully reloaded assembly
- Finished resetting the current domain, in  1.918 seconds
Domain Reload Profiling: 2414ms
	BeginReloadAssembly (153ms)
		ExecutionOrderSort (0ms)
		DisableScriptedObjects (4ms)
		BackupInstance (0ms)
		ReleaseScriptingObjects (0ms)
		CreateAndSetChildDomain (31ms)
	RebuildCommonClasses (28ms)
	RebuildNativeTypeToScriptingClass (10ms)
	initialDomainReloadingComplete (31ms)
	LoadAllAssembliesAndSetupDomain (272ms)
		LoadAssemblies (338ms)
		RebuildTransferFunctionScriptingTraits (0ms)
		AnalyzeDomain (18ms)
			TypeCache.Refresh (6ms)
				TypeCache.ScanAssembly (0ms)
			ScanForSourceGeneratedMonoScriptInfo (0ms)
			ResolveRequiredComponents (9ms)
	FinalizeReload (1919ms)
		ReleaseScriptCaches (0ms)
		RebuildScriptCaches (0ms)
		SetupLoadedEditorAssemblies (526ms)
			LogAssemblyErrors (0ms)
			InitializePlatformSupportModulesInManaged (6ms)
			SetLoadedEditorAssemblies (4ms)
			RefreshPlugins (0ms)
			BeforeProcessingInitializeOnLoad (90ms)
			ProcessInitializeOnLoadAttributes (344ms)
			ProcessInitializeOnLoadMethodAttributes (73ms)
			AfterProcessingInitializeOnLoad (9ms)
			EditorAssembliesLoaded (0ms)
		ExecutionOrderSort2 (0ms)
		AwakeInstancesAfterBackupRestoration (8ms)
Refreshing native plugins compatible for Editor in 9.54 ms, found 3 plugins.
Preloading 0 native plugins for Editor in 0.00 ms.
Unloading 5275 Unused Serialized files (Serialized files now loaded: 0)
Unloading 24 unused Assets / (0.7 MB). Loaded Objects now: 5965.
Memory consumption went from 188.5 MB to 187.8 MB.
Total: 3.506800 ms (FindLiveObjects: 0.356300 ms CreateObjectMapping: 0.281000 ms MarkObjects: 2.529400 ms  DeleteObjects: 0.339200 ms)

Prepare: number of updated asset objects reloaded= 0
AssetImportParameters requested are different than current active one (requested -> active):
  custom:scripting/monoscript/fileName/PlayerControllerScript.cs: 611bee229e14d5c3cba5401576a48eca -> f320e68d7cf9bae2bd97d30ef6b6fc9f
  custom:container-demuxer-ogg: 62fdf1f143b41e24485cea50d1cbac27 -> 
  custom:scripting/monoscript/fileName/Menu.cs: 0e1575f508e60d6d9d2287980b1e9d59 -> 6a6b6f10406332b78ded19ddc96541c7
  custom:video-codec-MediaFoundation-h265: 746d11721c4dcdbdad8f713fa42b33f4 -> 
  custom:video-decoder-ogg-theora: a1e56fd34408186e4bbccfd4996cb3dc -> 
  custom:scripting/monoscript/fileName/gameQuit.cs: 381d941fd2788eebf77d8cb6f70ef3c2 -> 7382bf7b61ded40b83716f0378898bfe
  custom:framework-win-MediaFoundation: 216162199b28c13a410421893ffa2e32 -> 
  custom:scripting/monoscript/fileName/nextscene.cs: 71d4e97111f2ccfb6469eaa5c15852fd -> 7f36a7078f337f359827de0bfa973d17
  custom:scripting/monoscript/fileName/MoveCamera.cs: 0ba2c6a4ff0b26c3b5d913ad712bdbcf -> 4cac7d10977ef19e1f3dcb198cffecc9
  custom:scripting/monoscript/fileName/PlayerController.cs: d93a52a180fbbe603a59e9aa6da73c83 -> 
  custom:scripting/monoscript/fileName/GrapplingGun.cs: c6f63c2bc0100b9f6daba303de7e6391 -> 77176f16d51127b7327ebe60da444b1b
  custom:CustomObjectIndexerAttribute: 72b91833f83ae208fae7752999fa3104 -> 
  custom:container-demuxer-webm: 4f35f7cbe854078d1ac9338744f61a02 -> 
  custom:container-muxer-webm: aa71ff27fc2769a1b78a27578f13a17b -> 
  custom:video-decoder-webm-vp8: 9c59270c3fd7afecdb556c50c9e8de78 -> 
  custom:SearchIndexIgnoredProperties: e643bd26f0fe6173181afceb89e7c659 -> 
  custom:AudioImporter_EditorPlatform: d09bf68614088b80899f8185d706f6e7 -> 
  custom:scripting/monoscript/fileName/NewSceneTemplatePipeline.cs: b6f58a58324aadcdeb2ef714546683e7 -> 
  custom:scripting/monoscript/fileName/CursorState.cs: d9334e78ca93c8a76e4ffabba9acbc96 -> 18edcf0e60018a5a6aafd91b55f4838d
  custom:video-encoder-webm-vp8: eb34c28f22e8b96e1ab97ce403110664 -> 
  custom:audio-decoder-ogg-vorbis: bf7c407c2cedff20999df2af8eb42d56 -> 
  custom:scripting/monoscript/fileName/SoundPlayer.cs: 475d88b9df1544d8382efdce1bccce36 -> de8f3d4c96b446794089a8747c7618fc
  custom:scripting/monoscript/fileName/RotateGun.cs: 990b299e558ef4062b64873ad76f8048 -> eb2e4494e6808171dca4a2e27cab19b6
  custom:audio-encoder-webm-vorbis: bf7c407c2cedff20999df2af8eb42d56 -> 
  custom:scripting/monoscript/fileName/GameRespawn.cs: 4e16be644a2a6965abf6e4d660a3f3d9 -> de38c5bfa9c430c63979501321be442e
  custom:scripting/monoscript/fileName/Outline.cs: 09c84349353572281e22293c31aa1a93 -> 5cc4e1f72e41e12efce0db8381204c45
  custom:scripting/precompiled-assembly-types:Assembly-CSharp: a15a550c1b7cb7afe237d3b2cdafee23 -> 9e68c45226702739bda24919f6288cd1
========================================================================
Received Prepare
Caller must complete domain reload
Begin MonoManager ReloadAssembly
- Loaded All Assemblies, in  0.523 seconds
Native extension for WindowsStandalone target not found
Mono: successfully reloaded assembly
- Finished resetting the current domain, in  1.833 seconds
Domain Reload Profiling: 2349ms
	BeginReloadAssembly (166ms)
		ExecutionOrderSort (0ms)
		DisableScriptedObjects (4ms)
		BackupInstance (0ms)
		ReleaseScriptingObjects (0ms)
		CreateAndSetChildDomain (33ms)
	RebuildCommonClasses (36ms)
	RebuildNativeTypeToScriptingClass (11ms)
	initialDomainReloadingComplete (32ms)
	LoadAllAssembliesAndSetupDomain (270ms)
		LoadAssemblies (324ms)
		RebuildTransferFunctionScriptingTraits (0ms)
		AnalyzeDomain (38ms)
			TypeCache.Refresh (8ms)
				TypeCache.ScanAssembly (0ms)
			ScanForSourceGeneratedMonoScriptInfo (19ms)
			ResolveRequiredComponents (9ms)
	FinalizeReload (1833ms)
		ReleaseScriptCaches (0ms)
		RebuildScriptCaches (0ms)
		SetupLoadedEditorAssemblies (495ms)
			LogAssemblyErrors (0ms)
			InitializePlatformSupportModulesInManaged (7ms)
			SetLoadedEditorAssemblies (5ms)
			RefreshPlugins (0ms)
			BeforeProcessingInitializeOnLoad (98ms)
			ProcessInitializeOnLoadAttributes (308ms)
			ProcessInitializeOnLoadMethodAttributes (69ms)
			AfterProcessingInitializeOnLoad (9ms)
			EditorAssembliesLoaded (0ms)
		ExecutionOrderSort2 (0ms)
		AwakeInstancesAfterBackupRestoration (10ms)
Refreshing native plugins compatible for Editor in 7.63 ms, found 3 plugins.
Preloading 0 native plugins for Editor in 0.00 ms.
Unloading 5275 Unused Serialized files (Serialized files now loaded: 0)
Unloading 24 unused Assets / (0.7 MB). Loaded Objects now: 5968.
Memory consumption went from 188.5 MB to 187.8 MB.
Total: 3.442400 ms (FindLiveObjects: 0.355900 ms CreateObjectMapping: 0.292700 ms MarkObjects: 2.479100 ms  DeleteObjects: 0.314000 ms)

Prepare: number of updated asset objects reloaded= 0
AssetImportParameters requested are different than current active one (requested -> active):
  custom:scripting/monoscript/fileName/PlayerControllerScript.cs: 611bee229e14d5c3cba5401576a48eca -> f320e68d7cf9bae2bd97d30ef6b6fc9f
  custom:container-demuxer-ogg: 62fdf1f143b41e24485cea50d1cbac27 -> 
  custom:scripting/monoscript/fileName/Menu.cs: 0e1575f508e60d6d9d2287980b1e9d59 -> 6a6b6f10406332b78ded19ddc96541c7
  custom:video-codec-MediaFoundation-h265: 746d11721c4dcdbdad8f713fa42b33f4 -> 
  custom:video-decoder-ogg-theora: a1e56fd34408186e4bbccfd4996cb3dc -> 
  custom:scripting/monoscript/fileName/gameQuit.cs: 381d941fd2788eebf77d8cb6f70ef3c2 -> 7382bf7b61ded40b83716f0378898bfe
  custom:framework-win-MediaFoundation: 216162199b28c13a410421893ffa2e32 -> 
  custom:scripting/monoscript/fileName/nextscene.cs: 71d4e97111f2ccfb6469eaa5c15852fd -> 7f36a7078f337f359827de0bfa973d17
  custom:scripting/monoscript/fileName/MoveCamera.cs: 0ba2c6a4ff0b26c3b5d913ad712bdbcf -> 4cac7d10977ef19e1f3dcb198cffecc9
  custom:scripting/monoscript/fileName/PlayerController.cs: d93a52a180fbbe603a59e9aa6da73c83 -> 
  custom:scripting/monoscript/fileName/GrapplingGun.cs: c6f63c2bc0100b9f6daba303de7e6391 -> 77176f16d51127b7327ebe60da444b1b
  custom:CustomObjectIndexerAttribute: 72b91833f83ae208fae7752999fa3104 -> 
  custom:container-demuxer-webm: 4f35f7cbe854078d1ac9338744f61a02 -> 
  custom:container-muxer-webm: aa71ff27fc2769a1b78a27578f13a17b -> 
  custom:video-decoder-webm-vp8: 9c59270c3fd7afecdb556c50c9e8de78 -> 
  custom:SearchIndexIgnoredProperties: e643bd26f0fe6173181afceb89e7c659 -> 
  custom:AudioImporter_EditorPlatform: d09bf68614088b80899f8185d706f6e7 -> 
  custom:scripting/monoscript/fileName/NewSceneTemplatePipeline.cs: b6f58a58324aadcdeb2ef714546683e7 -> 
  custom:scripting/monoscript/fileName/CursorState.cs: d9334e78ca93c8a76e4ffabba9acbc96 -> 18edcf0e60018a5a6aafd91b55f4838d
  custom:video-encoder-webm-vp8: eb34c28f22e8b96e1ab97ce403110664 -> 
  custom:audio-decoder-ogg-vorbis: bf7c407c2cedff20999df2af8eb42d56 -> 
  custom:scripting/monoscript/fileName/SoundPlayer.cs: 475d88b9df1544d8382efdce1bccce36 -> de8f3d4c96b446794089a8747c7618fc
  custom:scripting/monoscript/fileName/RotateGun.cs: 990b299e558ef4062b64873ad76f8048 -> eb2e4494e6808171dca4a2e27cab19b6
  custom:audio-encoder-webm-vorbis: bf7c407c2cedff20999df2af8eb42d56 -> 
  custom:scripting/monoscript/fileName/GameRespawn.cs: 4e16be644a2a6965abf6e4d660a3f3d9 -> de38c5bfa9c430c63979501321be442e
  custom:scripting/monoscript/fileName/Outline.cs: 09c84349353572281e22293c31aa1a93 -> 5cc4e1f72e41e12efce0db8381204c45
  custom:scripting/precompiled-assembly-types:Assembly-CSharp: 169f1983b77ad0e9e4946b499d34a09a -> 9e68c45226702739bda24919f6288cd1
========================================================================
Received Prepare
Caller must complete domain reload
Begin MonoManager ReloadAssembly
- Loaded All Assemblies, in  0.468 seconds
Native extension for WindowsStandalone target not found
Mono: successfully reloaded assembly
- Finished resetting the current domain, in  1.679 seconds
Domain Reload Profiling: 2143ms
	BeginReloadAssembly (138ms)
		ExecutionOrderSort (0ms)
		DisableScriptedObjects (3ms)
		BackupInstance (0ms)
		ReleaseScriptingObjects (0ms)
		CreateAndSetChildDomain (28ms)
	RebuildCommonClasses (26ms)
	RebuildNativeTypeToScriptingClass (9ms)
	initialDomainReloadingComplete (32ms)
	LoadAllAssembliesAndSetupDomain (258ms)
		LoadAssemblies (318ms)
		RebuildTransferFunctionScriptingTraits (0ms)
		AnalyzeDomain (16ms)
			TypeCache.Refresh (5ms)
				TypeCache.ScanAssembly (0ms)
			ScanForSourceGeneratedMonoScriptInfo (0ms)
			ResolveRequiredComponents (9ms)
	FinalizeReload (1680ms)
		ReleaseScriptCaches (0ms)
		RebuildScriptCaches (0ms)
		SetupLoadedEditorAssemblies (460ms)
			LogAssemblyErrors (0ms)
			InitializePlatformSupportModulesInManaged (6ms)
			SetLoadedEditorAssemblies (4ms)
			RefreshPlugins (0ms)
			BeforeProcessingInitializeOnLoad (85ms)
			ProcessInitializeOnLoadAttributes (287ms)
			ProcessInitializeOnLoadMethodAttributes (69ms)
			AfterProcessingInitializeOnLoad (9ms)
			EditorAssembliesLoaded (0ms)
		ExecutionOrderSort2 (0ms)
		AwakeInstancesAfterBackupRestoration (8ms)
Refreshing native plugins compatible for Editor in 9.37 ms, found 3 plugins.
Preloading 0 native plugins for Editor in 0.00 ms.
Unloading 5275 Unused Serialized files (Serialized files now loaded: 0)
Unloading 24 unused Assets / (0.8 MB). Loaded Objects now: 5971.
Memory consumption went from 188.5 MB to 187.8 MB.
Total: 4.769900 ms (FindLiveObjects: 0.553100 ms CreateObjectMapping: 0.380600 ms MarkObjects: 3.360100 ms  DeleteObjects: 0.474900 ms)

Prepare: number of updated asset objects reloaded= 0
AssetImportParameters requested are different than current active one (requested -> active):
  custom:scripting/monoscript/fileName/PlayerControllerScript.cs: 611bee229e14d5c3cba5401576a48eca -> f320e68d7cf9bae2bd97d30ef6b6fc9f
  custom:container-demuxer-ogg: 62fdf1f143b41e24485cea50d1cbac27 -> 
  custom:scripting/monoscript/fileName/Menu.cs: 0e1575f508e60d6d9d2287980b1e9d59 -> 6a6b6f10406332b78ded19ddc96541c7
  custom:video-codec-MediaFoundation-h265: 746d11721c4dcdbdad8f713fa42b33f4 -> 
  custom:video-decoder-ogg-theora: a1e56fd34408186e4bbccfd4996cb3dc -> 
  custom:scripting/monoscript/fileName/gameQuit.cs: 381d941fd2788eebf77d8cb6f70ef3c2 -> 7382bf7b61ded40b83716f0378898bfe
  custom:framework-win-MediaFoundation: 216162199b28c13a410421893ffa2e32 -> 
  custom:scripting/monoscript/fileName/nextscene.cs: 71d4e97111f2ccfb6469eaa5c15852fd -> 7f36a7078f337f359827de0bfa973d17
  custom:scripting/monoscript/fileName/MoveCamera.cs: 0ba2c6a4ff0b26c3b5d913ad712bdbcf -> 4cac7d10977ef19e1f3dcb198cffecc9
  custom:scripting/monoscript/fileName/PlayerController.cs: d93a52a180fbbe603a59e9aa6da73c83 -> 
  custom:scripting/monoscript/fileName/GrapplingGun.cs: c6f63c2bc0100b9f6daba303de7e6391 -> 77176f16d51127b7327ebe60da444b1b
  custom:CustomObjectIndexerAttribute: 72b91833f83ae208fae7752999fa3104 -> 
  custom:container-demuxer-webm: 4f35f7cbe854078d1ac9338744f61a02 -> 
  custom:container-muxer-webm: aa71ff27fc2769a1b78a27578f13a17b -> 
  custom:video-decoder-webm-vp8: 9c59270c3fd7afecdb556c50c9e8de78 -> 
  custom:SearchIndexIgnoredProperties: e643bd26f0fe6173181afceb89e7c659 -> 
  custom:AudioImporter_EditorPlatform: d09bf68614088b80899f8185d706f6e7 -> 
  custom:scripting/monoscript/fileName/NewSceneTemplatePipeline.cs: b6f58a58324aadcdeb2ef714546683e7 -> 
  custom:scripting/monoscript/fileName/CursorState.cs: d9334e78ca93c8a76e4ffabba9acbc96 -> 18edcf0e60018a5a6aafd91b55f4838d
  custom:video-encoder-webm-vp8: eb34c28f22e8b96e1ab97ce403110664 -> 
  custom:audio-decoder-ogg-vorbis: bf7c407c2cedff20999df2af8eb42d56 -> 
  custom:scripting/monoscript/fileName/SoundPlayer.cs: 475d88b9df1544d8382efdce1bccce36 -> de8f3d4c96b446794089a8747c7618fc
  custom:scripting/monoscript/fileName/RotateGun.cs: 990b299e558ef4062b64873ad76f8048 -> eb2e4494e6808171dca4a2e27cab19b6
  custom:audio-encoder-webm-vorbis: bf7c407c2cedff20999df2af8eb42d56 -> 
  custom:scripting/monoscript/fileName/GameRespawn.cs: 4e16be644a2a6965abf6e4d660a3f3d9 -> de38c5bfa9c430c63979501321be442e
  custom:scripting/monoscript/fileName/Outline.cs: 09c84349353572281e22293c31aa1a93 -> 5cc4e1f72e41e12efce0db8381204c45
  custom:scripting/precompiled-assembly-types:Assembly-CSharp: 169f1983b77ad0e9e4946b499d34a09a -> 9e68c45226702739bda24919f6288cd1
========================================================================
Received Prepare
Caller must complete domain reload
Begin MonoManager ReloadAssembly
- Loaded All Assemblies, in  0.502 seconds
Native extension for WindowsStandalone target not found
Mono: successfully reloaded assembly
- Finished resetting the current domain, in  1.684 seconds
Domain Reload Profiling: 2183ms
	BeginReloadAssembly (143ms)
		ExecutionOrderSort (0ms)
		DisableScriptedObjects (3ms)
		BackupInstance (0ms)
		ReleaseScriptingObjects (0ms)
		CreateAndSetChildDomain (28ms)
	RebuildCommonClasses (28ms)
	RebuildNativeTypeToScriptingClass (10ms)
	initialDomainReloadingComplete (30ms)
	LoadAllAssembliesAndSetupDomain (287ms)
		LoadAssemblies (349ms)
		RebuildTransferFunctionScriptingTraits (0ms)
		AnalyzeDomain (16ms)
			TypeCache.Refresh (5ms)
				TypeCache.ScanAssembly (0ms)
			ScanForSourceGeneratedMonoScriptInfo (0ms)
			ResolveRequiredComponents (8ms)
	FinalizeReload (1685ms)
		ReleaseScriptCaches (0ms)
		RebuildScriptCaches (0ms)
		SetupLoadedEditorAssemblies (458ms)
			LogAssemblyErrors (0ms)
			InitializePlatformSupportModulesInManaged (6ms)
			SetLoadedEditorAssemblies (4ms)
			RefreshPlugins (0ms)
			BeforeProcessingInitializeOnLoad (86ms)
			ProcessInitializeOnLoadAttributes (287ms)
			ProcessInitializeOnLoadMethodAttributes (66ms)
			AfterProcessingInitializeOnLoad (9ms)
			EditorAssembliesLoaded (0ms)
		ExecutionOrderSort2 (0ms)
		AwakeInstancesAfterBackupRestoration (7ms)
Refreshing native plugins compatible for Editor in 8.10 ms, found 3 plugins.
Preloading 0 native plugins for Editor in 0.00 ms.
Unloading 5275 Unused Serialized files (Serialized files now loaded: 0)
Unloading 24 unused Assets / (0.7 MB). Loaded Objects now: 5974.
Memory consumption went from 188.5 MB to 187.8 MB.
Total: 3.541000 ms (FindLiveObjects: 0.380700 ms CreateObjectMapping: 0.158000 ms MarkObjects: 2.627200 ms  DeleteObjects: 0.374400 ms)

Prepare: number of updated asset objects reloaded= 0
AssetImportParameters requested are different than current active one (requested -> active):
  custom:scripting/monoscript/fileName/PlayerControllerScript.cs: 611bee229e14d5c3cba5401576a48eca -> f320e68d7cf9bae2bd97d30ef6b6fc9f
  custom:container-demuxer-ogg: 62fdf1f143b41e24485cea50d1cbac27 -> 
  custom:scripting/monoscript/fileName/Menu.cs: 0e1575f508e60d6d9d2287980b1e9d59 -> 6a6b6f10406332b78ded19ddc96541c7
  custom:video-codec-MediaFoundation-h265: 746d11721c4dcdbdad8f713fa42b33f4 -> 
  custom:video-decoder-ogg-theora: a1e56fd34408186e4bbccfd4996cb3dc -> 
  custom:scripting/monoscript/fileName/gameQuit.cs: 381d941fd2788eebf77d8cb6f70ef3c2 -> 7382bf7b61ded40b83716f0378898bfe
  custom:framework-win-MediaFoundation: 216162199b28c13a410421893ffa2e32 -> 
  custom:scripting/monoscript/fileName/nextscene.cs: 71d4e97111f2ccfb6469eaa5c15852fd -> 7f36a7078f337f359827de0bfa973d17
  custom:scripting/monoscript/fileName/MoveCamera.cs: 0ba2c6a4ff0b26c3b5d913ad712bdbcf -> 4cac7d10977ef19e1f3dcb198cffecc9
  custom:scripting/monoscript/fileName/PlayerController.cs: d93a52a180fbbe603a59e9aa6da73c83 -> 
  custom:scripting/monoscript/fileName/GrapplingGun.cs: c6f63c2bc0100b9f6daba303de7e6391 -> 77176f16d51127b7327ebe60da444b1b
  custom:CustomObjectIndexerAttribute: 72b91833f83ae208fae7752999fa3104 -> 
  custom:container-demuxer-webm: 4f35f7cbe854078d1ac9338744f61a02 -> 
  custom:container-muxer-webm: aa71ff27fc2769a1b78a27578f13a17b -> 
  custom:video-decoder-webm-vp8: 9c59270c3fd7afecdb556c50c9e8de78 -> 
  custom:SearchIndexIgnoredProperties: e643bd26f0fe6173181afceb89e7c659 -> 
  custom:AudioImporter_EditorPlatform: d09bf68614088b80899f8185d706f6e7 -> 
  custom:scripting/monoscript/fileName/NewSceneTemplatePipeline.cs: b6f58a58324aadcdeb2ef714546683e7 -> 
  custom:scripting/monoscript/fileName/CursorState.cs: d9334e78ca93c8a76e4ffabba9acbc96 -> 18edcf0e60018a5a6aafd91b55f4838d
  custom:video-encoder-webm-vp8: eb34c28f22e8b96e1ab97ce403110664 -> 
  custom:audio-decoder-ogg-vorbis: bf7c407c2cedff20999df2af8eb42d56 -> 
  custom:scripting/monoscript/fileName/SoundPlayer.cs: 475d88b9df1544d8382efdce1bccce36 -> de8f3d4c96b446794089a8747c7618fc
  custom:scripting/monoscript/fileName/RotateGun.cs: 990b299e558ef4062b64873ad76f8048 -> eb2e4494e6808171dca4a2e27cab19b6
  custom:audio-encoder-webm-vorbis: bf7c407c2cedff20999df2af8eb42d56 -> 
  custom:scripting/monoscript/fileName/GameRespawn.cs: 4e16be644a2a6965abf6e4d660a3f3d9 -> de38c5bfa9c430c63979501321be442e
  custom:scripting/monoscript/fileName/Outline.cs: 09c84349353572281e22293c31aa1a93 -> 5cc4e1f72e41e12efce0db8381204c45
  custom:scripting/precompiled-assembly-types:Assembly-CSharp: 169f1983b77ad0e9e4946b499d34a09a -> 9e68c45226702739bda24919f6288cd1
========================================================================
Received Prepare
Caller must complete domain reload
Begin MonoManager ReloadAssembly
- Loaded All Assemblies, in  0.513 seconds
Native extension for WindowsStandalone target not found
Mono: successfully reloaded assembly
- Finished resetting the current domain, in  1.534 seconds
Domain Reload Profiling: 2042ms
	BeginReloadAssembly (148ms)
		ExecutionOrderSort (0ms)
		DisableScriptedObjects (3ms)
		BackupInstance (0ms)
		ReleaseScriptingObjects (0ms)
		CreateAndSetChildDomain (30ms)
	RebuildCommonClasses (27ms)
	RebuildNativeTypeToScriptingClass (10ms)
	initialDomainReloadingComplete (29ms)
	LoadAllAssembliesAndSetupDomain (295ms)
		LoadAssemblies (335ms)
		RebuildTransferFunctionScriptingTraits (0ms)
		AnalyzeDomain (39ms)
			TypeCache.Refresh (10ms)
				TypeCache.ScanAssembly (0ms)
			ScanForSourceGeneratedMonoScriptInfo (18ms)
			ResolveRequiredComponents (9ms)
	FinalizeReload (1534ms)
		ReleaseScriptCaches (0ms)
		RebuildScriptCaches (0ms)
		SetupLoadedEditorAssemblies (417ms)
			LogAssemblyErrors (0ms)
			InitializePlatformSupportModulesInManaged (5ms)
			SetLoadedEditorAssemblies (4ms)
			RefreshPlugins (0ms)
			BeforeProcessingInitializeOnLoad (75ms)
			ProcessInitializeOnLoadAttributes (268ms)
			ProcessInitializeOnLoadMethodAttributes (58ms)
			AfterProcessingInitializeOnLoad (7ms)
			EditorAssembliesLoaded (0ms)
		ExecutionOrderSort2 (0ms)
		AwakeInstancesAfterBackupRestoration (6ms)
Refreshing native plugins compatible for Editor in 7.54 ms, found 3 plugins.
Preloading 0 native plugins for Editor in 0.00 ms.
Unloading 5275 Unused Serialized files (Serialized files now loaded: 0)
Unloading 24 unused Assets / (0.7 MB). Loaded Objects now: 5977.
Memory consumption went from 188.5 MB to 187.8 MB.
Total: 3.255600 ms (FindLiveObjects: 0.344500 ms CreateObjectMapping: 0.245200 ms MarkObjects: 2.344700 ms  DeleteObjects: 0.320500 ms)

Prepare: number of updated asset objects reloaded= 0
AssetImportParameters requested are different than current active one (requested -> active):
  custom:scripting/monoscript/fileName/PlayerControllerScript.cs: 611bee229e14d5c3cba5401576a48eca -> f320e68d7cf9bae2bd97d30ef6b6fc9f
  custom:container-demuxer-ogg: 62fdf1f143b41e24485cea50d1cbac27 -> 
  custom:scripting/monoscript/fileName/Menu.cs: 0e1575f508e60d6d9d2287980b1e9d59 -> 6a6b6f10406332b78ded19ddc96541c7
  custom:video-codec-MediaFoundation-h265: 746d11721c4dcdbdad8f713fa42b33f4 -> 
  custom:video-decoder-ogg-theora: a1e56fd34408186e4bbccfd4996cb3dc -> 
  custom:scripting/monoscript/fileName/gameQuit.cs: 381d941fd2788eebf77d8cb6f70ef3c2 -> 7382bf7b61ded40b83716f0378898bfe
  custom:framework-win-MediaFoundation: 216162199b28c13a410421893ffa2e32 -> 
  custom:scripting/monoscript/fileName/nextscene.cs: 71d4e97111f2ccfb6469eaa5c15852fd -> 7f36a7078f337f359827de0bfa973d17
  custom:scripting/monoscript/fileName/MoveCamera.cs: 0ba2c6a4ff0b26c3b5d913ad712bdbcf -> 4cac7d10977ef19e1f3dcb198cffecc9
  custom:scripting/monoscript/fileName/PlayerController.cs: d93a52a180fbbe603a59e9aa6da73c83 -> 
  custom:scripting/monoscript/fileName/GrapplingGun.cs: c6f63c2bc0100b9f6daba303de7e6391 -> 77176f16d51127b7327ebe60da444b1b
  custom:CustomObjectIndexerAttribute: 72b91833f83ae208fae7752999fa3104 -> 
  custom:container-demuxer-webm: 4f35f7cbe854078d1ac9338744f61a02 -> 
  custom:container-muxer-webm: aa71ff27fc2769a1b78a27578f13a17b -> 
  custom:video-decoder-webm-vp8: 9c59270c3fd7afecdb556c50c9e8de78 -> 
  custom:SearchIndexIgnoredProperties: e643bd26f0fe6173181afceb89e7c659 -> 
  custom:AudioImporter_EditorPlatform: d09bf68614088b80899f8185d706f6e7 -> 
  custom:scripting/monoscript/fileName/NewSceneTemplatePipeline.cs: b6f58a58324aadcdeb2ef714546683e7 -> 
  custom:scripting/monoscript/fileName/CursorState.cs: d9334e78ca93c8a76e4ffabba9acbc96 -> 18edcf0e60018a5a6aafd91b55f4838d
  custom:video-encoder-webm-vp8: eb34c28f22e8b96e1ab97ce403110664 -> 
  custom:audio-decoder-ogg-vorbis: bf7c407c2cedff20999df2af8eb42d56 -> 
  custom:scripting/monoscript/fileName/SoundPlayer.cs: 475d88b9df1544d8382efdce1bccce36 -> de8f3d4c96b446794089a8747c7618fc
  custom:scripting/monoscript/fileName/RotateGun.cs: 990b299e558ef4062b64873ad76f8048 -> eb2e4494e6808171dca4a2e27cab19b6
  custom:audio-encoder-webm-vorbis: bf7c407c2cedff20999df2af8eb42d56 -> 
  custom:scripting/monoscript/fileName/GameRespawn.cs: 4e16be644a2a6965abf6e4d660a3f3d9 -> de38c5bfa9c430c63979501321be442e
  custom:scripting/monoscript/fileName/Outline.cs: 09c84349353572281e22293c31aa1a93 -> 5cc4e1f72e41e12efce0db8381204c45
  custom:scripting/precompiled-assembly-types:Assembly-CSharp: 169f1983b77ad0e9e4946b499d34a09a -> 9e68c45226702739bda24919f6288cd1
========================================================================
Received Prepare
Caller must complete domain reload
Begin MonoManager ReloadAssembly
- Loaded All Assemblies, in  0.465 seconds
Native extension for WindowsStandalone target not found
Mono: successfully reloaded assembly
- Finished resetting the current domain, in  1.666 seconds
Domain Reload Profiling: 2128ms
	BeginReloadAssembly (147ms)
		ExecutionOrderSort (0ms)
		DisableScriptedObjects (3ms)
		BackupInstance (0ms)
		ReleaseScriptingObjects (0ms)
		CreateAndSetChildDomain (30ms)
	RebuildCommonClasses (25ms)
	RebuildNativeTypeToScriptingClass (9ms)
	initialDomainReloadingComplete (29ms)
	LoadAllAssembliesAndSetupDomain (251ms)
		LoadAssemblies (316ms)
		RebuildTransferFunctionScriptingTraits (0ms)
		AnalyzeDomain (16ms)
			TypeCache.Refresh (5ms)
				TypeCache.ScanAssembly (0ms)
			ScanForSourceGeneratedMonoScriptInfo (0ms)
			ResolveRequiredComponents (9ms)
	FinalizeReload (1667ms)
		ReleaseScriptCaches (0ms)
		RebuildScriptCaches (0ms)
		SetupLoadedEditorAssemblies (459ms)
			LogAssemblyErrors (0ms)
			InitializePlatformSupportModulesInManaged (6ms)
			SetLoadedEditorAssemblies (5ms)
			RefreshPlugins (0ms)
			BeforeProcessingInitializeOnLoad (81ms)
			ProcessInitializeOnLoadAttributes (289ms)
			ProcessInitializeOnLoadMethodAttributes (69ms)
			AfterProcessingInitializeOnLoad (8ms)
			EditorAssembliesLoaded (0ms)
		ExecutionOrderSort2 (0ms)
		AwakeInstancesAfterBackupRestoration (9ms)
Refreshing native plugins compatible for Editor in 8.52 ms, found 3 plugins.
Preloading 0 native plugins for Editor in 0.00 ms.
Unloading 5275 Unused Serialized files (Serialized files now loaded: 0)
Unloading 24 unused Assets / (0.7 MB). Loaded Objects now: 5980.
Memory consumption went from 188.5 MB to 187.8 MB.
Total: 4.429400 ms (FindLiveObjects: 0.606900 ms CreateObjectMapping: 0.217700 ms MarkObjects: 3.133900 ms  DeleteObjects: 0.470100 ms)

Prepare: number of updated asset objects reloaded= 0
AssetImportParameters requested are different than current active one (requested -> active):
  custom:scripting/monoscript/fileName/PlayerControllerScript.cs: 611bee229e14d5c3cba5401576a48eca -> f320e68d7cf9bae2bd97d30ef6b6fc9f
  custom:container-demuxer-ogg: 62fdf1f143b41e24485cea50d1cbac27 -> 
  custom:scripting/monoscript/fileName/Menu.cs: 0e1575f508e60d6d9d2287980b1e9d59 -> 6a6b6f10406332b78ded19ddc96541c7
  custom:video-codec-MediaFoundation-h265: 746d11721c4dcdbdad8f713fa42b33f4 -> 
  custom:video-decoder-ogg-theora: a1e56fd34408186e4bbccfd4996cb3dc -> 
  custom:scripting/monoscript/fileName/gameQuit.cs: 381d941fd2788eebf77d8cb6f70ef3c2 -> 7382bf7b61ded40b83716f0378898bfe
  custom:framework-win-MediaFoundation: 216162199b28c13a410421893ffa2e32 -> 
  custom:scripting/monoscript/fileName/nextscene.cs: 71d4e97111f2ccfb6469eaa5c15852fd -> 7f36a7078f337f359827de0bfa973d17
  custom:scripting/monoscript/fileName/MoveCamera.cs: 0ba2c6a4ff0b26c3b5d913ad712bdbcf -> 4cac7d10977ef19e1f3dcb198cffecc9
  custom:scripting/monoscript/fileName/PlayerController.cs: d93a52a180fbbe603a59e9aa6da73c83 -> 
  custom:scripting/monoscript/fileName/GrapplingGun.cs: c6f63c2bc0100b9f6daba303de7e6391 -> 77176f16d51127b7327ebe60da444b1b
  custom:CustomObjectIndexerAttribute: 72b91833f83ae208fae7752999fa3104 -> 
  custom:container-demuxer-webm: 4f35f7cbe854078d1ac9338744f61a02 -> 
  custom:container-muxer-webm: aa71ff27fc2769a1b78a27578f13a17b -> 
  custom:video-decoder-webm-vp8: 9c59270c3fd7afecdb556c50c9e8de78 -> 
  custom:SearchIndexIgnoredProperties: e643bd26f0fe6173181afceb89e7c659 -> 
  custom:AudioImporter_EditorPlatform: d09bf68614088b80899f8185d706f6e7 -> 
  custom:scripting/monoscript/fileName/NewSceneTemplatePipeline.cs: b6f58a58324aadcdeb2ef714546683e7 -> 
  custom:scripting/monoscript/fileName/CursorState.cs: d9334e78ca93c8a76e4ffabba9acbc96 -> 18edcf0e60018a5a6aafd91b55f4838d
  custom:video-encoder-webm-vp8: eb34c28f22e8b96e1ab97ce403110664 -> 
  custom:audio-decoder-ogg-vorbis: bf7c407c2cedff20999df2af8eb42d56 -> 
  custom:scripting/monoscript/fileName/SoundPlayer.cs: 475d88b9df1544d8382efdce1bccce36 -> de8f3d4c96b446794089a8747c7618fc
  custom:scripting/monoscript/fileName/RotateGun.cs: 990b299e558ef4062b64873ad76f8048 -> eb2e4494e6808171dca4a2e27cab19b6
  custom:audio-encoder-webm-vorbis: bf7c407c2cedff20999df2af8eb42d56 -> 
  custom:scripting/monoscript/fileName/GameRespawn.cs: 4e16be644a2a6965abf6e4d660a3f3d9 -> de38c5bfa9c430c63979501321be442e
  custom:scripting/monoscript/fileName/Outline.cs: 09c84349353572281e22293c31aa1a93 -> 5cc4e1f72e41e12efce0db8381204c45
  custom:scripting/precompiled-assembly-types:Assembly-CSharp: 169f1983b77ad0e9e4946b499d34a09a -> 9e68c45226702739bda24919f6288cd1
========================================================================
Received Prepare
Caller must complete domain reload
Begin MonoManager ReloadAssembly
- Loaded All Assemblies, in  0.495 seconds
Native extension for WindowsStandalone target not found
Mono: successfully reloaded assembly
- Finished resetting the current domain, in  1.863 seconds
Domain Reload Profiling: 2354ms
	BeginReloadAssembly (159ms)
		ExecutionOrderSort (0ms)
		DisableScriptedObjects (3ms)
		BackupInstance (0ms)
		ReleaseScriptingObjects (0ms)
		CreateAndSetChildDomain (29ms)
	RebuildCommonClasses (29ms)
	RebuildNativeTypeToScriptingClass (9ms)
	initialDomainReloadingComplete (30ms)
	LoadAllAssembliesAndSetupDomain (264ms)
		LoadAssemblies (338ms)
		RebuildTransferFunctionScriptingTraits (0ms)
		AnalyzeDomain (19ms)
			TypeCache.Refresh (6ms)
				TypeCache.ScanAssembly (0ms)
			ScanForSourceGeneratedMonoScriptInfo (0ms)
			ResolveRequiredComponents (11ms)
	FinalizeReload (1863ms)
		ReleaseScriptCaches (0ms)
		RebuildScriptCaches (0ms)
		SetupLoadedEditorAssemblies (481ms)
			LogAssemblyErrors (0ms)
			InitializePlatformSupportModulesInManaged (7ms)
			SetLoadedEditorAssemblies (5ms)
			RefreshPlugins (0ms)
			BeforeProcessingInitializeOnLoad (94ms)
			ProcessInitializeOnLoadAttributes (299ms)
			ProcessInitializeOnLoadMethodAttributes (69ms)
			AfterProcessingInitializeOnLoad (8ms)
			EditorAssembliesLoaded (0ms)
		ExecutionOrderSort2 (0ms)
		AwakeInstancesAfterBackupRestoration (8ms)
Refreshing native plugins compatible for Editor in 9.12 ms, found 3 plugins.
Preloading 0 native plugins for Editor in 0.00 ms.
Unloading 5275 Unused Serialized files (Serialized files now loaded: 0)
Unloading 24 unused Assets / (0.7 MB). Loaded Objects now: 5983.
Memory consumption went from 188.5 MB to 187.8 MB.
Total: 3.391800 ms (FindLiveObjects: 0.334800 ms CreateObjectMapping: 0.136700 ms MarkObjects: 2.584000 ms  DeleteObjects: 0.335600 ms)

Prepare: number of updated asset objects reloaded= 0
AssetImportParameters requested are different than current active one (requested -> active):
  custom:scripting/monoscript/fileName/PlayerControllerScript.cs: 611bee229e14d5c3cba5401576a48eca -> f320e68d7cf9bae2bd97d30ef6b6fc9f
  custom:container-demuxer-ogg: 62fdf1f143b41e24485cea50d1cbac27 -> 
  custom:scripting/monoscript/fileName/Menu.cs: 0e1575f508e60d6d9d2287980b1e9d59 -> 6a6b6f10406332b78ded19ddc96541c7
  custom:video-codec-MediaFoundation-h265: 746d11721c4dcdbdad8f713fa42b33f4 -> 
  custom:video-decoder-ogg-theora: a1e56fd34408186e4bbccfd4996cb3dc -> 
  custom:scripting/monoscript/fileName/gameQuit.cs: 381d941fd2788eebf77d8cb6f70ef3c2 -> 7382bf7b61ded40b83716f0378898bfe
  custom:framework-win-MediaFoundation: 216162199b28c13a410421893ffa2e32 -> 
  custom:scripting/monoscript/fileName/nextscene.cs: 71d4e97111f2ccfb6469eaa5c15852fd -> 7f36a7078f337f359827de0bfa973d17
  custom:scripting/monoscript/fileName/MoveCamera.cs: 0ba2c6a4ff0b26c3b5d913ad712bdbcf -> 4cac7d10977ef19e1f3dcb198cffecc9
  custom:scripting/monoscript/fileName/PlayerController.cs: d93a52a180fbbe603a59e9aa6da73c83 -> 
  custom:scripting/monoscript/fileName/GrapplingGun.cs: c6f63c2bc0100b9f6daba303de7e6391 -> 77176f16d51127b7327ebe60da444b1b
  custom:CustomObjectIndexerAttribute: 72b91833f83ae208fae7752999fa3104 -> 
  custom:container-demuxer-webm: 4f35f7cbe854078d1ac9338744f61a02 -> 
  custom:container-muxer-webm: aa71ff27fc2769a1b78a27578f13a17b -> 
  custom:video-decoder-webm-vp8: 9c59270c3fd7afecdb556c50c9e8de78 -> 
  custom:SearchIndexIgnoredProperties: e643bd26f0fe6173181afceb89e7c659 -> 
  custom:AudioImporter_EditorPlatform: d09bf68614088b80899f8185d706f6e7 -> 
  custom:scripting/monoscript/fileName/NewSceneTemplatePipeline.cs: b6f58a58324aadcdeb2ef714546683e7 -> 
  custom:scripting/monoscript/fileName/CursorState.cs: d9334e78ca93c8a76e4ffabba9acbc96 -> 18edcf0e60018a5a6aafd91b55f4838d
  custom:video-encoder-webm-vp8: eb34c28f22e8b96e1ab97ce403110664 -> 
  custom:audio-decoder-ogg-vorbis: bf7c407c2cedff20999df2af8eb42d56 -> 
  custom:scripting/monoscript/fileName/SoundPlayer.cs: 475d88b9df1544d8382efdce1bccce36 -> de8f3d4c96b446794089a8747c7618fc
  custom:scripting/monoscript/fileName/RotateGun.cs: 990b299e558ef4062b64873ad76f8048 -> eb2e4494e6808171dca4a2e27cab19b6
  custom:audio-encoder-webm-vorbis: bf7c407c2cedff20999df2af8eb42d56 -> 
  custom:scripting/monoscript/fileName/GameRespawn.cs: 4e16be644a2a6965abf6e4d660a3f3d9 -> de38c5bfa9c430c63979501321be442e
  custom:scripting/monoscript/fileName/Outline.cs: 09c84349353572281e22293c31aa1a93 -> 5cc4e1f72e41e12efce0db8381204c45
  custom:scripting/precompiled-assembly-types:Assembly-CSharp: 169f1983b77ad0e9e4946b499d34a09a -> 9e68c45226702739bda24919f6288cd1
